first_name,last_name
Надежда,Свиридова
Арина,Латышева
Егор,Березин
Даниил,Басов
Артемий,Коршунов
Юрий,Вишневский
Василий,Малинин
Василиса,Колесникова
Антонина,Фомина
Ксения,Серова
Артемий,Розанов
Мила,Попова
Сергей,Носков
Марина,Киреева
Яна,Белкина
Наталья,Леонтьева
Мирослав,Ершов
Арина,Логинова
Леон,Цветков
Александра,Калачева
Кристина,Борисова
Маргарита,Титова
Лука,Золотов
Майя,Лобанова
Ярослав,Горелов
Яна,Уткина
Кирилл,Иванов
Вячеслав,Акимов
Вероника,Белоусова
Милена,Шестакова
Юрий,Шаповалов
Тимофей,Михеев
Вероника,Тихонова
Ксения,Ситникова
Злата,Малахова
Всеволод,Евсеев
Карина,Цветкова
Мирослав,Косарев
Лидия,Чернышева
Милена,Овсянникова
Полина,Пахомова
Савелий,Казаков
Маргарита,Сотникова
Серафима,Артамонова
Мария,Митрофанова
Серафима,Галкина
Степан,Лукин
Маргарита,Царева
Степан,Коровин
Роман,Зеленин
Даниил,Герасимов
Роман,Дмитриев
Карина,Филимонова
Савва,Бессонов
Святослав,Парфенов
Алексей,Сахаров
Мирослава,Козлова
Дарина,Назарова
Вероника,Колосова
Марат,Самсонов
Светлана,Фетисова
Арина,Майорова
Никита,Павлов
Демид,Фирсов
Савва,Коротков
Лев,Зверев
Василий,Михеев
Кристина,Кукушкина
Алиса,Туманова
Надежда,Касаткина
Александр,Чесноков
Лев,Иванов
Мирон,Матвеев
Пётр,Петров
Василиса,Дементьева
Михаил,Лобанов
Ярослав,Панин
Дмитрий,Богомолов
Егор,Агафонов
Руслан,Буров
Ян,Лукьянов
Виктория,Панкратова
Марина,Корнилова
Елисей,Орлов
Макар,Фирсов
Евгений,Мещеряков
Алиса,Петрова
Борис,Данилов
Ян,Иванов
Варвара,Ермолаева
Алиса,Жарова
Ольга,Савицкая
Валерия,Громова
Алиса,Козырева
Мирон,Лазарев
Евгений,Пономарев
Константин,Завьялов
Сергей,Субботин
Руслан,Харитонов
Кирилл,Сорокин
Любовь,Воронина
Алексей,Еремеев
Зоя,Чистякова
Вера,Клюева
Ульяна,Мальцева
Серафима,Голубева
Вера,Золотарева
Тихон,Богомолов
Тихон,Майоров
Лука,Тарасов
Серафима,Емельянова
Илья,Игнатов
Егор,Гордеев
Мирослав,Кондратьев
Дмитрий,Игнатьев
Григорий,Поздняков
Кира,Корнилова
Антон,Щеглов
Милена,Цветкова
Лев,Богданов
Милана,Зубова
Святослав,Крюков
Алёна,Ларина
Родион,Марков
Карина,Павлова
Станислав,Андреев
Таисия,Соловьева
Анатолий,Харитонов
Николай,Галкин
Роберт,Пономарев
Макар,Тимофеев
Евгений,Матвеев
Савва,Кочергин
Наталья,Пантелеева
Владимир,Зеленин
Василий,Лавров
Валентина,Комарова
Злата,Самсонова
Константин,Сорокин
Светлана,Кондратьева
Яна,Добрынина
Екатерина,Соловьева
Григорий,Потапов
Карина,Зимина
Надежда,Вдовина
Вячеслав,Шапошников
Вера,Терехова
Надежда,Шмелева
Ангелина,Михайлова
Елисей,Кондратьев
Вячеслав,Алехин
Константин,Митрофанов
Александра,Курочкина
Кира,Рубцова
Ярослав,Кулаков
Юлия,Беспалова
Наталья,Панова
Мия,Прохорова
Михаил,Олейников
Михаил,Цветков
Марк,Герасимов
Леонид,Соколов
Светлана,Дорофеева
Николай,Малышев
Леонид,Белов
Артемий,Денисов
Анатолий,Шевцов
Константин,Грибов
Мария,Мухина
Ника,Евдокимова
Маргарита,Басова
Алёна,Мальцева
София,Зайцева
Максим,Латышев
Марина,Дубровина
Яна,Озерова
Анастасия,Зеленина
Милана,Ткачева
Анастасия,Щеглова
Серафим,Хохлов
Василий,Кудряшов
Виктор,Плотников
Владислава,Вешнякова
Любовь,Калмыкова
Макар,Макаров
Константин,Емельянов
Дарина,Горбачева
Антонина,Волкова
Лука,Лапшин
Василиса,Лосева
Майя,Михеева
Ян,Виноградов
Вячеслав,Тарасов
Валерий,Сальников
Артемий,Демидов
Ника,Новикова
Валерий,Прокофьев
Арина,Безрукова
Илья,Матвеев
Вероника,Васильева
Ульяна,Рудакова
Артём,Зорин
Мирослав,Савельев
Максим,Беспалов
Ян,Андреев
Руслан,Лавров
Илья,Павловский
София,Максимова
Мирослав,Журавлев
Лилия,Терентьева
Нина,Минина
Александр,Карпов
Наталья,Елизарова
Родион,Калугин
Майя,Москвина
Марк,Ершов
Алиса,Захарова
Дарина,Кондратова
Мила,Власова
Максим,Буров
Максим,Ерофеев
Ксения,Боброва
Олег,Столяров
Анна,Пантелеева
Демьян,Плотников
Нина,Скворцова
Ярослав,Субботин
Алина,Губанова
Роберт,Пименов
Богдан,Князев
Злата,Кравцова
Никита,Седов
Надежда,Никольская
Арина,Михайлова
Семён,Румянцев
Евгений,Астахов
Константин,Родин
София,Прохорова
Максим,Чернов
Елисей,Парфенов
Ярослава,Васильева
Карина,Афанасьева
Василий,Сидоров
Тихон,Наумов
Анна,Алексеева
Полина,Тихонова
Василиса,Колпакова
Артемий,Фадеев
Фёдор,Орехов
Гордей,Афанасьев
Мирослава,Шаповалова
Яна,Леонтьева
Алексей,Уваров
Валерия,Овсянникова
Константин,Клюев
Руслан,Руднев
Маргарита,Цветкова
Любовь,Шульгина
Любовь,Быкова
Мирон,Нефедов
Наталья,Новикова
Яна,Серова
Антон,Нечаев
Демид,Осипов
Даниил,Коротков
Ярослав,Артамонов
Тимофей,Чумаков
Алёна,Хохлова
Зоя,Константинова
Екатерина,Павлова
Роберт,Марков
Алиса,Чижова
Валерия,Сухова
Олеся,Жукова
Артём,Денисов
Александр,Михеев
Константин,Горелов
Евгений,Коршунов
Яна,Вишневская
Руслан,Макаров
Андрей,Лосев
Матвей,Дьяконов
Артём,Петров
Зоя,Щукина
Кира,Леонтьева
Серафима,Авдеева
Ева,Гончарова
Ирина,Лапина
Роберт,Сорокин
Анна,Меркулова
Маргарита,Савицкая
Лилия,Куприянова
Анна,Булатова
Лука,Костин
Захар,Макеев
Степан,Кравцов
Григорий,Волошин
Богдан,Сафонов
Филипп,Петровский
Ян,Швецов
Артур,Лыков
Владимир,Кондратов
Зоя,Русакова
Глеб,Кириллов
Олег,Еремин
Анна,Петухова
Георгий,Трофимов
Руслан,Иванов
Владислав,Маркелов
Платон,Самойлов
Ангелина,Рогова
Виктор,Галкин
Антон,Горшков
Герман,Симонов
Тимофей,Елисеев
Григорий,Самойлов
Глеб,Березин
Арсений,Бондарев
Олег,Судаков
Злата,Судакова
Антон,Басов
Марина,Алексеева
София,Толкачева
Татьяна,Молчанова
Ирина,Покровская
Анатолий,Лавров
Мирослава,Комарова
Елисей,Назаров
Адам,Коновалов
Александра,Черепанова
Алёна,Горбачева
Платон,Макаров
Денис,Голованов
Марк,Карпов
Роберт,Худяков
Илья,Кукушкин
Ника,Вдовина
Мия,Малышева
Леон,Киселев
Юлия,Герасимова
Платон,Петров
Леон,Щукин
Вера,Кондратова
Глеб,Буров
Дмитрий,Покровский
Владислава,Пастухова
Владислава,Крюкова
Юрий,Рубцов
Михаил,Демидов
Адам,Зорин
Марина,Русакова
Ева,Головина
Максим,Федоров
Арина,Рябова
Сергей,Лебедев
Даниил,Кочетков
Полина,Жукова
Марат,Хохлов
Фёдор,Нечаев
Адам,Суханов
Артур,Сорокин
Ева,Родионова
Тихон,Олейников
Руслан,Агеев
Владислав,Семин
Илья,Нефедов
Кира,Дубровина
Владислава,Лобанова
Тимур,Глебов
Савелий,Герасимов
Григорий,Пирогов
Ярослав,Кукушкин
Глеб,Киреев
Татьяна,Евдокимова
Николай,Суворов
Матвей,Власов
Варвара,Богданова
Дмитрий,Ермолаев
Олеся,Горлова
Ярослава,Ермилова
Антонина,Фомичева
Виктор,Зыков
Владислав,Туманов
Екатерина,Платонова
Алиса,Терентьева
Вячеслав,Вешняков
Евгения,Ульянова
Марина,Исакова
Ирина,Ершова
Мирослава,Дубровина
Вячеслав,Свиридов
Мирон,Титов
Станислав,Прокофьев
Олег,Касьянов
Надежда,Лаврентьева
Борис,Суханов
Георгий,Селиванов
Юрий,Козырев
Валерия,Синицына
Святослав,Некрасов
Филипп,Комиссаров
Матвей,Злобин
Тимофей,Долгов
Екатерина,Прохорова
Кирилл,Баранов
Николай,Мальцев
Леонид,Самойлов
Демьян,Савельев
Ева,Герасимова
Родион,Сомов
Валентина,Гусева
Павел,Королев
Полина,Соболева
Артур,Столяров
Савва,Кожевников
Захар,Меркулов
Олег,Чернов
Лев,Рубцов
Елена,Киреева
Артур,Смирнов
Алина,Смирнова
Лидия,Головина
Дарья,Русанова
София,Постникова
Наталья,Глухова
Платон,Евсеев
Максим,Савицкий
Алина,Толкачева
Анатолий,Григорьев
Вадим,Головин
Тимофей,Ткачев
Алёна,Чистякова
Мирослава,Некрасова
Татьяна,Высоцкая
Филипп,Трофимов
Кристина,Маркелова
Лидия,Воронова
Василиса,Карасева
Светлана,Власова
Нина,Моисеева
Ярослав,Трошин
Кира,Чумакова
Карина,Власова
Гордей,Семенов
Демид,Кузин
Кира,Агапова
Арсений,Кондратов
Семён,Щеглов
Наталья,Воронина
Демид,Сизов
Карина,Исаева
Фёдор,Устинов
Надежда,Винокурова
Лидия,Фролова
Леон,Карасев
Юрий,Федосеев
Григорий,Чесноков
Карина,Белкина
Артемий,Воронков
Артемий,Королев
Евгений,Панов
Мирон,Рожков
Кристина,Трошина
Марина,Березина
Анатолий,Кириллов
Серафима,Чеботарева
Лев,Коровин
Алиса,Трифонова
Олеся,Зуева
Мия,Калугина
Платон,Кравцов
Арсений,Жданов
Борис,Николаев
Демьян,Панкратов
Юлия,Вдовина
Леон,Панков
Ирина,Воробьева
Станислав,Сахаров
Ангелина,Суслова
Павел,Озеров
Ярослав,Марков
Мария,Карпова
Мила,Сидорова
Полина,Бондарева
Алексей,Латышев
Тихон,Колесников
Алёна,Ракова
Ева,Окулова
Степан,Карасев
Полина,Толкачева
Илья,Пименов
Антон,Мешков
Елизавета,Анисимова
Демьян,Лапшин
Валерия,Ситникова
Валерия,Ларионова
Павел,Кондрашов
Варвара,Дроздова
Тимофей,Голиков
Георгий,Руднев
Всеволод,Михеев
Милана,Горячева
Денис,Греков
Елисей,Панфилов
Семён,Белоусов
Марат,Голубев
Вячеслав,Щербаков
Игорь,Соболев
Ольга,Гуляева
Ульяна,Русанова
Игорь,Николаев
Елисей,Воронов
Ксения,Семина
Макар,Поляков
Лидия,Антипова
Сергей,Парфенов
Ксения,Савина
Мирослава,Павлова
Степан,Рубцов
Евгения,Щербакова
Нина,Дубова
Герман,Филатов
Юлия,Фролова
Дарья,Дьяконова
Ольга,Кравцова
Елисей,Ермолов
Егор,Еремеев
Владимир,Зиновьев
Александр,Кузнецов
Макар,Терехов
Филипп,Касаткин
Виктор,Мальцев
Захар,Сидоров
Платон,Безруков
Юрий,Калачев
Александр,Анохин
Мирон,Петровский
Валентина,Киселева
София,Дегтярева
Василий,Зубков
Василиса,Громова
Степан,Колпаков
Герман,Молчанов
Марина,Горбунова
Илья,Зимин
Руслан,Туманов
Лука,Софронов
Ярослав,Анисимов
Леон,Калашников
Владимир,Чижов
Анастасия,Карасева
Илья,Горбачев
Серафима,Матвеева
Егор,Филиппов
Богдан,Сергеев
Макар,Синицын
Филипп,Киреев
Майя,Астахова
Роберт,Рябов
Вячеслав,Шубин
Марк,Бирюков
Мирослав,Пантелеев
Тимофей,Авдеев
Варвара,Кулешова
Валерий,Князев
Арина,Плотникова
Александр,Касаткин
Мия,Никулина
Николай,Кочетов
Денис,Михеев
Фёдор,Симонов
Валентина,Крюкова
Николай,Харитонов
Артур,Шувалов
Алиса,Литвинова
Леон,Ершов
Георгий,Никулин
Максим,Скворцов
Максим,Калашников
Тимофей,Шишкин
Вера,Фомичева
Алёна,Розанова
Олеся,Евдокимова
Арсений,Коротков
Валентина,Грибова
Вячеслав,Кукушкин
Александра,Толкачева
Светлана,Кудряшова
Кирилл,Олейников
Мия,Старостина
Артемий,Панфилов
Диана,Высоцкая
Ян,Назаров
Алина,Сорокина
Тихон,Носов
Елизавета,Горячева
Гордей,Фомин
Елена,Баженова
Любовь,Жданова
Илья,Грибов
Владислав,Крючков
Марк,Горшков
Богдан,Петровский
Ангелина,Анохина
Демьян,Егоров
Светлана,Андреева
Павел,Фролов
Анна,Покровская
Лидия,Лапшина
Лидия,Павлова
София,Агафонова
Елена,Плотникова
Ольга,Рожкова
Антонина,Мещерякова
София,Бессонова
Евгений,Снегирев
Марина,Хромова
Кира,Верещагина
Владислава,Овсянникова
Фёдор,Антипов
Нина,Семенова
Герман,Шаповалов
Юрий,Никулин
Игорь,Зорин
Вероника,Селиванова
Максим,Горшков
Денис,Кондратьев
Игорь,Карасев
Анастасия,Зубкова
Вероника,Воронкова
Артём,Ефремов
Савва,Гаврилов
Диана,Пантелеева
Таисия,Ткачева
Надежда,Титова
Александра,Кравцова
Мирон,Хохлов
Станислав,Балашов
Маргарита,Фомина
Даниил,Дегтярев
Юлия,Климова
Константин,Копылов
Кристина,Березина
Серафима,Лобанова
Сергей,Мухин
Андрей,Суворов
Дарья,Кондратьева
Денис,Бабушкин
Мия,Седова
Владислава,Куликова
Екатерина,Корнева
Егор,Судаков
Ольга,Успенская
Юлия,Маркова
Дарья,Агафонова
Адам,Рубцов
Лука,Нестеров
Андрей,Кукушкин
Юлия,Голованова
Леонид,Киселев
Любовь,Степанова
Вадим,Мухин
Алиса,Малахова
Мария,Щукина
Василиса,Алексеева
Нина,Филиппова
Дарина,Шапошникова
Пётр,Крылов
Михаил,Туманов
София,Кольцова
Мирослав,Худяков
Вадим,Беляков
Ольга,Корнеева
Яна,Крючкова
Наталья,Зотова
Филипп,Болдырев
Фёдор,Лыков
Кристина,Астафьева
Мирослава,Сафонова
Марина,Корнеева
Павел,Сидоров
Кристина,Жукова
Лев,Горшков
Ирина,Злобина
Екатерина,Шестакова
Богдан,Ткачев
Александр,Бычков
Серафима,Ермилова
Олег,Моисеев
Артемий,Черный
Ника,Калашникова
Даниил,Цветков
Адам,Журавлев
Любовь,Суркова
Мирослав,Федотов
Михаил,Горячев
Виктория,Зуева
Кирилл,Зайцев
Вероника,Любимова
Валентина,Игнатьева
Светлана,Хомякова
Игорь,Чернышев
Арина,Литвинова
Диана,Рыжова
Никита,Москвин
Тихон,Бородин
Варвара,Курочкина
Ева,Анисимова
Глеб,Кочетов
Виктор,Бородин
Арина,Глебова
Николай,Тихонов
Владислав,Кудряшов
Ника,Александрова
Родион,Михеев
Святослав,Денисов
Юрий,Антонов
Павел,Рыбаков
Арина,Юдина
Ульяна,Евсеева
Ксения,Маслова
Семён,Беспалов
Анна,Зверева
Борис,Лобанов
Дарина,Астафьева
Владислава,Цветкова
Ольга,Фетисова
Ян,Дьяконов
Валерий,Зуев
Савелий,Федотов
Пётр,Ерофеев
Савва,Жданов
Злата,Парфенова
Яна,Парамонова
Матвей,Кузин
Дарья,Клюева
Дмитрий,Пирогов
Григорий,Молчанов
Ангелина,Сафонова
Николай,Пантелеев
Евгения,Романова
Полина,Лукина
Андрей,Зиновьев
Елена,Постникова
Артемий,Карасев
Мирослава,Кондрашова
Степан,Устинов
Константин,Бирюков
Матвей,Головин
Егор,Орехов
Павел,Герасимов
Дарья,Романова
Светлана,Панова
Максим,Некрасов
Сергей,Козловский
Пётр,Степанов
Василий,Калашников
Ангелина,Суворова
Ирина,Маркина
Елисей,Гордеев
Руслан,Большаков
Анастасия,Мещерякова
Вера,Козина
Евгений,Майоров
Алиса,Глушкова
Даниил,Седов
Станислав,Филиппов
Марк,Озеров
Алексей,Гущин
Елизавета,Касьянова
Александр,Кукушкин
Зоя,Румянцева
Кира,Кудряшова
Анастасия,Глушкова
Степан,Никифоров
Роберт,Куликов
Николай,Ткачев
Алексей,Зверев
Арина,Королькова
Михаил,Клюев
Станислав,Данилов
Владислава,Беляева
Лилия,Антонова
Адам,Муратов
Любовь,Чижова
Пётр,Зеленин
Максим,Калмыков
Артур,Шаповалов
Никита,Богомолов
Анатолий,Быков
Диана,Беликова
Платон,Серебряков
Алиса,Шестакова
Вячеслав,Глебов
Мария,Кулешова
Антон,Чижов
Денис,Елисеев
Григорий,Еремин
Елизавета,Игнатьева
Артур,Вавилов
Николай,Шевелев
Павел,Березин
Евгения,Руднева
Станислав,Лавров
Зоя,Зуева
Ян,Рыжов
Ярослав,Сорокин
Ева,Панкова
Демид,Наумов
Леон,Кулешов
Анна,Шапошникова
Юрий,Кириллов
Яков,Щеглов
Елисей,Ушаков
Владислава,Лаврентьева
Артём,Сычев
Георгий,Цветков
Кира,Дроздова
Кристина,Еремина
София,Львова
София,Зимина
Фёдор,Высоцкий
Кристина,Калачева
Екатерина,Колосова
Фёдор,Тарасов
Макар,Еремеев
Василий,Коротков
Артём,Мухин
Никита,Нечаев
Тимур,Калугин
Надежда,Вишневская
Денис,Ткачев
Григорий,Любимов
Мила,Долгова
Виктория,Гущина
Степан,Шаров
Антонина,Сычева
Андрей,Ткачев
Георгий,Корчагин
Роман,Игнатьев
Никита,Булгаков
Макар,Яшин
Роберт,Хохлов
Кира,Касаткина
Артемий,Шапошников
Алина,Усова
Ника,Зиновьева
Даниил,Лебедев
Кирилл,Лаптев
Филипп,Басов
Платон,Лазарев
Егор,Корнилов
Серафима,Абрамова
Тимофей,Березин
Демьян,Кузьмин
Иван,Успенский
Дмитрий,Вдовин
Владислав,Богомолов
Роман,Щеглов
Алина,Агафонова
Платон,Тимофеев
Ксения,Трошина
Александра,Колесова
Никита,Демидов
Герман,Троицкий
Елена,Анисимова
Демид,Нечаев
Елизавета,Фролова
Нина,Старостина
Ульяна,Исаева
Надежда,Савельева
Филипп,Куликов
Владимир,Карпов
Вадим,Муратов
Алексей,Афанасьев
Алексей,Клюев
Тимур,Агеев
Майя,Маслова
Пётр,Баранов
Роман,Денисов
Ольга,Федосеева
Диана,Курочкина
Никита,Постников
Лидия,Симонова
Александра,Минина
Игорь,Громов
Владислав,Яшин
Мирон,Тихонов
Николай,Пономарев
Лидия,Антонова
Артемий,Тихонов
Кира,Завьялова
Лев,Князев
Наталья,Никонова
Яков,Субботин
Светлана,Ульянова
Майя,Воронина
Полина,Никольская
Елена,Старикова
Лев,Постников
Василий,Беликов
Егор,Лыков
Константин,Кудряшов
Милана,Копылова
Олег,Громов
Марк,Зверев
Татьяна,Нефедова
Юрий,Богданов
Артур,Зотов
Антон,Троицкий
Ян,Ушаков
Василиса,Гришина
Валерия,Широкова
Вячеслав,Быков
Анна,Голованова
Кристина,Нестерова
Олеся,Толкачева
Лука,Лопатин
Дарина,Котова
Дарина,Богомолова
Ян,Андрианов
Руслан,Дмитриев
Михаил,Кудрявцев
Виктория,Максимова
Николай,Маркелов
Константин,Дубровин
Виктория,Молчанова
Ярослав,Хромов
Адам,Зотов
Анастасия,Чеботарева
Константин,Винокуров
Кира,Михайлова
Валерий,Куликов
Михаил,Москвин
Герман,Бочаров
Ника,Ракова
Лидия,Толкачева
Артур,Зверев
Марат,Лапшин
Алиса,Хромова
Глеб,Гришин
Даниил,Агафонов
Олег,Зотов
Алексей,Лобанов
Денис,Шапошников
Илья,Степанов
Наталья,Устинова
Матвей,Федосов
Никита,Устинов
Вероника,Софронова
Никита,Козлов
Милана,Глухова
Борис,Киреев
Вероника,Белова
Егор,Суворов
Платон,Щукин
Егор,Пастухов
Максим,Козин
Арсений,Яшин
Серафима,Устинова
Ольга,Рыжова
Дмитрий,Горбунов
Олег,Карасев
Олег,Нефедов
Артур,Сергеев
Лилия,Кондрашова
Лилия,Скворцова
Тимур,Касьянов
Всеволод,Ушаков
Георгий,Чернов
Даниил,Трошин
Ян,Плотников
Анастасия,Устинова
Захар,Бычков
Карина,Корчагина
Сергей,Елизаров
Александра,Дорохова
Тимур,Казаков
Александр,Смирнов
Владислава,Евдокимова
Юрий,Шишкин
Алексей,Ермолаев
Михаил,Артемов
Илья,Соколов
Артём,Москвин
Олег,Старостин
Ника,Еремина
Богдан,Семенов
София,Герасимова
Владислава,Щукина
Владислав,Блохин
Серафим,Суслов
Серафим,Сергеев
Ксения,Цветкова
Родион,Масленников
Ольга,Касаткина
Ульяна,Кузьмина
Кира,Фокина
Мила,Крюкова
Константин,Агапов
Анатолий,Ульянов
Андрей,Галкин
Пётр,Третьяков
Нина,Позднякова
Артемий,Сидоров
Алиса,Рогова
Ангелина,Малинина
Святослав,Уткин
Мирослав,Токарев
Маргарита,Маслова
Матвей,Моргунов
Станислав,Лебедев
Павел,Парамонов
Алиса,Крючкова
Глеб,Лаврентьев
Любовь,Винокурова
Савва,Кулагин
Вячеслав,Бондарев
Артур,Григорьев
Наталья,Исаева
Злата,Гаврилова
Леонид,Шубин
Валентина,Русакова
Надежда,Русакова
Милана,Маркова
Маргарита,Круглова
Майя,Никифорова
Яна,Савельева
Кира,Медведева
Арсений,Платонов
Савелий,Севастьянов
Таисия,Матвеева
Богдан,Горохов
Владимир,Константинов
Яна,Голубева
Лука,Терехов
Ярослава,Соколова
Ксения,Грибова
Ксения,Басова
Мирослава,Агафонова
Егор,Лукин
Владимир,Демин
Таисия,Овсянникова
Ника,Завьялова
Тимофей,Мухин
Александра,Самсонова
Дарина,Барсукова
Мирослава,Фетисова
Юрий,Корнев
Екатерина,Крюкова
Святослав,Носков
Ангелина,Маркова
Елисей,Кулагин
Савва,Швецов
Олег,Козловский
Герман,Сухарев
Валерий,Климов
Платон,Островский
Юрий,Макеев
Диана,Кириллова
Яков,Тихонов
Тимур,Мельников
Борис,Дементьев
Анатолий,Леонов
Олеся,Кочеткова
Александр,Петров
Андрей,Бирюков
Вероника,Смирнова
Дмитрий,Астахов
Валерия,Елизарова
Мила,Завьялова
Кирилл,Козлов
Леонид,Корнилов
Евгений,Стариков
Захар,Бессонов
Юлия,Бочарова
Елена,Коршунова
Кира,Щукина
Лилия,Селезнева
Алексей,Алексеев
Егор,Долгов
Степан,Кузьмин
Марат,Кравцов
Тимур,Кукушкин
Михаил,Трифонов
Вероника,Суханова
Захар,Беляев
Мирон,Климов
Константин,Калашников
Ксения,Сотникова
Валерия,Шаповалова
Екатерина,Зыкова
Адам,Лапин
Захар,Ежов
Евгения,Матвеева
Елизавета,Кулакова
Никита,Кукушкин
Платон,Спиридонов
Сергей,Лопатин
Екатерина,Пирогова
София,Высоцкая
Яна,Верещагина
Савва,Стариков
Кира,Моргунова
Мария,Потапова
Демид,Белоусов
Платон,Шаповалов
Арина,Дроздова
Алёна,Третьякова
Савва,Сорокин
Андрей,Астахов
Ангелина,Никонова
Герман,Антипов
Дмитрий,Горюнов
Виктор,Нестеров
Всеволод,Кириллов
Роберт,Маслов
Вероника,Горохова
Мария,Пименова
Лев,Дьяков
Антон,Круглов
Леонид,Гладков
Милана,Царева
Лидия,Савина
Кристина,Болдырева
Наталья,Куликова
Кирилл,Еремин
Василиса,Голикова
Милана,Анисимова
Ирина,Панкова
Владислава,Котова
Татьяна,Виноградова
Зоя,Крылова
Зоя,Анохина
Антон,Еремеев
Арина,Сергеева
Павел,Звягинцев
Злата,Богданова
Александра,Казакова
Сергей,Олейников
Павел,Швецов
Георгий,Чеботарев
Филипп,Дубов
Полина,Еремина
Майя,Швецова
Никита,Дементьев
Илья,Соболев
Татьяна,Ткачева
Таисия,Лаврова
Арина,Седова
Роберт,Трифонов
Фёдор,Терентьев
Дарина,Плотникова
Лев,Клюев
Анна,Добрынина
Владислав,Майоров
Владислав,Кулешов
Иван,Астафьев
Олеся,Некрасова
Станислав,Ерофеев
Ксения,Гусева
Андрей,Дорофеев
Мария,Артамонова
Ника,Серова
Мария,Евсеева
Артём,Ларин
Ксения,Пугачева
Григорий,Демин
Фёдор,Свиридов
Марк,Козин
Игорь,Синицын
Тимофей,Наумов
Елисей,Тарасов
Яна,Зубкова
Савелий,Ларин
Гордей,Золотов
Екатерина,Кондратова
Герман,Афанасьев
Игорь,Черкасов
Егор,Сухов
Екатерина,Кулагина
Милена,Малышева
Мирослава,Никольская
Герман,Копылов
Милана,Круглова
Зоя,Белкина
Лидия,Пастухова
Георгий,Михеев
Вадим,Носов
София,Ларина
Руслан,Покровский
Георгий,Минин
Тимофей,Назаров
Елизавета,Самойлова
Даниил,Кулешов
Олеся,Безрукова
Злата,Островская
Артур,Артамонов
Юрий,Пономарев
Арина,Гордеева
Захар,Ермолов
Демьян,Захаров
Николай,Мешков
Зоя,Астафьева
Богдан,Дмитриев
Евгений,Синицын
Юлия,Троицкая
Владислава,Шилова
Степан,Панкратов
Сергей,Горшков
Павел,Суханов
Степан,Зубков
Родион,Миронов
Николай,Бобров
Любовь,Жилина
Богдан,Леонтьев
Константин,Рубцов
Марина,Булатова
Анастасия,Белова
Ярослав,Греков
Мария,Латышева
Елена,Столярова
Всеволод,Леонов
Мария,Сальникова
Екатерина,Горшкова
Наталья,Нестерова
Макар,Морозов
Герман,Воробьев
Дарья,Еремина
Ксения,Парамонова
Максим,Малинин
Юлия,Филимонова
Елена,Лосева
Мирон,Фокин
Мирон,Островский
Вероника,Дружинина
Надежда,Трифонова
Вера,Кононова
Григорий,Мартынов
Вячеслав,Чистяков
Иван,Шишкин
Лев,Петров
Денис,Большаков
Егор,Мальцев
Юлия,Акимова
Анна,Пименова
Владимир,Бондарев
Лилия,Дьякова
Владислава,Лопатина
Максим,Калинин
Таисия,Белкина
Марк,Окулов
Елисей,Михеев
Иван,Дмитриев
Иван,Сазонов
Тимофей,Кравцов
Вероника,Горбунова
Дарина,Колесникова
Тимофей,Кондратов
Игорь,Дегтярев
Юлия,Рожкова
Светлана,Сидорова
Серафим,Назаров
Макар,Родин
Вячеслав,Судаков
Юрий,Яковлев
Зоя,Шапошникова
Григорий,Лаптев
Юлия,Худякова
Адам,Соловьев
Ника,Кудрявцева
Марк,Русанов
Ярослава,Анисимова
Лев,Пугачев
Андрей,Минин
Семён,Корнилов
Дмитрий,Цветков
Антон,Стариков
Карина,Харитонова
Мирослава,Алешина
Елена,Яшина
Платон,Шишкин
Ян,Мельников
Александра,Панова
София,Нечаева
Семён,Никонов
Валерий,Новиков
Максим,Туманов
Илья,Окулов
Мирон,Дмитриев
Роман,Дорохов
Виктор,Добрынин
Даниил,Авдеев
Серафим,Плотников
Лилия,Медведева
Василий,Серов
София,Давыдова
Ярослава,Колпакова
Вероника,Кулешова
Ирина,Колесникова
Герман,Кузин
Артём,Березин
Демьян,Гусев
Злата,Субботина
Евгения,Соловьева
Анатолий,Беляев
Семён,Старостин
Владимир,Афанасьев
Наталья,Малышева
Фёдор,Петров
Лука,Березин
Игорь,Некрасов
Роман,Постников
Дмитрий,Козырев
Тимур,Зверев
Андрей,Анохин
Иван,Шевелев
Анастасия,Трифонова
Валерия,Алешина
Марк,Глушков
Антон,Леонов
Зоя,Кириллова
Серафим,Гладков
Ирина,Котова
Ангелина,Соловьева
Валентина,Курочкина
Алёна,Макарова
Святослав,Яковлев
Дмитрий,Греков
Дарья,Горохова
Анна,Ларина
Валентина,Щеглова
Илья,Тихомиров
Тимур,Федоров
Михаил,Дьяков
Герман,Ушаков
Татьяна,Панкова
Ярослав,Курочкин
Виктор,Москвин
Надежда,Ларионова
Лев,Бычков
Савва,Макаров
Лев,Винокуров
Савва,Захаров
Егор,Зотов
Александра,Трофимова
Марк,Кириллов
Ирина,Кондрашова
Ульяна,Рябова
Святослав,Кукушкин
Богдан,Калмыков
Варвара,Панкова
Вадим,Березин
Вера,Зайцева
Кристина,Ситникова
Мирослав,Никулин
Артём,Касьянов
Елена,Демидова
Ева,Еремина
Пётр,Савельев
Николай,Логинов
Валерия,Розанова
Адам,Тимофеев
Георгий,Елизаров
Матвей,Павлов
Ирина,Кравцова
Георгий,Серебряков
Иван,Исаков
Ольга,Козлова
Валентина,Гришина
Вадим,Колосов
Маргарита,Калмыкова
Гордей,Демин
Ангелина,Чернышева
Кира,Маркина
Сергей,Дмитриев
Родион,Осипов
Всеволод,Баранов
Василий,Корнеев
Зоя,Высоцкая
Илья,Фомин
Фёдор,Завьялов
Григорий,Лыков
Арина,Захарова
Полина,Ларионова
Мирослав,Корнеев
Валерий,Жуков
Всеволод,Костин
Дарина,Аникина
Яна,Гордеева
Роберт,Гаврилов
Вера,Самсонова
Алексей,Островский
Елена,Корнеева
Михаил,Нестеров
Злата,Шевцова
Никита,Соловьев
Роман,Сазонов
Валерия,Митрофанова
Дмитрий,Сахаров
Василий,Александров
Варвара,Воробьева
Наталья,Михайлова
Станислав,Филатов
Савелий,Сомов
Кирилл,Гришин
Демьян,Смирнов
Владимир,Кузьмин
Савелий,Бочаров
Савелий,Колесников
Демид,Ушаков
Фёдор,Нефедов
Владислав,Кулагин
Захар,Куприянов
Наталья,Филатова
Илья,Ерофеев
Нина,Казанцева
Степан,Макаров
Тимур,Фомин
Василий,Минин
Даниил,Глухов
Маргарита,Анохина
Роман,Калмыков
Андрей,Греков
Арина,Герасимова
Антон,Дементьев
Антонина,Кравцова
Милена,Абрамова
Юлия,Лобанова
Виктор,Беспалов
Илья,Морозов
Лидия,Юдина
Валерия,Павловская
Николай,Шапошников
Анастасия,Лобанова
Мария,Шилова
Илья,Губанов
Георгий,Панков
Диана,Михеева
Григорий,Грачев
Демьян,Исаев
Мирон,Русанов
Маргарита,Фирсова
Святослав,Исаев
Надежда,Дроздова
Лилия,Чистякова
Николай,Измайлов
Вадим,Шаров
Герман,Масленников
София,Маркина
Никита,Кошелев
Фёдор,Иванов
Алексей,Цветков
Вероника,Козина
Павел,Крючков
Марина,Уткина
Ангелина,Свешникова
Леонид,Скворцов
Милена,Касаткина
Глеб,Антонов
Милана,Пантелеева
Платон,Гладков
Алёна,Рожкова
Всеволод,Давыдов
Кира,Князева
Дарья,Куприянова
Екатерина,Завьялова
Мирослава,Новикова
Демьян,Воронов
Карина,Шмелева
Валерия,Карасева
Юлия,Воробьева
Борис,Третьяков
Леонид,Суворов
Василиса,Гусева
Олег,Крюков
Матвей,Глухов
Тимофей,Старостин
Анатолий,Романов
Егор,Виноградов
Елисей,Митрофанов
Степан,Зуев
Филипп,Грибов
Роман,Свиридов
Мария,Сычева
Владислав,Мухин
Владислав,Данилов
Мирослава,Карташова
Олег,Попов
Мила,Яковлева
Александр,Юдин
Лилия,Глушкова
Всеволод,Лаптев
Дмитрий,Селезнев
Сергей,Сухарев
Сергей,Косарев
Кирилл,Родин
Тимур,Воробьев
Адам,Сафонов
Евгений,Чумаков
София,Корнеева
Арсений,Сидоров
Алексей,Беспалов
Савва,Рыжов
Ева,Зорина
Денис,Высоцкий
Юлия,Морозова
Павел,Хромов
Владимир,Носов
Евгения,Галкина
Ника,Лобанова
Егор,Черепанов
Виктория,Никифорова
Серафима,Петухова
Олег,Жуков
Ярослав,Воронин
Мирослав,Никитин
Ярослав,Круглов
Ольга,Маркова
Кристина,Трофимова
Владислав,Кононов
София,Панкова
Диана,Клюева
Виктор,Лапшин
Елисей,Фомин
Евгения,Никулина
Артур,Никифоров
Егор,Блинов
Алексей,Свешников
Милана,Чернова
Дарина,Грачева
Марк,Воробьев
Артемий,Тихомиров
Зоя,Добрынина
Леон,Черкасов
Ксения,Мещерякова
Валерий,Титов
Ян,Русаков
Карина,Сухова
Мирослава,Покровская
Демид,Минаев
Наталья,Черная
Пётр,Греков
Константин,Лапшин
Даниил,Гордеев
Ульяна,Зорина
Филипп,Тимофеев
Злата,Золотова
Тимур,Широков
Мила,Овсянникова
Тихон,Зубов
Любовь,Сомова
Нина,Родионова
Лука,Белкин
Павел,Дьяконов
Яна,Панкратова
Таисия,Пахомова
Захар,Черный
Арсений,Рудаков
Милана,Федотова
Кира,Королькова
Тимур,Родин
Виктор,Сазонов
Наталья,Савина
Лука,Соколов
Василиса,Воробьева
Арсений,Безруков
Серафим,Кириллов
Мила,Моисеева
Елена,Шевцова
Маргарита,Вавилова
Мирон,Пахомов
Валерия,Сорокина
Артём,Носков
Артемий,Свиридов
Игорь,Нестеров
Кира,Астафьева
Ксения,Олейникова
Злата,Горюнова
Светлана,Исакова
Демьян,Козловский
Ярослав,Самсонов
Александр,Коротков
Павел,Емельянов
Захар,Родионов
Антонина,Глушкова
Ярослава,Леонова
Дарина,Воронина
Ангелина,Добрынина
Всеволод,Щукин
Всеволод,Лыков
Валерия,Глухова
Михаил,Горбачев
Таисия,Родионова
Антонина,Денисова
Карина,Голикова
Антонина,Баранова
Андрей,Андреев
Зоя,Полякова
Виктория,Корнева
Гордей,Харитонов
Мила,Сергеева
Мария,Поликарпова
Григорий,Селезнев
Тимур,Черный
Глеб,Кондратьев
Демид,Хомяков
Гордей,Фетисов
Иван,Фетисов
Илья,Кондратьев
Таисия,Швецова
Никита,Дроздов
Пётр,Глухов
Павел,Сотников
Илья,Дорофеев
Злата,Блинова
Ульяна,Балашова
Юрий,Воронков
Таисия,Иванова
Лилия,Балашова
Арина,Бородина
Мирон,Митрофанов
Иван,Устинов
Василий,Калмыков
Мария,Сафонова
Олег,Гордеев
Марк,Вдовин
Даниил,Буров
Арсений,Павлов
Ярослав,Чеботарев
Злата,Туманова
Даниил,Зотов
Лилия,Максимова
Арина,Сорокина
Мия,Клюева
Захар,Швецов
Евгений,Титов
Константин,Пахомов
Демид,Аникин
Вероника,Корнева
Артём,Большаков
Карина,Самойлова
Глеб,Малахов
Владислав,Фомин
Ангелина,Родионова
Елисей,Титов
Захар,Кузьмин
Светлана,Селезнева
Борис,Голованов
Евгения,Дружинина
Максим,Дроздов
Артемий,Сахаров
Милана,Рудакова
Марат,Кузнецов
Илья,Сахаров
Арина,Комиссарова
Вера,Федосова
Марк,Левин
Демид,Шаров
Алёна,Романова
Артём,Чернов
Юрий,Шаров
Серафима,Никифорова
Вера,Сахарова
Артур,Шапошников
Мирослав,Селиванов
Степан,Усов
Николай,Зверев
Милена,Белкина
Елена,Хомякова
Марк,Беляков
Степан,Егоров
Арсений,Корнеев
Богдан,Ульянов
Даниил,Зиновьев
Даниил,Быков
Артём,Суханов
Яков,Симонов
Сергей,Павловский
Андрей,Москвин
Артемий,Калугин
Василиса,Фокина
Мирослава,Бочарова
Наталья,Сорокина
Кира,Минаева
Леонид,Горшков
Кира,Туманова
Кристина,Колесова
Яна,Черныха
Гордей,Греков
Кира,Толкачева
Максим,Корнеев
Всеволод,Калугин
Лука,Рубцов
Виктория,Винокурова
Валентина,Фролова
Светлана,Григорьева
Елисей,Сахаров
Константин,Константинов
Ольга,Кулагина
Герман,Архипов
Юрий,Бессонов
Дарья,Шубина
Даниил,Бычков
Савелий,Рыбаков
Герман,Фетисов
Василиса,Кондратова
Алина,Попова
Фёдор,Кузнецов
Серафим,Поляков
Лука,Александров
Татьяна,Медведева
Алексей,Баженов
Виктор,Шилов
Анастасия,Жарова
Ирина,Горбачева
Евгения,Титова
Евгений,Окулов
Илья,Козырев
Екатерина,Дубова
Олеся,Громова
Филипп,Сазонов
Елена,Кудрявцева
Платон,Фомин
Даниил,Гуляев
Владислав,Голубев
Богдан,Савин
Олег,Поздняков
Мия,Панина
Марина,Федорова
Владимир,Завьялов
Злата,Князева
Валерия,Колосова
Надежда,Пантелеева
Ярослав,Сазонов
Василий,Ширяев
Олег,Маркин
Таисия,Баженова
Даниил,Харитонов
Руслан,Костин
Филипп,Судаков
Лидия,Шилова
Кирилл,Герасимов
Павел,Ларионов
Вероника,Кузнецова
Пётр,Горшков
Андрей,Семин
Валентина,Герасимова
Василий,Пастухов
Нина,Борисова
Денис,Панкратов
Георгий,Дьяков
Василиса,Усова
Тихон,Филимонов
Владислав,Левин
Филипп,Михайлов
Ольга,Крючкова
Светлана,Измайлова
Максим,Карташов
Серафим,Агафонов
Дмитрий,Титов
Станислав,Давыдов
Ян,Голубев
Даниил,Спиридонов
Сергей,Панкратов
Вячеслав,Александров
Валерия,Анохина
Илья,Беспалов
София,Дружинина
Юлия,Дубинина
Елена,Миронова
Пётр,Орехов
Игорь,Климов
Евгений,Власов
Ника,Касаткина
Валерия,Родионова
Владислав,Седов
Надежда,Гончарова
Лев,Титов
Демид,Тихонов
Ярослав,Дубровин
Игорь,Лазарев
Варвара,Усова
Владимир,Комаров
Арина,Дьякова
Светлана,Масленникова
Юлия,Яшина
Алина,Алехина
Валерий,Лукьянов
Кирилл,Маркелов
Александр,Ермаков
Алёна,Меркулова
Арина,Лыкова
Юлия,Власова
София,Бурова
Мирон,Евсеев
Екатерина,Лебедева
Арсений,Андреев
Мирон,Спиридонов
Руслан,Звягинцев
Денис,Малышев
Гордей,Воронин
Мария,Емельянова
Алина,Черныха
Мия,Казакова
Макар,Носков
Арина,Шевелева
Артур,Рожков
Зоя,Судакова
Василиса,Худякова
Анатолий,Горелов
Юрий,Золотов
Елена,Виноградова
Вячеслав,Поляков
Мия,Ананьева
Григорий,Петровский
Анна,Ежова
Ника,Киреева
Платон,Жданов
Мия,Егорова
Илья,Кочергин
Лидия,Осипова
Савва,Крылов
Екатерина,Одинцова
Алина,Кириллова
Евгений,Белоусов
Фёдор,Жуков
Майя,Кузина
Любовь,Михеева
Артур,Ерофеев
Кирилл,Скворцов
Сергей,Фадеев
Вероника,Зверева
Вадим,Черный
Арина,Пахомова
Игорь,Долгов
Мирослав,Киреев
Ульяна,Кузнецова
Артемий,Зорин
Юрий,Ушаков
Платон,Федотов
Арсений,Морозов
Павел,Шевцов
Григорий,Анисимов
Анастасия,Еремина
Алексей,Муравьев
Герман,Измайлов
Антон,Кошелев
Александр,Кулешов
Арсений,Беляков
Семён,Тихонов
Дарина,Зиновьева
Тихон,Никифоров
Мирослав,Черный
Ярослав,Поляков
Зоя,Шаповалова
Степан,Галкин
Захар,Литвинов
Александр,Емельянов
Богдан,Кудрявцев
Диана,Глухова
Константин,Шаповалов
Елизавета,Лопатина
Адам,Лукьянов
Андрей,Крюков
Вадим,Поздняков
Екатерина,Панина
Демьян,Матвеев
Никита,Ерофеев
Варвара,Ермакова
Савва,Зотов
Лилия,Федотова
Мирон,Костин
Юрий,Демидов
Василиса,Дорохова
Татьяна,Сазонова
Ева,Свешникова
Кристина,Глушкова
Арина,Чумакова
Роман,Чернышев
Виктор,Безруков
Артём,Фирсов
Майя,Куликова
Юлия,Минина
Захар,Еремеев
Милана,Лукьянова
Юрий,Булгаков
Игорь,Горюнов
Нина,Сазонова
Яна,Рогова
Олеся,Овчинникова
Пётр,Герасимов
Роберт,Покровский
Андрей,Давыдов
Демид,Долгов
Ольга,Лаврова
Арина,Ширяева
Юлия,Шульгина
Ангелина,Верещагина
Кира,Гладкова
Светлана,Артамонова
Даниил,Зубов
Пётр,Одинцов
Василий,Исаков
Владислав,Вдовин
Максим,Емельянов
Ангелина,Дементьева
Артемий,Жуков
Андрей,Панкратов
Роман,Меркулов
Святослав,Зотов
Вера,Медведева
Вадим,Степанов
Николай,Кудрявцев
Адам,Поздняков
Ирина,Трофимова
Александра,Муратова
Марк,Круглов
Полина,Трофимова
Руслан,Кулагин
Фёдор,Русаков
Кирилл,Мешков
Вера,Фокина
Елисей,Одинцов
Таисия,Артемова
Фёдор,Князев
Захар,Комаров
Анастасия,Кузина
Савелий,Щеглов
Савелий,Зотов
Александра,Исакова
София,Александрова
Семён,Зуев
Мария,Зеленина
Савелий,Калашников
Лилия,Барсукова
Анатолий,Нечаев
Николай,Горохов
Юрий,Сурков
Филипп,Сидоров
Фёдор,Краснов
Марк,Серебряков
Алина,Павловская
Ева,Добрынина
Владислав,Кириллов
Леонид,Лыков
Яков,Степанов
Яна,Шишкина
Герман,Беляков
Мария,Никольская
Руслан,Юдин
Вадим,Баранов
Демьян,Парамонов
Татьяна,Мещерякова
Вадим,Нефедов
Вероника,Нестерова
Анастасия,Волкова
Максим,Трифонов
Макар,Сахаров
Евгения,Куликова
Олег,Малышев
Василиса,Парамонова
Елена,Волкова
Ева,Снегирева
Богдан,Королев
Милана,Покровская
Ульяна,Козлова
Михаил,Романов
Леонид,Ершов
Вероника,Щеглова
Мирон,Косарев
Ксения,Губанова
Александра,Губанова
Борис,Золотарев
Николай,Митрофанов
Михаил,Лосев
Святослав,Щеглов
Ульяна,Филатова
Руслан,Свиридов
Яков,Козлов
Евгения,Павловская
Александра,Костина
Елисей,Дубов
Ева,Гурова
Роман,Артемов
Евгений,Мартынов
Кирилл,Воробьев
Степан,Федоров
Серафим,Афанасьев
Михаил,Самойлов
Георгий,Ефремов
Валерия,Казакова
Савелий,Соболев
Илья,Марков
Николай,Еремин
Мария,Дубинина
Вадим,Богданов
Илья,Сорокин
Варвара,Ракова
Татьяна,Морозова
Захар,Осипов
Ксения,Игнатова
Вадим,Кудрявцев
Маргарита,Кочеткова
Карина,Елизарова
Владимир,Розанов
Нина,Пименова
Елизавета,Рогова
Лидия,Исакова
Юрий,Чесноков
Роберт,Козловский
Владимир,Яковлев
Мирослав,Акимов
Пётр,Овсянников
Денис,Воронков
Юрий,Пахомов
Филипп,Киселев
Вероника,Пирогова
Георгий,Орлов
Лука,Егоров
Сергей,Семенов
Юлия,Зубова
Егор,Куприянов
Вероника,Константинова
Николай,Раков
Кристина,Новикова
Марк,Дубинин
Матвей,Лазарев
Дарина,Румянцева
Ян,Александров
Платон,Котов
Кира,Гуляева
Вероника,Чижова
Григорий,Прокофьев
Алёна,Быкова
Милана,Муратова
Олеся,Дементьева
Мирослав,Зайцев
Виктория,Усова
Диана,Сорокина
Антонина,Константинова
Владислав,Козин
Виктор,Савицкий
Всеволод,Елисеев
Марк,Колпаков
Макар,Соколов
Егор,Гончаров
Александр,Курочкин
Филипп,Золотарев
Матвей,Муравьев
Максим,Никитин
Святослав,Шилов
Марк,Ефимов
Валентина,Соболева
Семён,Мухин
Ева,Чеботарева
Фёдор,Лебедев
Елисей,Андрианов
Маргарита,Колесникова
Наталья,Шевелева
Алексей,Швецов
Тихон,Орлов
Сергей,Борисов
Ирина,Румянцева
Евгений,Ильинский
Марк,Блохин
Святослав,Черкасов
Карина,Сидорова
Филипп,Сорокин
Марина,Минаева
Вера,Нефедова
Мирослав,Щукин
Семён,Мальцев
Денис,Лобанов
Платон,Малышев
Ульяна,Козырева
Всеволод,Голубев
Филипп,Маслов
Вадим,Шишкин
Милана,Парфенова
Евгения,Воронина
Захар,Климов
Вероника,Кононова
Тимур,Черепанов
Светлана,Успенская
Денис,Поликарпов
Георгий,Краснов
Вероника,Нефедова
Ульяна,Егорова
Алёна,Белова
Дмитрий,Звягинцев
Маргарита,Ильина
Юрий,Лобанов
Святослав,Хромов
Нина,Дубровина
Виктория,Маслова
Лев,Софронов
Лидия,Никольская
Виктор,Симонов
Максим,Дубровин
Светлана,Швецова
Юрий,Павлов
Сергей,Суслов
Нина,Чернова
Андрей,Князев
Серафим,Сидоров
Иван,Панкратов
Вероника,Ширяева
Илья,Воронцов
Николай,Высоцкий
Евгений,Кочетков
Павел,Русанов
Варвара,Бабушкина
Милана,Горохова
Дарья,Козина
Ярослава,Черепанова
Милана,Коновалова
Руслан,Блинов
Платон,Пахомов
Таисия,Пирогова
Леонид,Исаев
Андрей,Поляков
Андрей,Рыбаков
Валерия,Шапошникова
Артур,Коровин
Юлия,Крылова
Роман,Константинов
Милана,Мельникова
Руслан,Назаров
Марат,Еремин
Захар,Гущин
Ксения,Журавлева
Платон,Кожевников
Марк,Антипов
Ян,Юдин
Евгения,Кольцова
София,Масленникова
Владислав,Жаров
Макар,Попов
Варвара,Грекова
Василий,Ковалев
Степан,Софронов
Дмитрий,Козлов
Ольга,Фадеева
Светлана,Лукина
Кристина,Кулагина
Дарья,Беспалова
Даниил,Максимов
Валерий,Данилов
Андрей,Сахаров
Майя,Румянцева
Михаил,Калачев
Лилия,Вишневская
Степан,Ушаков
Сергей,Савельев
Ксения,Павлова
Татьяна,Комарова
Владислав,Юдин
Роберт,Виноградов
Михаил,Высоцкий
Надежда,Ткачева
Елена,Волошина
Ксения,Москвина
Василий,Щукин
Макар,Лыков
Олег,Митрофанов
Елизавета,Коновалова
Александра,Князева
Варвара,Зубова
Макар,Князев
Олеся,Колесова
Андрей,Гордеев
Иван,Крюков
Герман,Меркулов
Ксения,Дубровина
Марина,Абрамова
Владислава,Анисимова
Ангелина,Баженова
Кирилл,Савельев
Тихон,Михайлов
Лука,Семенов
Алина,Терентьева
Даниил,Поляков
Макар,Сафонов
Артемий,Скворцов
Артемий,Кожевников
Дмитрий,Анисимов
Татьяна,Зиновьева
Лука,Климов
Богдан,Басов
Родион,Трошин
Богдан,Суворов
Руслан,Олейников
Игорь,Киселев
Вячеслав,Севастьянов
Тимур,Зайцев
Ксения,Авдеева
Фёдор,Котов
Елисей,Кулешов
Юлия,Соколова
Павел,Кудряшов
Яна,Константинова
Татьяна,Ульянова
Диана,Евдокимова
Станислав,Лазарев
Матвей,Чижов
Игорь,Моисеев
Анна,Костина
Егор,Селезнев
Диана,Калмыкова
Артём,Евдокимов
Мирослава,Селиванова
Максим,Бородин
Григорий,Леонов
Александр,Гришин
Ольга,Лапшина
Леон,Филиппов
Василий,Костин
Богдан,Поздняков
Яков,Яковлев
Георгий,Герасимов
Всеволод,Абрамов
Вера,Горбунова
Мирон,Сорокин
Глеб,Зуев
Артемий,Комаров
Гордей,Матвеев
Милена,Ермолова
Диана,Крючкова
Дарина,Киселева
Леон,Левин
Роман,Филатов
Мирослава,Никифорова
Всеволод,Алехин
Савва,Елисеев
Злата,Чернышева
Василий,Леонов
Надежда,Казакова
Сергей,Климов
Иван,Щукин
Платон,Мещеряков
Василий,Успенский
Арсений,Щукин
Иван,Власов
Мирон,Карташов
Лидия,Старостина
Владимир,Терехов
Диана,Гаврилова
Майя,Любимова
Кирилл,Хомяков
Милана,Козина
Игорь,Щеглов
Евгений,Плотников
Михаил,Мухин
Дмитрий,Кулешов
Дарья,Ежова
Алиса,Копылова
Екатерина,Акимова
Семён,Баженов
Виктор,Дорохов
Леон,Рябинин
Матвей,Зубов
Маргарита,Мухина
Владислава,Розанова
Роберт,Воронцов
Артемий,Горелов
Захар,Мельников
Лев,Жилин
Руслан,Агапов
Кира,Агафонова
Елисей,Сафонов
Евгения,Ермолаева
Борис,Семин
Вадим,Зотов
Василиса,Пантелеева
Анна,Прокофьева
Ксения,Моргунова
Карина,Ефимова
Дарья,Семина
Дмитрий,Кравцов
Мария,Комарова
Лев,Голубев
Ксения,Козырева
Семён,Ермаков
Виктор,Егоров
Савва,Черняев
Елена,Воронцова
Михаил,Гусев
Олег,Черкасов
Артемий,Сорокин
Василий,Жуков
Родион,Коновалов
Святослав,Сафонов
Демьян,Пахомов
Вадим,Астахов
Владимир,Голиков
Борис,Ульянов
Лев,Шмелев
Мия,Вдовина
София,Вавилова
Антон,Баранов
Олеся,Белова
Любовь,Демидова
Дарина,Вдовина
Леонид,Судаков
Семён,Евсеев
Демид,Терехов
Родион,Ермилов
Олеся,Успенская
Святослав,Львов
Наталья,Дмитриева
Роман,Жаров
Юлия,Скворцова
Мирон,Большаков
Илья,Зубов
Михаил,Громов
Владислава,Чумакова
Никита,Голованов
Валерия,Швецова
Николай,Костин
Ирина,Курочкина
Наталья,Моисеева
Никита,Потапов
Олег,Филиппов
Макар,Бобров
Марат,Щеглов
Кристина,Киселева
Марат,Карпов
Наталья,Субботина
Алиса,Толкачева
Роберт,Лапшин
Ева,Сахарова
Анастасия,Суханова
Полина,Евсеева
Алёна,Антипова
Ника,Комарова
Герман,Суворов
Вячеслав,Миронов
Филипп,Осипов
Глеб,Лапшин
Никита,Высоцкий
Евгения,Высоцкая
Ольга,Попова
Демид,Звягинцев
Евгения,Ильина
Роман,Горелов
Егор,Латышев
Мирослава,Верещагина
Светлана,Дегтярева
Диана,Троицкая
Надежда,Агафонова
Маргарита,Бочарова
Виктор,Вавилов
Марат,Ершов
Мирослава,Ситникова
Борис,Карташов
Григорий,Розанов
Вероника,Жукова
Ольга,Бочарова
Арсений,Бочаров
Святослав,Рудаков
Родион,Пономарев
Юлия,Игнатова
Леон,Воронков
Нина,Козлова
Артемий,Харитонов
Алина,Успенская
Ярослава,Быкова
Иван,Корнеев
София,Макеева
Злата,Одинцова
Ника,Рубцова
Валентина,Олейникова
Ярослава,Плотникова
Милана,Троицкая
Мария,Золотарева
Матвей,Мельников
Елена,Дмитриева
София,Фомичева
Герман,Смирнов
Дмитрий,Копылов
Майя,Никитина
Сергей,Кононов
Владислава,Бородина
Матвей,Лукьянов
Тимур,Павлов
Владислав,Булгаков
Роман,Исаков
Маргарита,Крюкова
Тимофей,Симонов
Алёна,Глебова
Маргарита,Олейникова
Ева,Ермакова
Роман,Поликарпов
Юлия,Алексеева
Евгений,Зайцев
Зоя,Седова
Павел,Судаков
Лука,Олейников
Ирина,Большакова
Дарина,Дорохова
Дарья,Игнатова
Георгий,Севастьянов
Пётр,Артамонов
Варвара,Александрова
Пётр,Прокофьев
Даниил,Судаков
Артемий,Филимонов
Лев,Агафонов
Артём,Осипов
Илья,Трошин
Ульяна,Ильина
Кристина,Бурова
Демид,Пирогов
Герман,Григорьев
Ульяна,Уварова
Дарина,Леонтьева
Максим,Панов
Мирослава,Михайлова
Светлана,Трифонова
Тимофей,Прокофьев
Анастасия,Безрукова
Захар,Голованов
Лука,Маркин
Адам,Бобров
Глеб,Ширяев
Иван,Климов
Мирослава,Майорова
Кристина,Кириллова
Валерий,Петухов
Евгений,Маслов
Полина,Куприянова
Даниил,Москвин
Анастасия,Тарасова
Даниил,Сазонов
Артур,Старостин
Андрей,Архипов
Варвара,Суханова
Вадим,Кондрашов
Демид,Королев
Злата,Аникина
Ярослав,Ткачев
Олег,Вдовин
Олег,Рябов
Ольга,Ефимова
Игорь,Барсуков
Полина,Гаврилова
Леон,Афанасьев
Злата,Литвинова
Марат,Золотов
Станислав,Власов
Мирослав,Моргунов
Егор,Сахаров
Лидия,Черняева
Филипп,Терехов
Зоя,Терентьева
Олег,Ананьев
Милана,Анохина
Демид,Безруков
Злата,Карташова
Анастасия,Суслова
Евгения,Винокурова
Александра,Воронкова
Лука,Коршунов
Богдан,Герасимов
Анастасия,Фирсова
Дмитрий,Калинин
Мирослава,Игнатьева
Мирон,Молчанов
Родион,Бычков
Глеб,Зорин
Ульяна,Симонова
Юрий,Столяров
Виктор,Колосов
Мила,Соколова
Злата,Булатова
Злата,Моргунова
Борис,Кошелев
Савелий,Платонов
Богдан,Чернов
Константин,Королев
Вера,Жукова
Арина,Жданова
Таисия,Судакова
Руслан,Ефимов
Иван,Москвин
Татьяна,Бородина
Юрий,Серебряков
Антон,Лопатин
Максим,Шульгин
Марк,Кононов
Вадим,Фирсов
Ева,Болдырева
Матвей,Игнатов
Варвара,Токарева
Ярослав,Николаев
Святослав,Курочкин
Надежда,Пономарева
Кристина,Сизова
Лилия,Калачева
Елизавета,Скворцова
Игорь,Ильин
Полина,Касаткина
Вера,Маркова
Александра,Сычева
Алина,Позднякова
Вадим,Ширяев
Майя,Токарева
Ева,Антипова
Алина,Токарева
Игорь,Мартынов
Виктор,Черкасов
Ольга,Зыкова
Алёна,Минина
Семён,Корчагин
Арсений,Панин
Савва,Постников
Мирослав,Ерофеев
Платон,Казаков
Яков,Игнатьев
Александр,Шмелев
Степан,Зубов
Елена,Бурова
Мирон,Прокофьев
Любовь,Мещерякова
Кристина,Худякова
Игорь,Кондратов
Мирослава,Устинова
Савва,Никонов
Дмитрий,Соловьев
Савва,Кондратов
Арина,Самсонова
Екатерина,Исакова
Тимур,Антипов
Варвара,Иванова
Иван,Кулагин
Вероника,Трошина
Богдан,Сизов
Татьяна,Пантелеева
Тимур,Логинов
Таисия,Бычкова
Семён,Чесноков
Марк,Кулешов
Вера,Демидова
Павел,Овчинников
Лилия,Воронина
Валерий,Федоров
Юлия,Нечаева
Валентина,Гущина
Варвара,Молчанова
Маргарита,Черепанова
Захар,Сазонов
Платон,Орлов
Варвара,Ковалева
Мирослав,Снегирев
Дарья,Калачева
Ярослав,Кудряшов
Юлия,Гладкова
Яна,Нечаева
Лев,Голиков
Наталья,Гусева
Юрий,Хромов
Мирослава,Лебедева
Илья,Терентьев
Артемий,Рудаков
Полина,Севастьянова
Василиса,Ананьева
Дарья,Маркина
Василий,Орлов
Вячеслав,Воронин
Матвей,Рожков
Мирослав,Астахов
Зоя,Дроздова
Георгий,Носов
Марат,Прохоров
Демид,Яковлев
Виктор,Шаров
Яна,Герасимова
Ирина,Калугина
Мария,Лапшина
Светлана,Селиванова
Матвей,Кулагин
Татьяна,Худякова
Артур,Воронин
Серафим,Фролов
Артём,Львов
Денис,Горбунов
Мия,Авдеева
Дарина,Спиридонова
Вадим,Уваров
Карина,Ильина
Сергей,Ананьев
Даниил,Кулагин
Тимур,Степанов
Ульяна,Королева
Игорь,Вешняков
Артём,Владимиров
Вероника,Богомолова
Родион,Степанов
Дарья,Кукушкина
Вероника,Снегирева
Елена,Мельникова
Вероника,Широкова
Алиса,Одинцова
Ксения,Рыбакова
Серафим,Дегтярев
Савва,Молчанов
Артемий,Злобин
Серафим,Крылов
Анна,Фокина
Адам,Головин
Георгий,Казанцев
Алина,Никольская
Виктория,Семина
Богдан,Литвинов
Кира,Шевцова
Владислав,Бычков
Лидия,Казанцева
Любовь,Архипова
Михаил,Лебедев
Андрей,Маслов
Денис,Терентьев
Тимофей,Мартынов
Даниил,Савицкий
Майя,Белова
Станислав,Крюков
Мия,Ульянова
Алёна,Леонтьева
Нина,Кулакова
Светлана,Зайцева
Матвей,Греков
Никита,Савин
Арсений,Гусев
Савелий,Карпов
Майя,Чернова
Милана,Моргунова
Григорий,Константинов
Валерия,Михайлова
Антонина,Филиппова
Елена,Ермолова
Кирилл,Губанов
Антон,Корчагин
Александр,Михайлов
Серафим,Пономарев
Лука,Золотарев
Мила,Ермолаева
Роберт,Павлов
Захар,Зиновьев
Ольга,Артемова
Антонина,Колпакова
Игорь,Мельников
Анна,Копылова
Станислав,Ершов
Евгения,Борисова
Юлия,Ситникова
Георгий,Зайцев
Матвей,Лопатин
Николай,Кузнецов
Илья,Софронов
Ника,Никулина
Антонина,Давыдова
Яна,Лазарева
Майя,Исакова
Родион,Фокин
Надежда,Горбунова
Руслан,Сурков
Валерий,Семенов
Ульяна,Астахова
Владимир,Скворцов
Максим,Калачев
Алина,Корчагина
Владислав,Нестеров
Арина,Копылова
Константин,Кулаков
Виктория,Фокина
Ирина,Суханова
Юрий,Титов
Михаил,Астахов
Евгения,Севастьянова
Светлана,Крылова
Татьяна,Малинина
Владислав,Парамонов
Владимир,Бычков
Мия,Данилова
Евгения,Орлова
Милана,Семенова
Евгения,Климова
Вячеслав,Михайлов
Никита,Молчанов
Марина,Корчагина
Яков,Любимов
Вера,Иванова
Ульяна,Грекова
Светлана,Воронина
Диана,Демидова
Майя,Тимофеева
Владимир,Соболев
Диана,Мещерякова
Зоя,Кулешова
Марина,Аникина
Георгий,Захаров
Мила,Шапошникова
Александра,Чеснокова
Дарина,Лукьянова
Валерия,Шарова
Владимир,Мухин
Георгий,Зуев
Леонид,Дружинин
Елизавета,Субботина
Мирон,Терентьев
Илья,Савицкий
Дарья,Шилова
Ника,Хомякова
Вера,Чернышева
Леонид,Корнеев
Карина,Николаева
Дарья,Аксенова
Леон,Олейников
Кристина,Барсукова
Мирослав,Дубов
Герман,Булгаков
Мирослав,Новиков
Григорий,Бобров
Серафима,Булгакова
Арина,Калугина
Андрей,Пахомов
Пётр,Корчагин
Максим,Нестеров
Марк,Толкачев
Ксения,Серебрякова
Арина,Сидорова
Артём,Севастьянов
Матвей,Суворов
Леонид,Рогов
Евгения,Синицына
Сергей,Агафонов
Ульяна,Карасева
Владислав,Чистяков
Василиса,Беляева
Наталья,Власова
Елизавета,Козлова
Александра,Дьяконова
Наталья,Родина
Марк,Бобров
Савва,Пантелеев
Мирослава,Федосова
Василиса,Корнилова
Леонид,Бочаров
Варвара,Трифонова
Лев,Владимиров
Арсений,Бычков
Кирилл,Евдокимов
Яков,Гусев
Родион,Киреев
Сергей,Григорьев
Алина,Ларина
Ирина,Горюнова
Егор,Демин
София,Борисова
Макар,Астахов
Алиса,Некрасова
Антонина,Сафонова
Илья,Киреев
Вадим,Рябов
Кирилл,Малинин
Даниил,Королев
Евгений,Жаров
Николай,Сизов
Семён,Селезнев
Руслан,Зорин
Мила,Титова
Елизавета,Евсеева
Таисия,Золотова
Екатерина,Калинина
Ольга,Курочкина
Мия,Шапошникова
Тимофей,Лукин
Ирина,Гончарова
Антон,Волков
Ангелина,Вишневская
Виктория,Сальникова
Дарья,Лобанова
Елисей,Гаврилов
София,Шульгина
Дмитрий,Акимов
Лев,Черных
Ксения,Селиванова
Елена,Осипова
Демьян,Дубровин
Ника,Косарева
Егор,Трофимов
Андрей,Михайлов
Любовь,Измайлова
Антон,Владимиров
Алёна,Афанасьева
Леонид,Громов
Александра,Москвина
Захар,Рябов
Владимир,Малахов
Артемий,Котов
Валерий,Ежов
Елизавета,Горохова
Борис,Никифоров
Алиса,Щукина
Милана,Беляева
Олег,Харитонов
Демьян,Александров
Пётр,Злобин
Илья,Белкин
Георгий,Андрианов
Вадим,Ларин
Яков,Озеров
Марина,Левина
Глеб,Бирюков
Константин,Раков
Семён,Волков
Гордей,Носков
Варвара,Кравцова
Михаил,Пугачев
Валерия,Мальцева
Иван,Родин
Ульяна,Киселева
Мария,Зыкова
Илья,Суханов
Григорий,Старостин
Евгения,Вешнякова
Алексей,Софронов
Артур,Пименов
Елена,Грекова
Марина,Барсукова
Илья,Рожков
Владислав,Самсонов
Николай,Леонов
Пётр,Козин
Татьяна,Филатова
Нина,Власова
Артемий,Бобров
Игорь,Лаптев
Иван,Добрынин
Татьяна,Бочарова
Алина,Пименова
Светлана,Лобанова
Кира,Романова
Светлана,Голованова
Матвей,Петров
Вера,Голубева
Георгий,Худяков
Диана,Артемова
Валентина,Богданова
Антон,Соболев
Сергей,Калугин
Марина,Нефедова
Матвей,Лаптев
Ксения,Сальникова
Мирон,Трошин
Лев,Косарев
Андрей,Островский
Марат,Жуков
Роберт,Афанасьев
Вероника,Колпакова
Екатерина,Блохина
Алина,Маркина
Святослав,Голиков
Ярослав,Завьялов
Тимофей,Зубков
Карина,Богданова
Екатерина,Козырева
Константин,Грачев
Виктория,Лукина
Вероника,Спиридонова
Алексей,Киселев
Ангелина,Трошина
Ирина,Самсонова
Кира,Лазарева
Станислав,Безруков
Макар,Сурков
Андрей,Абрамов
Демьян,Покровский
Владимир,Столяров
Елисей,Грачев
Наталья,Гончарова
Ксения,Нефедова
Всеволод,Рыбаков
Мирослава,Малахова
Родион,Скворцов
Варвара,Плотникова
Михаил,Иванов
Ева,Царева
Милана,Глебова
Варвара,Морозова
Фёдор,Казанцев
Лилия,Бессонова
Роберт,Сахаров
Егор,Голиков
Денис,Скворцов
Савелий,Панкратов
Арсений,Виноградов
Ярослава,Русанова
Пётр,Исаев
Тимур,Шубин
Иван,Логинов
Михаил,Колпаков
Ульяна,Бирюкова
Артём,Дроздов
Анастасия,Дружинина
Демьян,Андреев
Мирослава,Старикова
Елена,Чернышева
Виктор,Васильев
Диана,Зубкова
Тимофей,Кольцов
Демид,Козловский
Михаил,Рыбаков
Ксения,Рожкова
Лев,Носков
Павел,Игнатьев
Артур,Нестеров
Филипп,Никольский
Адам,Горбачев
Маргарита,Козырева
Вероника,Золотова
Николай,Злобин
Арсений,Комаров
Дмитрий,Поздняков
Ярослава,Сахарова
Лев,Осипов
Захар,Агеев
Марк,Сафонов
Алина,Артемова
Платон,Щербаков
Савелий,Родин
Максим,Федотов
Арсений,Макеев
Григорий,Субботин
Андрей,Зуев
Ева,Шестакова
Андрей,Родионов
Ярослав,Горшков
Юрий,Моисеев
Олег,Борисов
Константин,Агафонов
Богдан,Романов
Егор,Кочетков
Алексей,Павлов
Елисей,Козин
Ульяна,Судакова
Игорь,Балашов
Зоя,Ефремова
Ярослава,Косарева
Арина,Сизова
Кристина,Кудрявцева
Олег,Карташов
Екатерина,Пастухова
Артур,Шевелев
Платон,Белкин
Ольга,Черепанова
Мария,Еремина
Яна,Мещерякова
Кирилл,Прокофьев
Елена,Корчагина
Валерия,Лаптева
Злата,Крючкова
Михаил,Овчинников
Ксения,Спиридонова
Владимир,Левин
Илья,Туманов
Николай,Емельянов
Александр,Любимов
Майя,Свешникова
Николай,Астафьев
Таисия,Гуляева
Нина,Березина
Александра,Шаповалова
Тихон,Семин
Вероника,Комарова
Демьян,Мартынов
Валерий,Басов
Анастасия,Круглова
Роман,Анохин
Богдан,Софронов
Матвей,Пирогов
Ника,Евсеева
Ольга,Волошина
Георгий,Коровин
Матвей,Кочергин
Герман,Никифоров
Милена,Петрова
Андрей,Балашов
Арина,Дьяконова
Зоя,Власова
Степан,Высоцкий
Богдан,Беликов
Мирослав,Чеботарев
Артур,Гуляев
Олег,Некрасов
Екатерина,Зверева
Диана,Белоусова
Савелий,Маслов
Станислав,Серов
Богдан,Селиванов
Олеся,Царева
Варвара,Николаева
Савва,Субботин
Вера,Ермолаева
Тихон,Минаев
Злата,Орехова
Максим,Одинцов
Майя,Миронова
Матвей,Никифоров
Иван,Данилов
Георгий,Горбунов
Мирослава,Судакова
Артём,Ткачев
Савва,Широков
Леонид,Кузин
Любовь,Старостина
Владислав,Александров
Степан,Горлов
Вячеслав,Корнев
Анатолий,Куприянов
Марина,Логинова
Григорий,Семенов
Ярослав,Шубин
Дмитрий,Терехов
Марат,Зыков
Анна,Ушакова
Ксения,Гуляева
Григорий,Сурков
Серафим,Егоров
Надежда,Беликова
Александр,Завьялов
Валентина,Корнеева
Олег,Вавилов
Яков,Вавилов
Макар,Беспалов
Мирослава,Макарова
Лилия,Черепанова
Валентина,Семенова
Глеб,Горелов
Алина,Фролова
Адам,Чернов
Даниил,Демидов
Олеся,Артамонова
Виктория,Березина
Мирон,Масленников
Юлия,Панина
Полина,Гурова
Ярослава,Ларионова
Зоя,Ермолаева
Марина,Майорова
Мирон,Тарасов
Герман,Верещагин
Ярослава,Глебова
Вячеслав,Москвин
Роберт,Котов
Василиса,Шапошникова
Олеся,Алехина
Арсений,Голованов
Вероника,Потапова
Маргарита,Казанцева
Ян,Басов
Всеволод,Кузьмин
Татьяна,Титова
Адам,Морозов
Савелий,Щукин
Демид,Нестеров
Савва,Горбачев
Вячеслав,Абрамов
Степан,Греков
Милана,Комарова
Мирон,Корольков
Анастасия,Старикова
Марат,Шевцов
Юлия,Савицкая
Антонина,Носкова
Денис,Фомичев
Зоя,Николаева
Леонид,Мухин
Александр,Сухарев
Демьян,Русаков
Дарина,Макеева
Дмитрий,Панкратов
Семён,Руднев
Владислава,Ткачева
Владислава,Серова
Яна,Русанова
Валентина,Филатова
Платон,Сазонов
Мила,Яшина
Павел,Корнилов
Екатерина,Кузина
Кристина,Самойлова
Арина,Лапшина
Артём,Шульгин
Александр,Дружинин
Зоя,Нечаева
Надежда,Рожкова
Виктория,Демидова
Адам,Наумов
Виктор,Дружинин
Даниил,Лаврентьев
Юлия,Суслова
Полина,Зубова
Кирилл,Лопатин
Тихон,Андреев
Илья,Суворов
Артемий,Гуляев
Злата,Сидорова
Ксения,Чижова
Григорий,Мещеряков
Дарья,Яковлева
Полина,Крюкова
Пётр,Терехов
Любовь,Филиппова
Злата,Зотова
Демьян,Курочкин
Семён,Трофимов
Анастасия,Фокина
Алина,Андреева
Константин,Герасимов
Елисей,Лаптев
Варвара,Мельникова
Георгий,Кузин
Алёна,Белякова
Нина,Серова
Мирослава,Гончарова
Павел,Чижов
Марат,Плотников
Евгения,Клюева
Ева,Касьянова
Тихон,Смирнов
Ева,Быкова
Мия,Уткина
Серафима,Басова
Макар,Абрамов
Яна,Жукова
Владислав,Артамонов
Милана,Некрасова
Милана,Зыкова
Елизавета,Антипова
Родион,Журавлев
Владислав,Лаптев
Лев,Авдеев
Константин,Пугачев
Ульяна,Никольская
Яна,Карпова
Роман,Рыбаков
Мирон,Измайлов
Ника,Анохина
Милена,Лаптева
Егор,Маркелов
Карина,Шубина
Николай,Никифоров
Ева,Богомолова
Дарья,Сидорова
Леон,Наумов
Георгий,Шульгин
Валерий,Хохлов
Вероника,Лебедева
Роберт,Маркин
Игорь,Козлов
Святослав,Нечаев
Елизавета,Тихонова
Елисей,Измайлов
Артемий,Ульянов
София,Бабушкина
Елизавета,Суханова
Лука,Шевелев
Борис,Костин
Анатолий,Демин
Серафим,Панков
Татьяна,Акимова
Степан,Панин
Мария,Чижова
Виктория,Комарова
Ангелина,Щукина
Милана,Новикова
Артур,Дьяков
Захар,Грачев
Марина,Зимина
Михаил,Смирнов
Святослав,Олейников
Савелий,Латышев
Ангелина,Антонова
Никита,Судаков
Родион,Рыбаков
Варвара,Ежова
Тихон,Абрамов
Майя,Овсянникова
Артём,Тарасов
Олеся,Зыкова
Платон,Лосев
Светлана,Иванова
Яна,Широкова
Григорий,Назаров
Александр,Лукьянов
Тихон,Зайцев
Надежда,Ежова
Ангелина,Зотова
Родион,Симонов
Савва,Калачев
Алиса,Лопатина
Александр,Грибов
Артемий,Рябинин
Милена,Корнилова
София,Орлова
Ксения,Быкова
Лилия,Белоусова
Лука,Кириллов
Ева,Агапова
Виктор,Лукин
Евгений,Гуров
Родион,Лобанов
Иван,Глушков
Таисия,Колпакова
Ярослава,Суворова
Богдан,Семин
Анна,Овчинникова
Евгений,Никулин
Юрий,Севастьянов
Владимир,Козлов
Александра,Горбачева
Андрей,Комаров
Денис,Крылов
Вера,Егорова
Ярослава,Голованова
Мария,Трифонова
Станислав,Митрофанов
София,Сидорова
Злата,Краснова
Дмитрий,Быков
Марк,Зуев
Сергей,Головин
Злата,Емельянова
Николай,Успенский
Ирина,Голованова
Сергей,Сергеев
Герман,Миронов
Егор,Орлов
Арина,Лебедева
Савелий,Крылов
Анна,Савицкая
Тимофей,Бирюков
Иван,Мещеряков
Роберт,Селезнев
Вероника,Кузина
Даниил,Макаров
Ольга,Мельникова
Олеся,Яковлева
Григорий,Гущин
Надежда,Мешкова
Светлана,Чеснокова
Иван,Игнатов
Ирина,Агафонова
Валерий,Мельников
Дарина,Куликова
Илья,Гончаров
Мария,Быкова
Валерия,Дружинина
Марина,Рыжова
Тимофей,Фетисов
Ольга,Исаева
Дмитрий,Трошин
Надежда,Черняева
Евгения,Ананьева
Лилия,Горячева
Игорь,Крючков
Светлана,Ефремова
Ульяна,Макеева
Лев,Субботин
Валентина,Сахарова
Дмитрий,Кулаков
Гордей,Грибов
Владислава,Орехова
Платон,Иванов
Мила,Нечаева
Мирон,Шульгин
Макар,Столяров
Тихон,Корнеев
Лука,Устинов
Злата,Прокофьева
Василий,Самсонов
Екатерина,Давыдова
Мила,Балашова
Алиса,Рыбакова
Евгения,Владимирова
Вероника,Борисова
Андрей,Еремеев
Даниил,Сухов
Дарина,Беликова
Елизавета,Шилова
Макар,Богданов
Ульяна,Волкова
Андрей,Лапшин
Демьян,Уваров
Евгений,Зиновьев
Демьян,Лаврентьев
Лилия,Калинина
Лидия,Воробьева
Яков,Суханов
Глеб,Булатов
Дмитрий,Черкасов
Пётр,Ширяев
Василий,Павлов
Марина,Худякова
Алина,Белоусова
Матвей,Дубов
Ангелина,Кудрявцева
Николай,Артамонов
Леонид,Рубцов
Глеб,Чернов
Владислав,Калачев
Константин,Столяров
Демьян,Панин
Константин,Калмыков
Степан,Сафонов
Олеся,Крылова
Иван,Горбунов
Кристина,Малышева
Марк,Усов
Татьяна,Серова
Арина,Зверева
Елена,Гаврилова
Матвей,Дружинин
Елисей,Лавров
Фёдор,Григорьев
Яков,Миронов
Михаил,Давыдов
Лидия,Костина
Арсений,Трифонов
Александра,Игнатьева
Мирон,Самойлов
Леон,Волков
Антон,Лаврентьев
Александр,Панков
Никита,Субботин
Алёна,Короткова
Ян,Щербаков
Ева,Исакова
Даниил,Тарасов
Андрей,Дроздов
Ольга,Шапошникова
Вадим,Антипов
Владимир,Самсонов
Даниил,Шульгин
Мария,Антонова
Кристина,Снегирева
Максим,Матвеев
Игорь,Маркин
Руслан,Ильинский
Дмитрий,Субботин
Мила,Аникина
Карина,Панова
Дмитрий,Чеботарев
Елизавета,Овсянникова
Арсений,Софронов
Илья,Демьянов
Марк,Дорофеев
Марина,Соболева
Иван,Киреев
Захар,Ильинский
Николай,Нечаев
Ника,Вешнякова
Юрий,Фетисов
Надежда,Андрианова
Вадим,Воронин
Максим,Шмелев
Ольга,Боброва
Дарина,Воронцова
Константин,Булгаков
Глеб,Кожевников
Евгений,Хромов
Сергей,Масленников
Александр,Рябинин
Елизавета,Никонова
Анна,Фомина
Вадим,Павловский
Лилия,Ильина
Ярослав,Широков
Алексей,Фролов
Богдан,Чернышев
Марина,Савицкая
Святослав,Суханов
Елисей,Петровский
Ксения,Мухина
Глеб,Савин
София,Гущина
Тимур,Белоусов
Евгения,Туманова
Тихон,Щербаков
Никита,Кравцов
Демьян,Зубков
Даниил,Козырев
Егор,Русаков
Милена,Волошина
София,Рыжова
Карина,Балашова
Евгений,Шаповалов
Мила,Сальникова
Тимофей,Зубов
Варвара,Андреева
Дмитрий,Козловский
Руслан,Кошелев
Георгий,Лазарев
Серафим,Крючков
Александр,Митрофанов
Максим,Балашов
Елизавета,Громова
Марат,Никонов
Валерия,Беляева
Гордей,Жуков
Мия,Корнеева
Демид,Трофимов
Дарья,Елисеева
Вера,Кириллова
Савва,Фомичев
Марк,Нестеров
Юрий,Гуляев
Анатолий,Авдеев
Полина,Никитина
Роман,Лобанов
Павел,Коновалов
Милана,Носова
Валерий,Соболев
Юлия,Кулакова
Мирослава,Гордеева
Серафим,Рыжов
Яков,Белов
Ян,Блохин
Милана,Боброва
Семён,Постников
Ярослава,Агапова
Антонина,Назарова
Ника,Кукушкина
Семён,Головин
Лилия,Комарова
Максим,Князев
Святослав,Барсуков
Виктория,Дементьева
Герман,Корнев
Юлия,Вешнякова
Леонид,Глухов
Вероника,Левина
Ярослава,Симонова
Степан,Романов
Павел,Губанов
Артём,Хомяков
Олег,Токарев
Игорь,Лыков
Роберт,Щукин
Антон,Латышев
Анна,Лапина
Степан,Сомов
Макар,Денисов
Виктория,Кузнецова
Алёна,Овсянникова
Ярослав,Гуров
Артур,Беляев
Иван,Кудряшов
Василиса,Ларионова
Глеб,Денисов
Тихон,Николаев
Алексей,Дегтярев
Ева,Спиридонова
Алина,Власова
Алиса,Ананьева
Валерия,Майорова
Гордей,Корнеев
Татьяна,Ефимова
Анна,Анохина
Мирослава,Островская
Тимофей,Зеленин
Алиса,Филиппова
Милена,Коровина
Максим,Большаков
Максим,Филатов
Владимир,Агафонов
Тимофей,Морозов
Варвара,Аксенова
Фёдор,Шевелев
Валентина,Егорова
Карина,Зуева
Диана,Новикова
Дарья,Селезнева
Серафима,Кондратьева
Герман,Калугин
Сергей,Филимонов
Леон,Рябов
Вадим,Гончаров
Платон,Носов
Василиса,Лукьянова
Злата,Соловьева
Таисия,Фадеева
Максим,Гуров
Юлия,Злобина
Илья,Бычков
Мария,Тихонова
Владимир,Зубков
Тимофей,Косарев
Леон,Тихонов
Алексей,Касьянов
Демьян,Суворов
Евгений,Крючков
Павел,Симонов
Наталья,Соколова
Елена,Сухова
Алина,Бабушкина
Демьян,Касаткин
Елисей,Кириллов
Марат,Логинов
Кристина,Баженова
Руслан,Головин
Мария,Панова
Майя,Малышева
Кирилл,Басов
Савва,Зиновьев
Надежда,Виноградова
Алиса,Касаткина
Ева,Петрова
Тихон,Булгаков
Анатолий,Львов
Даниил,Вешняков
Макар,Никитин
Владислава,Дьяконова
Тимур,Петров
Георгий,Суслов
Святослав,Рыбаков
Родион,Гладков
Григорий,Коршунов
Лев,Черкасов
Любовь,Столярова
Анатолий,Павлов
Полина,Серова
Валерий,Поздняков
Светлана,Крюкова
Василиса,Толкачева
Майя,Петровская
Мирон,Одинцов
Мила,Ракова
Анна,Гуляева
Захар,Горбунов
Серафима,Исакова
Любовь,Окулова
Максим,Давыдов
Родион,Сурков
Анна,Токарева
Захар,Мухин
Мирослава,Беляева
Дмитрий,Пименов
Арсений,Казанцев
Вера,Ульянова
Николай,Покровский
Игорь,Олейников
Алиса,Осипова
Марина,Крюкова
Анастасия,Зыкова
Алина,Еремина
Лидия,Носкова
Тимофей,Носов
Юрий,Карташов
Анна,Никулина
Ульяна,Михеева
Зоя,Костина
Даниил,Селезнев
Святослав,Розанов
Валерия,Масленникова
Александр,Леонов
Гордей,Киселев
Кристина,Мешкова
Милана,Русанова
Захар,Измайлов
Глеб,Кочетков
Платон,Поляков
Юрий,Рыбаков
Светлана,Ларина
Владислав,Чумаков
Максим,Черных
Захар,Тимофеев
Кира,Козловская
Карина,Кошелева
Адам,Евдокимов
Мирон,Лаврентьев
Захар,Ермаков
София,Антонова
Карина,Щербакова
Денис,Успенский
Марина,Тихомирова
Таисия,Бондарева
Светлана,Сомова
Пётр,Яшин
Варвара,Федосеева
Савелий,Миронов
Артур,Горшков
Николай,Никольский
Савелий,Царев
Василий,Куприянов
Арина,Ефремова
Ирина,Овчинникова
Лилия,Кудрявцева
Виктория,Снегирева
Варвара,Чеснокова
Руслан,Лосев
Евгений,Комиссаров
Гордей,Михайлов
Виктор,Белкин
Надежда,Успенская
Диана,Федосова
Валерий,Аникин
Елисей,Семенов
Роман,Панфилов
Нина,Филимонова
Татьяна,Панфилова
Александра,Басова
Дарина,Лаптева
Адам,Борисов
Николай,Новиков
Наталья,Фокина
Мария,Жарова
Гордей,Гуляев
Олег,Дмитриев
Константин,Блинов
Илья,Федосеев
Надежда,Чернова
Мирон,Платонов
Сергей,Поликарпов
Диана,Харитонова
Антон,Котов
Вячеслав,Елизаров
Артём,Булатов
Татьяна,Муратова
Тихон,Гаврилов
Леонид,Шувалов
Матвей,Матвеев
Платон,Воронцов
Сергей,Устинов
Святослав,Ушаков
Надежда,Гурова
Анастасия,Синицына
Мирослава,Астафьева
Сергей,Тихомиров
Даниил,Яшин
Семён,Демьянов
Валерий,Смирнов
Алиса,Парамонова
Игорь,Высоцкий
Даниил,Воронков
Алексей,Савицкий
Ульяна,Глухова
Вера,Казакова
Борис,Леонтьев
Ангелина,Ершова
Святослав,Аникин
Александра,Жукова
София,Малахова
Алексей,Кондратов
Кира,Глебова
Алексей,Лавров
Роман,Шмелев
Савва,Кудрявцев
Андрей,Савицкий
Всеволод,Львов
Семён,Карпов
Владислав,Голиков
Маргарита,Филимонова
Илья,Калачев
Семён,Пугачев
Надежда,Галкина
Владимир,Елисеев
Савелий,Кошелев
Екатерина,Юдина
Ольга,Чернышева
Мария,Гладкова
Ярослава,Савина
Анатолий,Сорокин
Ксения,Субботина
Яна,Горбачева
Яна,Чумакова
Анастасия,Пименова
Полина,Ларина
Сергей,Завьялов
Алёна,Свешникова
Маргарита,Лазарева
Антонина,Маркелова
Вера,Белякова
Владимир,Дорохов
Артур,Корнеев
Степан,Шишкин
Ирина,Тарасова
Глеб,Филатов
Вячеслав,Козловский
Евгений,Сурков
Роберт,Моргунов
Вячеслав,Артамонов
Нина,Чернышева
Карина,Петровская
Евгений,Мальцев
Леонид,Романов
Станислав,Звягинцев
Станислав,Верещагин
Серафима,Добрынина
Лев,Никольский
Артемий,Лапшин
Ольга,Чеботарева
Вадим,Кондратьев
Полина,Уткина
Роберт,Сухарев
Никита,Гущин
Леонид,Шестаков
Роман,Семин
Олег,Муратов
Светлана,Никонова
Алиса,Панкова
Гордей,Кузьмин
Зоя,Панкратова
Адам,Корнеев
Демьян,Калашников
Платон,Журавлев
Милана,Верещагина
Илья,Горюнов
Максим,Лебедев
Всеволод,Лукьянов
Валентина,Ларионова
Татьяна,Лаврова
Иван,Баранов
Мирослав,Сычев
Майя,Дьякова
Тимофей,Миронов
Савелий,Кузьмин
Лидия,Молчанова
Никита,Леонтьев
Елена,Маркова
Анна,Озерова
Филипп,Елизаров
Серафим,Морозов
Даниил,Данилов
Кристина,Кондрашова
Артемий,Алексеев
Степан,Сидоров
Лилия,Киреева
Иван,Лыков
Вячеслав,Гуров
Елисей,Агеев
Павел,Коротков
Владимир,Ларионов
Маргарита,Семина
Анастасия,Шилова
Екатерина,Тихомирова
Тимофей,Щербаков
Константин,Дементьев
Семён,Софронов
Михаил,Овсянников
Яков,Пономарев
Фёдор,Макаров
Сергей,Савицкий
Зоя,Комиссарова
Тимофей,Давыдов
Яна,Панфилова
Вера,Нестерова
Алиса,Ткачева
Виктор,Соболев
Виктория,Сухова
Николай,Ильин
Ульяна,Ермакова
Артур,Архипов
Степан,Андрианов
Артём,Жилин
Ярослав,Яшин
Анатолий,Исаков
Евгений,Климов
Илья,Никольский
Олег,Дьяконов
Юрий,Корольков
Филипп,Козлов
Владислава,Черныха
Юлия,Косарева
Руслан,Верещагин
Маргарита,Ларина
Тихон,Белкин
Герман,Орехов
Степан,Ермолов
Станислав,Хомяков
Леонид,Русаков
Станислав,Леонов
Елена,Русакова
Алексей,Самсонов
Ирина,Маркелова
Илья,Успенский
Алина,Кочеткова
Александр,Терехов
Кристина,Макарова
Ника,Фомина
Платон,Окулов
Ангелина,Панина
Маргарита,Свешникова
Ксения,Кузина
Татьяна,Звягинцева
София,Булгакова
Владимир,Сальников
Евгений,Котов
Тимофей,Орехов
Адам,Семин
Мирон,Сизов
Ярослав,Лукин
Владимир,Коновалов
Родион,Синицын
Алина,Макарова
Родион,Широков
Борис,Шишкин
Валерия,Зотова
Мирон,Исаев
Виктор,Родин
Георгий,Крылов
Татьяна,Дегтярева
Алиса,Ушакова
Владислав,Рогов
Мария,Петрова
Нина,Пирогова
Мирослав,Горбачев
Анастасия,Полякова
Ян,Орлов
Виктор,Зеленин
Арина,Бирюкова
Егор,Маслов
Мария,Блинова
Милена,Коновалова
Павел,Спиридонов
Ирина,Орлова
Владимир,Маркелов
Яна,Попова
Матвей,Гладков
Антонина,Парфенова
Надежда,Клюева
Дарья,Соколова
Сергей,Гусев
Ирина,Кольцова
Владислав,Иванов
Ульяна,Акимова
Руслан,Дружинин
Адам,Тихомиров
Ярослав,Сизов
Сергей,Лапшин
Максим,Майоров
Ян,Орехов
Варвара,Акимова
Макар,Поздняков
Валерий,Козин
Дарья,Королькова
Виктория,Измайлова
Григорий,Рябинин
Марк,Моргунов
Алексей,Родин
Злата,Пименова
Дмитрий,Петров
Матвей,Коршунов
Василиса,Краснова
Владимир,Павлов
Платон,Кукушкин
Варвара,Рогова
Нина,Носова
Антон,Филиппов
Юрий,Лопатин
Владислав,Никитин
Полина,Седова
Вероника,Гладкова
Елена,Казанцева
Ярослава,Лобанова
Дарья,Нечаева
Пётр,Любимов
Наталья,Майорова
Фёдор,Озеров
Лев,Гладков
Вячеслав,Кириллов
Артём,Дубинин
Макар,Софронов
Артём,Павлов
Лука,Самсонов
Мила,Осипова
Милена,Бессонова
Анна,Киреева
Карина,Самсонова
Кирилл,Захаров
Ксения,Платонова
Олеся,Ерофеева
Нина,Розанова
Денис,Горюнов
Марк,Носов
Олеся,Маркелова
Милана,Румянцева
Мирослава,Голубева
Юлия,Бирюкова
Светлана,Литвинова
Дарья,Спиридонова
Олег,Ульянов
Богдан,Широков
Артемий,Лукин
Иван,Дьяков
Полина,Самойлова
Кирилл,Николаев
Дарья,Щеглова
Дмитрий,Петухов
Виктория,Краснова
Георгий,Моргунов
Марк,Лукин
Нина,Галкина
Майя,Савина
Алексей,Парфенов
Лука,Аникин
Руслан,Антипов
Милена,Новикова
Анатолий,Степанов
София,Кошелева
Ирина,Беликова
Михаил,Косарев
Михаил,Медведев
Яна,Савицкая
Ян,Васильев
Ярослав,Третьяков
Александр,Кузьмин
Надежда,Попова
Михаил,Астафьев
Роберт,Федосов
Юлия,Григорьева
Олеся,Русакова
Злата,Измайлова
Андрей,Свешников
Тихон,Авдеев
Никита,Корнилов
Лука,Королев
Денис,Курочкин
Надежда,Костина
Владимир,Швецов
Вадим,Сизов
Вадим,Исаков
Алиса,Игнатьева
Кристина,Малахова
Кира,Шмелева
Мия,Рыжова
Филипп,Уваров
Юрий,Худяков
Яков,Логинов
Мила,Астахова
Мирослав,Жуков
Тимур,Булгаков
Алёна,Савельева
Елисей,Кочетов
Ева,Москвина
Артур,Лукин
Алексей,Воронков
Демьян,Царев
Кира,Пономарева
Юрий,Лукин
Марина,Вавилова
Николай,Кондратьев
Серафим,Агеев
Татьяна,Филиппова
Анастасия,Калмыкова
Марат,Анохин
Руслан,Казанцев
Георгий,Фомин
Сергей,Киселев
Савва,Воронин
Матвей,Зыков
Никита,Гуров
Савелий,Литвинов
Наталья,Агеева
Лев,Кудрявцев
Ульяна,Вешнякова
Любовь,Алексеева
Наталья,Винокурова
Майя,Кириллова
Денис,Абрамов
Злата,Ситникова
Денис,Еремеев
Василий,Воробьев
Арина,Воробьева
Надежда,Кулагина
Вадим,Малинин
Илья,Романов
Серафима,Кочергина
Дарина,Фролова
Вадим,Бобров
Марк,Кольцов
Валентина,Панкова
Вадим,Горохов
Егор,Золотов
Станислав,Широков
Мила,Фадеева
Надежда,Потапова
Артемий,Муравьев
Георгий,Мартынов
Мирослава,Родина
Елена,Зуева
Святослав,Казаков
Нина,Фомина
Савва,Лавров
Елисей,Петухов
Никита,Носков
Станислав,Новиков
Родион,Щеглов
Алина,Судакова
Иван,Максимов
Мирослав,Голубев
Богдан,Карпов
Никита,Агеев
Святослав,Константинов
София,Астахова
Василий,Мельников
Владимир,Костин
Ирина,Ткачева
Серафим,Севастьянов
Марина,Панова
Павел,Серебряков
Яна,Некрасова
Арина,Сычева
Алёна,Андрианова
Артемий,Власов
Алина,Белова
Ирина,Артамонова
Мирослава,Ткачева
Гордей,Кононов
Георгий,Дружинин
Алина,Белкина
Виктор,Громов
Ника,Кулакова
Валентина,Минаева
Фёдор,Воронов
Мирон,Шаров
Илья,Румянцев
Вера,Щукина
Сергей,Аникин
Константин,Куприянов
Ника,Агеева
Кира,Губанова
Полина,Блинова
Милана,Мухина
Савва,Сухов
Матвей,Лапин
Гордей,Столяров
Пётр,Дубровин
Вероника,Филиппова
Вероника,Пономарева
Таисия,Носова
Ярослава,Майорова
Кристина,Данилова
Надежда,Уварова
Владислава,Хохлова
Андрей,Титов
Василиса,Шевцова
Мирон,Седов
Арина,Мельникова
Антонина,Лаврова
Макар,Матвеев
Лидия,Князева
Ника,Карташова
Фёдор,Ермаков
Марина,Игнатьева
Кристина,Воробьева
Таисия,Ларина
Нина,Жарова
Мия,Шувалова
Анастасия,Скворцова
Игорь,Корнеев
Владислав,Федосеев
Вероника,Шарова
Ольга,Кукушкина
Любовь,Соловьева
Диана,Малахова
Вера,Шевцова
Алина,Назарова
Юлия,Денисова
Мия,Куликова
Захар,Панкратов
Ксения,Добрынина
Тимофей,Царев
Роман,Колесов
Вадим,Сергеев
Анастасия,Овчинникова
Тихон,Клюев
Яна,Крылова
Макар,Фомичев
Константин,Гуров
Алёна,Щукина
Григорий,Шилов
Александр,Колосов
Таисия,Винокурова
Елизавета,Пантелеева
Мирослав,Буров
Василиса,Русакова
Савелий,Савин
Анатолий,Курочкин
Любовь,Воронкова
Владимир,Антонов
Борис,Крюков
Денис,Буров
Серафима,Еремина
Светлана,Кулагина
Сергей,Зорин
Платон,Зеленин
Мирослава,Панина
Виктория,Филатова
Глеб,Черкасов
Арсений,Озеров
Денис,Островский
Глеб,Максимов
Филипп,Никулин
Нина,Баранова
Павел,Серов
Пётр,Калугин
Елизавета,Ткачева
Лилия,Кулакова
Серафим,Тихонов
Николай,Андрианов
Ярослав,Суслов
Святослав,Попов
Валерия,Дубинина
Полина,Иванова
Кирилл,Лосев
Юлия,Еремеева
Ян,Фокин
Ольга,Жданова
Милана,Басова
Леонид,Павлов
Кристина,Сазонова
Тихон,Дементьев
Анатолий,Лазарев
Степан,Пименов
Григорий,Шаров
Борис,Пименов
Лилия,Гончарова
Степан,Марков
Максим,Артемов
Савва,Жуков
Вера,Березина
Елизавета,Кондрашова
Виктор,Пименов
Лилия,Казанцева
Антонина,Аникина
Арина,Прохорова
Алиса,Авдеева
Любовь,Родионова
Полина,Корнева
Всеволод,Агапов
Арина,Лукина
Мария,Трошина
Милана,Зимина
Арсений,Евдокимов
Евгения,Пастухова
Валерия,Дмитриева
Григорий,Горюнов
Нина,Чистякова
Нина,Суслова
Евгений,Беляев
Анна,Суханова
Филипп,Панфилов
Евгения,Блинова
Василиса,Дубова
Кира,Лопатина
Ника,Андреева
Семён,Фомин
Майя,Синицына
Богдан,Ильинский
Елисей,Вавилов
Кристина,Шишкина
Павел,Савельев
Фёдор,Мещеряков
Марк,Лавров
Ульяна,Денисова
Елизавета,Головина
Иван,Лапин
Ярослава,Балашова
Олеся,Колесникова
Тимур,Корольков
Савва,Еремин
Ангелина,Нечаева
Арина,Мещерякова
Артём,Филатов
Леонид,Дорофеев
Сергей,Горелов
Маргарита,Морозова
Дарья,Филимонова
Степан,Бондарев
Лилия,Савина
Елисей,Миронов
Константин,Прохоров
Василиса,Алехина
Фёдор,Дьяконов
Филипп,Колосов
Зоя,Белоусова
Руслан,Малышев
София,Сизова
Анна,Терехова
Евгений,Чесноков
Артемий,Борисов
Артём,Губанов
Леонид,Клюев
Карина,Потапова
Мия,Воронина
Дарина,Медведева
Святослав,Самсонов
Александр,Фокин
Лидия,Чернова
Арсений,Козин
Иван,Кононов
Илья,Попов
Тихон,Алексеев
Мария,Ильинская
Ангелина,Березина
Артемий,Бирюков
Елисей,Губанов
Глеб,Капустин
Антон,Ежов
Татьяна,Шилова
Демьян,Симонов
Лидия,Титова
Яков,Маслов
Мария,Максимова
Татьяна,Киреева
Родион,Егоров
Ярослав,Колесников
Елисей,Щукин
София,Краснова
Платон,Ильинский
Артём,Нефедов
Злата,Титова
Дарья,Федотова
Маргарита,Серебрякова
Филипп,Корольков
Глеб,Панов
Полина,Кочеткова
Алексей,Галкин
Диана,Белкина
Милана,Мещерякова
Ярослав,Павлов
Виктор,Субботин
Платон,Коровин
Даниил,Рябов
Яна,Краснова
Арина,Чеснокова
Лука,Чернышев
Ян,Прохоров
Илья,Комиссаров
Олег,Агафонов
Ольга,Рубцова
Екатерина,Бессонова
Ярослав,Чистяков
Кирилл,Севастьянов
Родион,Пастухов
Алина,Дорофеева
Кирилл,Шмелев
Фёдор,Швецов
Игорь,Тихонов
Кристина,Сухарева
Диана,Маркова
Василий,Дмитриев
Виктория,Лукьянова
Елизавета,Матвеева
Герман,Раков
Герман,Левин
Зоя,Пирогова
Марина,Овсянникова
Милана,Майорова
Тимофей,Беспалов
Всеволод,Носов
Олег,Дементьев
Дарина,Костина
Даниил,Голубев
Степан,Блохин
Савелий,Маркин
Мария,Козлова
Александра,Лапшина
Яна,Токарева
Милана,Ермилова
Иван,Семин
Савелий,Бессонов
Василий,Киреев
Евгения,Смирнова
Татьяна,Болдырева
Родион,Кожевников
Вероника,Прокофьева
Егор,Фомичев
Сергей,Трошин
Григорий,Костин
Антон,Авдеев
Юрий,Высоцкий
Татьяна,Капустина
Илья,Дубровин
Ксения,Беспалова
Юлия,Поликарпова
Лилия,Шульгина
Богдан,Окулов
Елисей,Нечаев
Николай,Калмыков
Тимур,Ильин
Кристина,Ковалева
Демьян,Максимов
Мирослав,Шмелев
Яна,Калугина
Светлана,Журавлева
Олег,Агеев
Карина,Панина
Ульяна,Черная
Лука,Кудряшов
Кирилл,Панфилов
Милена,Латышева
Сергей,Голиков
Андрей,Суханов
Тимур,Комаров
Руслан,Тихонов
Сергей,Орлов
Светлана,Золотова
Алексей,Леонов
Савва,Ананьев
Мила,Игнатова
Пётр,Федосов
Ева,Дементьева
Юлия,Чистякова
Яков,Золотов
Сергей,Фетисов
Алиса,Голубева
Олеся,Давыдова
Богдан,Уваров
Владислав,Шестаков
Майя,Шубина
Артемий,Еремеев
Тихон,Севастьянов
Лилия,Верещагина
Владислава,Чистякова
Платон,Устинов
Мирослав,Федосов
Арсений,Парамонов
Юлия,Успенская
Олеся,Игнатова
Егор,Туманов
Георгий,Хомяков
Ника,Гордеева
Алексей,Моргунов
Татьяна,Евсеева
Артём,Глебов
Вера,Волошина
Кирилл,Носов
Борис,Куликов
Алексей,Семенов
Анна,Головина
Денис,Дьяконов
Демид,Князев
Ульяна,Елисеева
Василиса,Маркелова
Мария,Козина
Степан,Константинов
Арина,Синицына
Родион,Корнилов
Яков,Калашников
Варвара,Алешина
Елисей,Никонов
Зоя,Никулина
Роман,Громов
Тимур,Покровский
Ирина,Сальникова
Тимофей,Шубин
Артур,Широков
Всеволод,Тихомиров
Артемий,Старостин
Игорь,Носков
Константин,Жуков
Майя,Колпакова
Нина,Игнатьева
Святослав,Беляев
Анна,Волкова
Лев,Селиванов
Арсений,Симонов
Василий,Маркелов
Евгения,Анохина
Зоя,Снегирева
Виктория,Рябова
Ян,Минаев
Леонид,Владимиров
Андрей,Фомичев
Мила,Кулешова
Олег,Королев
Ника,Снегирева
Алиса,Колосова
Арсений,Чернышев
Даниил,Давыдов
Валерия,Кондрашова
Владислав,Голованов
Родион,Максимов
Игорь,Федосеев
Никита,Синицын
Глеб,Царев
Яков,Митрофанов
Ольга,Дегтярева
Юлия,Чижова
Георгий,Демин
Дарина,Мешкова
Даниил,Свиридов
Лука,Воронцов
Маргарита,Пахомова
Захар,Зверев
Дарина,Козырева
Дмитрий,Гришин
Савва,Золотов
Татьяна,Дорохова
Александр,Леонтьев
Мирослав,Тарасов
Алина,Дьяконова
Руслан,Ильин
Карина,Дмитриева
Анастасия,Елизарова
Анна,Ерофеева
Макар,Успенский
Сергей,Фомин
Яков,Головин
Татьяна,Елисеева
Александр,Аксенов
Иван,Свиридов
Юлия,Шилова
Роберт,Злобин
Виктор,Терехов
Валентина,Суркова
Владимир,Куликов
Дмитрий,Аникин
Таисия,Акимова
Елизавета,Лыкова
Светлана,Нефедова
Филипп,Коршунов
Тимур,Лавров
Злата,Русакова
Егор,Кузьмин
Василиса,Чеботарева
Виктория,Медведева
Василий,Никулин
Владислава,Высоцкая
Евгения,Дорохова
Ярослава,Большакова
Карина,Петрова
Евгений,Сидоров
Богдан,Худяков
Матвей,Глушков
Ева,Горшкова
Адам,Устинов
Милена,Ефремова
Ольга,Блинова
Степан,Игнатов
Василиса,Фетисова
Таисия,Бурова
Игорь,Мухин
Серафима,Самсонова
Валерий,Мешков
Николай,Блинов
Ника,Прокофьева
Леонид,Губанов
Богдан,Мальцев
Диана,Долгова
Вероника,Малышева
Варвара,Митрофанова
Филипп,Филатов
Полина,Демина
Анастасия,Бычкова
Егор,Архипов
Максим,Бессонов
Анастасия,Соловьева
Лука,Тихонов
Ксения,Зимина
Вероника,Савельева
Глеб,Винокуров
Михаил,Никонов
Ярослав,Ширяев
Лидия,Ерофеева
Юлия,Колосова
Анна,Суслова
Виктор,Клюев
Константин,Черняев
Алиса,Орехова
Мия,Руднева
Зоя,Семенова
Ульяна,Фокина
Борис,Злобин
Карина,Рябинина
Тихон,Новиков
Вячеслав,Алешин
Марина,Симонова
Борис,Столяров
Константин,Кукушкин
Андрей,Злобин
Никита,Кузнецов
Алёна,Алексеева
Андрей,Наумов
Тимур,Парамонов
Степан,Горохов
Василий,Колесов
Савва,Емельянов
Артём,Лапшин
Евгения,Комиссарова
Полина,Андрианова
Мирон,Семенов
Лилия,Малышева
Ульяна,Дегтярева
Ирина,Дементьева
Гордей,Свиридов
Ирина,Панина
Денис,Фролов
Арсений,Калачев
Всеволод,Исаев
Платон,Митрофанов
Тихон,Прокофьев
Фёдор,Гордеев
Артём,Астафьев
Филипп,Козырев
Максим,Захаров
Майя,Зеленина
Таисия,Маркина
София,Ильинская
Владислав,Щеглов
Олеся,Кулакова
Савелий,Винокуров
Евгения,Игнатова
Антон,Лебедев
Роман,Воронков
Анастасия,Добрынина
Татьяна,Глебова
Георгий,Мещеряков
Дмитрий,Корнев
Кирилл,Стариков
Леонид,Кондратьев
Валерий,Овсянников
Варвара,Левина
Святослав,Елизаров
Кристина,Масленникова
Милена,Кондрашова
Яна,Елисеева
Макар,Нефедов
Григорий,Царев
Алина,Олейникова
Юлия,Астафьева
Алёна,Нефедова
Захар,Сурков
Ева,Мухина
Демид,Коновалов
Олег,Парфенов
Демид,Гаврилов
Кира,Муратова
Мия,Щербакова
Георгий,Кукушкин
Богдан,Кузнецов
Филипп,Агапов
Всеволод,Рябинин
Мия,Белоусова
Егор,Ткачев
Мия,Высоцкая
Фёдор,Скворцов
Савва,Сомов
Фёдор,Дементьев
Ярослав,Касьянов
Артур,Ефремов
Мария,Дьяконова
Николай,Лаптев
Виктор,Туманов
Борис,Любимов
Милена,Андреева
Макар,Панин
Василиса,Овсянникова
Владислава,Титова
Денис,Козин
Григорий,Зеленин
Елизавета,Худякова
Дарина,Бабушкина
Елена,Полякова
Фёдор,Волков
Андрей,Соколов
Борис,Соболев
Василий,Колесников
Демид,Алешин
Антонина,Григорьева
Мирослава,Клюева
Майя,Лыкова
Владимир,Корнеев
Всеволод,Колпаков
Евгений,Андрианов
Олеся,Вавилова
Матвей,Березин
Юрий,Толкачев
Милана,Панкова
Василий,Сухов
Тимофей,Овчинников
Антонина,Рябинина
Вероника,Киреева
Роберт,Леонтьев
Лев,Кириллов
Милена,Медведева
Марк,Николаев
Борис,Ильинский
Владимир,Акимов
Алина,Фомичева
Виктория,Панкова
Светлана,Павлова
Злата,Исакова
Алёна,Зотова
Гордей,Лаптев
Антонина,Басова
Кира,Воробьева
Семён,Рыбаков
Серафим,Савельев
Виктор,Поляков
Александр,Хромов
Светлана,Михайлова
Елизавета,Пастухова
Мария,Зайцева
Адам,Егоров
Павел,Матвеев
Павел,Горбунов
Ксения,Большакова
Лидия,Сидорова
Артём,Коновалов
Алёна,Семина
Адам,Дьяков
Артур,Фомин
Полина,Жилина
Михаил,Вешняков
Филипп,Добрынин
Егор,Краснов
Мия,Русакова
Григорий,Ткачев
Гордей,Казаков
Мирослава,Кулакова
Григорий,Кошелев
Мия,Фирсова
Елисей,Демидов
Наталья,Кудряшова
Ольга,Левина
Алиса,Селезнева
Алиса,Артамонова
Станислав,Любимов
Арсений,Моисеев
Надежда,Филимонова
Фёдор,Андрианов
Гордей,Бочаров
Леонид,Сурков
Дмитрий,Львов
Леон,Ларин
Злата,Гусева
Майя,Гусева
Лев,Лапшин
Елена,Зотова
Мирослава,Селезнева
Таисия,Зверева
Яна,Егорова
Алина,Сухова
Дмитрий,Ильинский
Владимир,Седов
Виктор,Литвинов
Полина,Корнилова
Платон,Фокин
Алиса,Елисеева
Адам,Капустин
Виктория,Ильинская
Кристина,Шарова
Арина,Матвеева
Полина,Грекова
Виктория,Булгакова
Таисия,Ермолаева
Марина,Беспалова
Юрий,Сальников
Кристина,Владимирова
Андрей,Малышев
Пётр,Савин
Василий,Филимонов
Мила,Гуляева
Елисей,Кольцов
Евгений,Емельянов
Мила,Климова
Мия,Булгакова
Алёна,Федосова
Алина,Пирогова
Кира,Коршунова
Полина,Гончарова
Надежда,Губанова
Арсений,Буров
Глеб,Жаров
Майя,Ананьева
Мия,Сорокина
Ян,Ларин
Даниил,Балашов
Валерий,Фомичев
Глеб,Киселев
Яков,Виноградов
Олеся,Плотникова
Виктория,Грачева
Антон,Воробьев
Демид,Сахаров
Ксения,Семенова
Ангелина,Капустина
Антон,Севастьянов
Злата,Макарова
Вероника,Беликова
Ника,Калинина
Олег,Зайцев
Матвей,Сухарев
Злата,Болдырева
Савелий,Касаткин
Захар,Касьянов
Даниил,Вишневский
Станислав,Соколов
Родион,Ефимов
Дарья,Кондратова
Вера,Булгакова
Ника,Пантелеева
Варвара,Ушакова
Николай,Александров
Алексей,Потапов
Марина,Пахомова
Олег,Пирогов
Александр,Левин
Леон,Петухов
Мирон,Третьяков
Матвей,Фирсов
Евгения,Сорокина
Павел,Яковлев
Олег,Горлов
Тимофей,Моисеев
Елизавета,Зайцева
Нина,Семина
София,Носова
Анатолий,Комиссаров
Олег,Горячев
Демид,Муратов
Мия,Фадеева
Георгий,Вдовин
Лука,Михеев
Всеволод,Агеев
Юрий,Ларионов
Алёна,Маслова
Олеся,Карташова
Фёдор,Белов
Олеся,Емельянова
Григорий,Кочетков
Владимир,Архипов
Леон,Медведев
Антонина,Рябова
Леон,Громов
Милана,Тарасова
Олеся,Морозова
Артемий,Беляев
Захар,Исаев
Платон,Поликарпов
Игорь,Евсеев
Ангелина,Назарова
Сергей,Фокин
Святослав,Шульгин
Елена,Титова
Екатерина,Потапова
Анастасия,Колосова
Вера,Бочарова
Артём,Фомичев
Злата,Токарева
Тимур,Скворцов
Макар,Березин
Вера,Константинова
Любовь,Агеева
Платон,Емельянов
Гордей,Комиссаров
Ксения,Кольцова
Кирилл,Бобров
Мирослава,Козырева
Глеб,Коротков
Владимир,Чесноков
Роман,Ермаков
Павел,Щеглов
Серафима,Пономарева
Злата,Вешнякова
Кира,Севастьянова
Анна,Розанова
Карина,Казакова
Зоя,Рябинина
Мирон,Попов
Савелий,Григорьев
Александр,Еремеев
Кирилл,Дроздов
Даниил,Клюев
Владислава,Тихомирова
Владимир,Дегтярев
Лев,Коршунов
Алёна,Кожевникова
Владислав,Чернышев
Анатолий,Зверев
Евгения,Терехова
Евгений,Блинов
Ангелина,Свиридова
Милана,Афанасьева
Мирон,Головин
Александр,Макеев
Даниил,Коровин
Виктор,Чумаков
Мила,Семенова
Демид,Горелов
Мирослав,Сафонов
Надежда,Климова
Сергей,Парамонов
Иван,Булгаков
Вячеслав,Демьянов
Дмитрий,Руднев
Ева,Лаврентьева
Надежда,Грачева
Матвей,Козырев
Дарья,Кравцова
Надежда,Никулина
Адам,Ильин
Злата,Лаврова
Ольга,Рудакова
Диана,Скворцова
Глеб,Андреев
Савелий,Трофимов
Маргарита,Митрофанова
Арсений,Муравьев
Борис,Кожевников
Варвара,Фомина
Николай,Сурков
Гордей,Кириллов
Игорь,Андреев
Степан,Власов
Даниил,Игнатов
Ангелина,Петрова
Макар,Шульгин
Ева,Павлова
Владимир,Дорофеев
Антонина,Зиновьева
Макар,Зорин
Владислав,Крюков
Лидия,Судакова
Лидия,Андреева
Юрий,Царев
Вадим,Чесноков
Мирон,Крючков
Илья,Калмыков
Демид,Комаров
Лев,Корнилов
Никита,Олейников
Александра,Журавлева
Анастасия,Кожевникова
Ульяна,Пантелеева
Александр,Никонов
Любовь,Сальникова
Роман,Грачев
Серафим,Куликов
Мила,Румянцева
Анастасия,Свешникова
Юлия,Лапшина
Филипп,Волошин
Марк,Коновалов
Вера,Наумова
Ирина,Кудрявцева
Екатерина,Вишневская
Ольга,Карпова
Елизавета,Шарова
Макар,Михайлов
Герман,Сотников
Макар,Голубев
Станислав,Савельев
Роберт,Давыдов
Виктор,Глебов
Светлана,Короткова
Николай,Грибов
Савелий,Спиридонов
Александра,Назарова
Демид,Колесников
Никита,Еремин
Екатерина,Ковалева
Ярослав,Власов
Алиса,Алексеева
Артур,Глухов
Ян,Смирнов
Валерия,Нефедова
Ника,Клюева
Степан,Исаев
Артур,Озеров
Алёна,Толкачева
Вячеслав,Анохин
Наталья,Покровская
Руслан,Крючков
Василиса,Ковалева
Алёна,Румянцева
Арина,Позднякова
Антон,Грачев
Владислав,Платонов
Елизавета,Платонова
Елизавета,Елисеева
Евгения,Попова
Филипп,Александров
Евгений,Морозов
Максим,Дружинин
Гордей,Тарасов
Лидия,Бабушкина
Мирослав,Овсянников
Милана,Прокофьева
Владислава,Маркина
Артём,Трифонов
Евгения,Гуляева
Злата,Вдовина
Макар,Казаков
Ульяна,Старостина
Илья,Быков
Андрей,Бычков
Николай,Добрынин
Георгий,Соловьев
Полина,Чижова
Иван,Мешков
Серафим,Львов
Демид,Тарасов
Евгения,Логинова
Марк,Михеев
Алина,Щукина
Константин,Фомичев
Ольга,Хромова
Наталья,Григорьева
Станислав,Кондрашов
Владимир,Гуров
Диана,Еремеева
Марк,Золотов
Андрей,Артамонов
Марат,Ильин
Владислава,Терентьева
Демид,Рогов
Елизавета,Басова
Алиса,Островская
Антон,Агапов
Кирилл,Бычков
Михаил,Савельев
Родион,Савин
Елисей,Беспалов
Андрей,Сафонов
Владислава,Журавлева
Всеволод,Самойлов
Василиса,Кулешова
Любовь,Минаева
Нина,Артамонова
Наталья,Сафонова
Ульяна,Жукова
Мирон,Рудаков
Яков,Ситников
Владислава,Щеглова
Павел,Киреев
Василиса,Касаткина
Василиса,Леонтьева
Нина,Осипова
Ксения,Митрофанова
Вероника,Гуляева
Артём,Чумаков
Олеся,Михеева
Кирилл,Елизаров
Дарья,Казакова
Алиса,Малинина
Роман,Комаров
Сергей,Дорохов
Пётр,Глебов
Александра,Королькова
Ярослава,Черкасова
Станислав,Ларионов
Нина,Харитонова
Борис,Осипов
Кира,Алехина
Ульяна,Зыкова
Марат,Ерофеев
Валерия,Пирогова
Даниил,Ежов
Марк,Хохлов
Валентина,Лаврентьева
Леонид,Гущин
Вероника,Орехова
Елисей,Круглов
Серафим,Черный
Виктор,Чижов
Родион,Герасимов
Майя,Лаврова
Яна,Одинцова
Олеся,Денисова
Степан,Артемов
Артемий,Колесов
Ярослав,Панфилов
Руслан,Булгаков
Кирилл,Марков
Тимофей,Никонов
Макар,Титов
Елена,Федотова
Ольга,Ларина
Ева,Дружинина
Надежда,Тарасова
Егор,Поляков
Кристина,Носова
Лидия,Мартынова
Владислава,Мешкова
Милана,Кузнецова
Арина,Минина
Ангелина,Воронова
Всеволод,Трофимов
Ева,Ильинская
Таисия,Молчанова
Наталья,Сухова
Ульяна,Коновалова
Елисей,Рубцов
Борис,Федотов
Наталья,Яковлева
Таисия,Калашникова
Александра,Яковлева
Анастасия,Олейникова
Зоя,Громова
Светлана,Плотникова
Лука,Шульгин
Вадим,Смирнов
Станислав,Румянцев
Мирослав,Нестеров
Артём,Сафонов
Ксения,Крючкова
Тимофей,Демин
Варвара,Капустина
Валерия,Парамонова
Юлия,Барсукова
Кирилл,Токарев
Ольга,Барсукова
Артур,Корнилов
Леонид,Злобин
Лука,Зиновьев
Вячеслав,Игнатьев
Антон,Гришин
София,Беспалова
Милена,Виноградова
Вероника,Минина
Константин,Филиппов
Анна,Савина
Даниил,Калачев
Савелий,Наумов
Антонина,Шевелева
Юлия,Ушакова
Владимир,Прокофьев
Дарина,Белякова
Савва,Ткачев
Андрей,Комиссаров
Всеволод,Данилов
Роберт,Бессонов
Валентина,Зуева
Филипп,Щукин
Глеб,Мухин
Милана,Исаева
Виктор,Царев
Любовь,Севастьянова
Роман,Суслов
Андрей,Черкасов
Дарья,Меркулова
Надежда,Никифорова
Денис,Блохин
Николай,Соловьев
Георгий,Родионов
Лев,Старостин
Валентина,Макарова
Ника,Кулагина
Алёна,Балашова
Станислав,Захаров
Ирина,Федосова
Александра,Филатова
Артём,Ларионов
Елизавета,Щербакова
Мария,Ларионова
Светлана,Родина
Мила,Белова
Михаил,Мельников
Серафим,Быков
Демид,Пугачев
Ника,Федосова
Наталья,Митрофанова
Иван,Белкин
Юлия,Савельева
Лидия,Дмитриева
Тихон,Лазарев
Елена,Михайлова
Светлана,Архипова
Лидия,Миронова
Даниил,Головин
Даниил,Дорохов
Артур,Лаптев
Светлана,Алешина
Богдан,Корнеев
Константин,Кузин
Филипп,Русаков
Матвей,Лобанов
Владислав,Уткин
Савелий,Вишневский
Денис,Львов
Роман,Крюков
Милана,Постникова
Макар,Коротков
Борис,Моисеев
Ульяна,Богданова
Демид,Бородин
Лев,Игнатьев
Алёна,Курочкина
Алина,Высоцкая
Ксения,Некрасова
Марат,Константинов
Филипп,Скворцов
Тимур,Озеров
Иван,Ерофеев
Олеся,Свиридова
Леонид,Воробьев
Богдан,Коршунов
Дарина,Юдина
Степан,Щукин
Адам,Кулаков
Мила,Дорохова
Ксения,Черная
Василиса,Парфенова
Александра,Столярова
Анна,Игнатова
Валерий,Гордеев
Борис,Медведев
Василиса,Зыкова
Любовь,Белкина
Роберт,Шмелев
Владислав,Зеленин
Мия,Сальникова
Татьяна,Короткова
Роман,Фадеев
Михаил,Лукьянов
Таисия,Золотарева
Владимир,Галкин
Виктория,Борисова
София,Зубкова
Захар,Селиванов
Фёдор,Моисеев
София,Успенская
Яна,Коновалова
Савва,Князев
Виктор,Владимиров
Руслан,Артемов
Артур,Сотников
Дарина,Хромова
Александр,Семин
Наталья,Князева
Мила,Муравьева
Адам,Анисимов
Диана,Блинова
Георгий,Игнатов
Мила,Старикова
Милена,Борисова
Ярослав,Кононов
Елизавета,Ильинская
Диана,Панкова
Милана,Денисова
Виктор,Зуев
Артём,Горохов
Таисия,Демидова
Богдан,Чесноков
Артемий,Евдокимов
Мирослава,Никитина
Вера,Вавилова
Карина,Озерова
Мия,Винокурова
Татьяна,Позднякова
Дарья,Зимина
Демьян,Лукьянов
Всеволод,Бобров
Тимофей,Романов
Василий,Моисеев
Яков,Горбачев
Марина,Горшкова
Станислав,Горшков
Ева,Новикова
Кирилл,Лебедев
Дарья,Лапшина
Яна,Гущина
Майя,Коршунова
Ева,Корнева
Мирон,Голиков
Кристина,Левина
Вероника,Фокина
Богдан,Акимов
Василиса,Корчагина
Ульяна,Шубина
Артемий,Кравцов
Матвей,Шаров
Ярослава,Ерофеева
Кира,Боброва
Платон,Литвинов
Леонид,Матвеев
Мирослава,Маркина
Дмитрий,Юдин
Надежда,Курочкина
Варвара,Фокина
Маргарита,Волкова
Елизавета,Черныха
Демьян,Корчагин
Демьян,Аксенов
Павел,Шувалов
Яна,Бабушкина
Лев,Дьяконов
Елизавета,Жарова
Алёна,Колосова
Руслан,Гладков
Гордей,Пугачев
Алина,Фирсова
Ярослава,Королева
Ангелина,Судакова
Марат,Казаков
Вероника,Дорофеева
Ирина,Куприянова
Александр,Голубев
Арина,Демина
Надежда,Макеева
Родион,Маркелов
Кристина,Павловская
Валерия,Виноградова
Дарья,Тимофеева
Артём,Александров
Владимир,Широков
Серафима,Лаптева
Евгений,Кочергин
Марк,Корнев
Александр,Беспалов
Нина,Богданова
Кристина,Уткина
Милана,Савина
Максим,Кулешов
Наталья,Судакова
Анна,Фирсова
Кирилл,Дорохов
Лидия,Грачева
Тимофей,Уткин
Фёдор,Гущин
Елисей,Ульянов
Елизавета,Гончарова
Елена,Игнатова
Ника,Гусева
Мила,Масленникова
Богдан,Булгаков
Лилия,Наумова
Ярослава,Голубева
Роберт,Золотов
Матвей,Авдеев
Сергей,Рябинин
Лилия,Лапшина
Алина,Бородина
Антон,Харитонов
Ника,Фролова
Валерий,Спиридонов
Виктория,Захарова
Марат,Михеев
Захар,Пантелеев
Наталья,Савельева
София,Ситникова
Роберт,Баженов
Кирилл,Филатов
Вячеслав,Зуев
Ирина,Карпова
Мирослава,Дружинина
Глеб,Щеглов
Константин,Олейников
Владислав,Зубов
Таисия,Зорина
Адам,Григорьев
Наталья,Наумова
Макар,Андрианов
Надежда,Дьякова
Иван,Судаков
Мирослава,Баженова
Ярослава,Степанова
Глеб,Молчанов
Валентина,Абрамова
Тихон,Стариков
Савелий,Артемов
Валентина,Зубова
Евгения,Шульгина
Вадим,Панков
Евгения,Козлова
Ангелина,Кулешова
Ника,Королькова
Алёна,Тарасова
Пётр,Афанасьев
Карина,Левина
Артём,Поликарпов
Семён,Петров
Арина,Островская
Денис,Копылов
Тимур,Григорьев
Пётр,Филатов
Серафима,Островская
Пётр,Шевелев
Ян,Матвеев
Георгий,Давыдов
Маргарита,Фетисова
Александр,Щербаков
Татьяна,Колесникова
Тимур,Дружинин
Надежда,Орехова
Ника,Булгакова
Савелий,Князев
Валерия,Фокина
Максим,Корольков
Тимофей,Сычев
Леонид,Вавилов
Александра,Звягинцева
Лука,Чумаков
Савелий,Авдеев
Владислав,Алехин
Надежда,Жданова
Кирилл,Калашников
Макар,Маслов
Мирослава,Леонтьева
Георгий,Аникин
Кирилл,Завьялов
Михаил,Дубов
Владислав,Игнатов
Ульяна,Антонова
Лука,Коровин
Светлана,Данилова
Серафима,Михеева
Лидия,Короткова
Нина,Прокофьева
Ангелина,Еремина
Юлия,Золотова
Виктор,Ситников
Евгения,Крючкова
Кира,Маркелова
Зоя,Яшина
Елизавета,Нечаева
Иван,Михайлов
Дарья,Коновалова
Наталья,Болдырева
Пётр,Панин
Дарья,Колесова
Арсений,Большаков
Олеся,Галкина
Василий,Воронов
Ярослав,Прохоров
Егор,Воробьев
Савелий,Гончаров
Владислава,Успенская
Лидия,Капустина
Мирослав,Власов
Мирослава,Яковлева
Родион,Дмитриев
Светлана,Головина
Тимур,Шевцов
Валентина,Нефедова
Иван,Рябов
Максим,Звягинцев
Григорий,Фомин
Елизавета,Воробьева
Мила,Басова
Иван,Беликов
Захар,Константинов
Серафима,Зиновьева
Вероника,Зорина
Артём,Жаров
Пётр,Дружинин
Константин,Щукин
Яна,Круглова
Артём,Рубцов
Арсений,Дементьев
Василиса,Акимова
Юлия,Константинова
Елена,Фомичева
Олег,Добрынин
Илья,Горлов
Михаил,Петухов
Олег,Басов
Ангелина,Косарева
Ксения,Киселева
Макар,Шевцов
Савва,Комиссаров
Марк,Евсеев
Богдан,Фадеев
Тихон,Краснов
Адам,Соколов
Всеволод,Белоусов
Алиса,Барсукова
Борис,Колосов
Евгения,Литвинова
Диана,Баранова
Варвара,Ермолова
Глеб,Марков
Вячеслав,Грибов
Иван,Ульянов
Вера,Шмелева
Василий,Савин
Карина,Селиванова
Алёна,Горохова
Всеволод,Котов
Елизавета,Рыжова
Евгения,Сухова
Герман,Дубровин
Андрей,Гущин
Иван,Буров
Алёна,Полякова
Елена,Горлова
Евгения,Сахарова
Дарина,Виноградова
Михаил,Худяков
Марина,Широкова
Степан,Судаков
Арсений,Петухов
Арина,Мухина
Евгения,Горячева
Анастасия,Львова
Герман,Тимофеев
Ярослав,Голованов
Дмитрий,Нечаев
Арсений,Елизаров
Даниил,Носов
Надежда,Жукова
Милана,Озерова
Майя,Соловьева
Владислава,Громова
Алексей,Дубровин
Михаил,Зимин
Ярослав,Никитин
Тимур,Буров
Полина,Филиппова
Лилия,Родионова
Константин,Добрынин
Роман,Вавилов
Александра,Уварова
Владимир,Савельев
Константин,Баженов
Вадим,Голубев
Фёдор,Ильин
Константин,Уваров
Тихон,Меркулов
Фёдор,Кочетков
Антонина,Козлова
Семён,Островский
Фёдор,Панфилов
Олеся,Потапова
Кристина,Игнатьева
Вадим,Ковалев
Серафим,Зайцев
Леонид,Черных
Лидия,Седова
Даниил,Крылов
Святослав,Еремин
Диана,Бочарова
Демьян,Кожевников
Дарина,Жарова
Антонина,Широкова
Надежда,Чернышева
Мирослав,Михеев
Артём,Литвинов
Нина,Волкова
София,Ширяева
Артём,Суворов
Алексей,Никифоров
Мирон,Петухов
Адам,Комаров
Виктория,Соловьева
Павел,Вавилов
Семён,Латышев
Мария,Борисова
Андрей,Глушков
Зоя,Кожевникова
Мирон,Гордеев
Валентина,Григорьева
Мия,Королькова
Святослав,Шевцов
Фёдор,Филимонов
Георгий,Балашов
Олеся,Бурова
Павел,Золотов
Диана,Грибова
Сергей,Миронов
Дарья,Никонова
Арина,Свиридова
Тимур,Соболев
Михаил,Рогов
Гордей,Николаев
Александра,Лукьянова
Матвей,Васильев
Лев,Крюков
Кира,Курочкина
Станислав,Галкин
Евгений,Медведев
Станислав,Степанов
Степан,Калугин
Олег,Панкратов
Мирон,Щукин
Кристина,Суркова
Варвара,Завьялова
Виктор,Марков
Константин,Карпов
Герман,Никольский
Захар,Савицкий
Маргарита,Гончарова
Тимур,Самойлов
Глеб,Сизов
Ярослава,Котова
Ева,Скворцова
Тихон,Митрофанов
Анастасия,Голикова
Кристина,Антипова
Олеся,Молчанова
Юлия,Николаева
Никита,Кочетков
Артемий,Баженов
Илья,Петухов
Кира,Пастухова
Василиса,Золотарева
Дарина,Сухарева
Семён,Гаврилов
Глеб,Рыбаков
Станислав,Пахомов
Роман,Широков
Виктор,Ермаков
Дарина,Молчанова
Варвара,Ильина
Демид,Крылов
Анастасия,Борисова
Елисей,Сомов
Евгения,Макарова
Виктор,Краснов
Савва,Козловский
Святослав,Крючков
Василий,Лукин
Мия,Трифонова
Карина,Касьянова
Елизавета,Калугина
Юлия,Черныха
Василиса,Панкратова
Евгения,Хохлова
Милена,Щербакова
Ольга,Шмелева
Евгения,Балашова
Зоя,Крючкова
Захар,Ульянов
Татьяна,Свиридова
Артём,Крюков
Зоя,Казакова
Арсений,Куприянов
Марина,Ушакова
Валентина,Мальцева
Анастасия,Жилина
Матвей,Колесников
Анастасия,Ежова
Николай,Латышев
Ирина,Царева
Валерия,Плотникова
Ника,Позднякова
Сергей,Чижов
Юлия,Новикова
Лев,Михеев
Ярослава,Елизарова
Мирослав,Алексеев
Сергей,Бабушкин
Евгений,Денисов
Вероника,Ткачева
Кристина,Фролова
Ника,Любимова
Савелий,Еремеев
Андрей,Фролов
Олеся,Савицкая
Злата,Губанова
Глеб,Рыжов
Юрий,Поздняков
Арсений,Клюев
Владислав,Шилов
Иван,Дубов
Любовь,Литвинова
Елена,Рубцова
Семён,Толкачев
Филипп,Левин
Марк,Платонов
Надежда,Черныха
Алиса,Белкина
Савелий,Серов
Яна,Орехова
Милена,Масленникова
Лев,Орехов
Мия,Власова
Елена,Устинова
Юлия,Сергеева
Лев,Румянцев
Игорь,Корчагин
Евгений,Логинов
Георгий,Глушков
Георгий,Окулов
София,Курочкина
Алиса,Миронова
Ксения,Бабушкина
Дмитрий,Лосев
Богдан,Лосев
Константин,Жданов
Наталья,Федотова
Илья,Журавлев
Мирон,Рогов
Ярослав,Лебедев
Юрий,Медведев
Станислав,Демьянов
Демьян,Муравьев
Ярослав,Майоров
Мария,Архипова
Матвей,Чернышев
Пётр,Ларионов
Матвей,Корнеев
Леонид,Чернов
Захар,Леонтьев
Елизавета,Королькова
Александра,Мешкова
Владислав,Ананьев
Зоя,Бочарова
Ирина,Горбунова
Лидия,Панфилова
Таисия,Герасимова
Глеб,Лавров
Николай,Сухов
Дарья,Миронова
Мирон,Чижов
Роман,Никонов
Мирослав,Львов
Маргарита,Бабушкина
Игорь,Троицкий
Ева,Казанцева
Мирон,Артемов
Кристина,Трифонова
Ярослава,Федорова
Лилия,Шевцова
Олег,Кожевников
Мирослава,Панкова
Марат,Долгов
Варвара,Овчинникова
Герман,Потапов
Вадим,Блинов
Всеволод,Лапин
Евгения,Родина
Демид,Барсуков
Филипп,Романов
Артур,Жданов
Савелий,Емельянов
Яков,Гончаров
Елизавета,Белякова
Полина,Звягинцева
Мария,Молчанова
Виктор,Левин
Валерия,Трофимова
Евгений,Трофимов
Елисей,Филатов
Илья,Измайлов
Владимир,Кулаков
Василиса,Наумова
Глеб,Парамонов
Андрей,Нечаев
Егор,Завьялов
Валерия,Колпакова
Наталья,Зиновьева
Родион,Зеленин
Анастасия,Костина
Всеволод,Маркин
Александра,Беляева
Илья,Сурков
Диана,Шилова
Ульяна,Родина
Варвара,Звягинцева
Даниил,Мещеряков
Артур,Синицын
Серафим,Кулешов
Вера,Павлова
Филипп,Муратов
Артём,Дмитриев
Юлия,Горохова
Елена,Суханова
Павел,Лосев
Лука,Гришин
Михаил,Львов
Варвара,Лаптева
Пётр,Михеев
Ярослава,Третьякова
Надежда,Шубина
Василий,Устинов
Ника,Гришина
Майя,Абрамова
Владимир,Лаптев
Андрей,Калугин
Ян,Авдеев
Валерий,Исаев
Герман,Черных
Артём,Кудрявцев
Богдан,Матвеев
Елисей,Цветков
Тимофей,Артемов
Елизавета,Жданова
Андрей,Хомяков
Юлия,Горбунова
Тимур,Губанов
Варвара,Сизова
Евгения,Третьякова
Матвей,Калугин
Валентина,Фокина
Пётр,Булатов
Варвара,Рябинина
Вероника,Логинова
Лев,Бородин
Владислава,Богданова
Владислава,Исаева
Маргарита,Лобанова
Пётр,Юдин
Тихон,Голованов
Марат,Орлов
Макар,Чижов
Милена,Фомина
Диана,Костина
Яна,Суворова
Дмитрий,Зайцев
София,Белова
Любовь,Сергеева
Леонид,Коновалов
Валерий,Сухов
Николай,Агафонов
Роман,Булгаков
Александр,Косарев
Олег,Никитин
Зоя,Сергеева
Дарина,Суслова
Демид,Галкин
Ульяна,Зотова
Святослав,Черняев
Савва,Лапин
Ульяна,Панфилова
Александра,Ильинская
София,Зотова
Валерий,Сизов
Ева,Шувалова
Филипп,Панин
Роман,Коновалов
Алёна,Пантелеева
Вадим,Селиванов
Елена,Бородина
Антонина,Лапшина
Лилия,Ершова
Платон,Горелов
Матвей,Дегтярев
Тимофей,Еремин
Богдан,Терехов
Константин,Медведев
Пётр,Климов
Василий,Парфенов
Максим,Малахов
Татьяна,Кулагина
Варвара,Малахова
Милана,Ильинская
Олег,Чижов
Фёдор,Плотников
Роман,Сафонов
Ирина,Семина
Ника,Серебрякова
Владимир,Хромов
Ирина,Рябова
Владислав,Филатов
Ева,Агеева
Дарья,Агеева
Захар,Губанов
Дарина,Елизарова
Лев,Горохов
Кира,Ершова
Семён,Матвеев
Карина,Глухова
Степан,Ширяев
Захар,Панин
Борис,Горячев
Роберт,Еремеев
Михаил,Латышев
Диана,Муратова
Платон,Козырев
Денис,Демьянов
Анатолий,Громов
Богдан,Кошелев
Александр,Воронцов
Карина,Булгакова
Гордей,Грачев
Елена,Захарова
Андрей,Жаров
Василиса,Селезнева
Александр,Троицкий
Ева,Исаева
Вера,Архипова
Борис,Большаков
Дарина,Ильинская
Арсений,Пастухов
Николай,Звягинцев
Павел,Русаков
Игорь,Ефремов
Михаил,Галкин
Родион,Свешников
Диана,Островская
Маргарита,Семенова
Ирина,Пименова
Никита,Грачев
Денис,Гончаров
Ульяна,Колпакова
Матвей,Цветков
Тимофей,Колесников
Мария,Елизарова
Варвара,Филатова
Олег,Акимов
Ярослав,Скворцов
Варвара,Игнатьева
Мирослав,Капустин
Вера,Блохина
Константин,Крюков
Екатерина,Болдырева
Виктория,Серова
Серафим,Родин
Елисей,Некрасов
Пётр,Рыбаков
Андрей,Чесноков
Павел,Галкин
Таисия,Козлова
Павел,Терехов
София,Калинина
Юлия,Чернова
Яков,Прохоров
Андрей,Кондратьев
Елисей,Мальцев
Алёна,Дружинина
Степан,Окулов
Даниил,Баранов
Елизавета,Зиновьева
Яна,Павловская
Юлия,Беликова
Ярослав,Агеев
Александра,Дьякова
Екатерина,Гусева
Григорий,Шубин
Диана,Ермолаева
Степан,Костин
Кирилл,Спиридонов
Филипп,Максимов
Святослав,Глухов
Борис,Снегирев
Руслан,Ефремов
Яна,Моисеева
Мирон,Любимов
Таисия,Гришина
Мирослав,Коновалов
Алина,Лебедева
Никита,Белов
Маргарита,Зайцева
Артём,Сотников
Виктория,Бородина
Мирослава,Грибова
Родион,Филиппов
Константин,Кириллов
Роман,Дементьев
Леон,Любимов
Денис,Павловский
Алексей,Осипов
Лука,Сальников
Никита,Ершов
Максим,Рубцов
Савва,Беляков
Мия,Шмелева
Екатерина,Ефремова
Артемий,Шубин
Семён,Высоцкий
Мия,Агафонова
Марат,Шестаков
Роман,Малинин
Алексей,Субботин
Владислав,Болдырев
Ольга,Орлова
Никита,Сизов
Григорий,Филатов
Михаил,Макаров
Мила,Богданова
Андрей,Поздняков
Андрей,Королев
Богдан,Прокофьев
Лука,Маркелов
Владимир,Щукин
Савва,Баранов
Дмитрий,Борисов
Яков,Скворцов
Анна,Зиновьева
Таисия,Беляева
Милана,Колесникова
Леон,Колпаков
Матвей,Акимов
Даниил,Туманов
Захар,Высоцкий
Ярослава,Фадеева
Степан,Ильин
Максим,Елизаров
Юрий,Рудаков
Адам,Симонов
Тимур,Морозов
Мирон,Зубов
Святослав,Аксенов
Диана,Корнеева
Екатерина,Гришина
Михаил,Раков
Мария,Ширяева
Егор,Панков
Максим,Голованов
Виктория,Короткова
Лука,Исаков
Георгий,Евдокимов
Валерий,Винокуров
Павел,Савин
Борис,Галкин
Марина,Андреева
Артём,Емельянов
Демид,Левин
Мирон,Курочкин
Тимур,Мартынов
Савва,Шаповалов
Савва,Булгаков
Маргарита,Суркова
Семён,Севастьянов
Мирон,Ермилов
Егор,Новиков
Мирон,Гришин
Сергей,Соловьев
Василий,Савельев
Максим,Плотников
Кристина,Алексеева
Адам,Барсуков
Алина,Макеева
Александр,Зыков
Лука,Астафьев
Филипп,Воронин
Арсений,Худяков
Артемий,Крючков
Александр,Павлов
Ярослава,Пантелеева
Роберт,Соловьев
Серафим,Яковлев
Ольга,Шувалова
Алина,Соколова
Родион,Вдовин
Таисия,Кузнецова
Анастасия,Трофимова
Макар,Галкин
Ярослав,Казанцев
Лидия,Субботина
Екатерина,Сухарева
Руслан,Дегтярев
Мирослав,Костин
Георгий,Бессонов
Любовь,Емельянова
Екатерина,Колпакова
Юрий,Симонов
Борис,Руднев
Олеся,Логинова
Варвара,Нечаева
Мария,Воронова
Елизавета,Бочарова
Елизавета,Беспалова
Марк,Дмитриев
Артемий,Горбунов
Тихон,Ушаков
Тимур,Хохлов
Богдан,Вишневский
Дарья,Минаева
Савва,Смирнов
Ангелина,Бондарева
Владислав,Антипов
Маргарита,Кулакова
Владимир,Горохов
Всеволод,Родионов
Владислав,Минин
Любовь,Хомякова
Николай,Сухарев
Савва,Корольков
Семён,Измайлов
Тихон,Кириллов
Алиса,Моисеева
Вячеслав,Покровский
Мирон,Ткачев
Лев,Никитин
Евгения,Селиванова
Кирилл,Безруков
Ольга,Панфилова
Ярослава,Бессонова
Мила,Синицына
Антон,Семенов
Пётр,Кондрашов
Владислава,Волкова
Савелий,Панин
Наталья,Лопатина
Всеволод,Шубин
Кристина,Коршунова
Злата,Ткачева
Глеб,Рябинин
Мирон,Белоусов
Полина,Королева
Владимир,Лапин
Мирон,Хомяков
Мария,Зверева
Евгений,Сахаров
Маргарита,Федотова
Роберт,Кононов
Филипп,Ефимов
Артём,Зеленин
Марат,Александров
Александра,Рудакова
Захар,Худяков
Савелий,Климов
Тимур,Калашников
Ирина,Петрова
Юлия,Цветкова
Олег,Софронов
Богдан,Соболев
Алина,Богомолова
Вера,Крючкова
Ева,Куликова
Елисей,Сотников
Вячеслав,Родин
София,Фадеева
Мирон,Панин
Светлана,Трофимова
Андрей,Трофимов
Дарина,Кондрашова
Ярослава,Петровская
Мария,Столярова
Артём,Артамонов
Платон,Лыков
Дарина,Капустина
Милана,Горюнова
Всеволод,Свиридов
Анна,Устинова
Денис,Трифонов
Кристина,Басова
Мила,Вдовина
Маргарита,Куприянова
Филипп,Сергеев
Кристина,Волкова
Арсений,Калмыков
Алёна,Авдеева
Филипп,Ильин
Виктория,Никулина
Анатолий,Фомин
Семён,Воронин
Кира,Малышева
Владислава,Митрофанова
Дарья,Пименова
Всеволод,Матвеев
Владимир,Любимов
Александра,Воронина
Станислав,Лапшин
Всеволод,Грачев
Зоя,Богомолова
Филипп,Щеглов
Надежда,Терехова
Богдан,Корчагин
Георгий,Поляков
Тимур,Вешняков
Татьяна,Орехова
Олеся,Горшкова
Ксения,Молчанова
Серафим,Шестаков
Елисей,Гончаров
Кирилл,Золотарев
Демьян,Абрамов
Арсений,Зайцев
Майя,Ефимова
Дарья,Вешнякова
Кристина,Карасева
Лев,Фетисов
Ирина,Калашникова
Тихон,Коровин
Лев,Мещеряков
Артур,Авдеев
Филипп,Меркулов
Адам,Коровин
Ярослава,Морозова
Гордей,Евдокимов
Ирина,Кузьмина
Вера,Горюнова
Денис,Белов
Роберт,Кочетков
Лука,Федосеев
Платон,Григорьев
Всеволод,Некрасов
Григорий,Озеров
Елена,Аксенова
Владислава,Жукова
Богдан,Зубков
Артемий,Поляков
Николай,Лосев
Вероника,Давыдова
Георгий,Булатов
Степан,Демьянов
Денис,Гуляев
Алина,Мухина
Станислав,Гладков
Серафим,Семенов
Никита,Ильинский
Кристина,Козловская
Мила,Морозова
Антонина,Субботина
Карина,Галкина
Егор,Евсеев
Антонина,Кузьмина
Мирослав,Куприянов
Ульяна,Чеснокова
Артур,Лосев
Диана,Морозова
Адам,Моргунов
Лидия,Туманова
Злата,Медведева
Леонид,Ерофеев
Анна,Лазарева
Никита,Макаров
Надежда,Новикова
Тимофей,Лапшин
Ангелина,Крылова
Олег,Толкачев
Вячеслав,Балашов
Ангелина,Гурова
Ян,Осипов
Герман,Золотов
Артур,Савельев
Екатерина,Воронина
Алиса,Зуева
Виктория,Крылова
Мия,Кочергина
Андрей,Дегтярев
Милена,Усова
Леон,Быков
Леон,Горлов
Павел,Худяков
Алексей,Петухов
Дарья,Зверева
Майя,Фокина
Захар,Никонов
Мария,Аксенова
Мирослава,Мещерякова
Всеволод,Дорохов
Милена,Рыбакова
Лука,Жилин
Диана,Лукьянова
Платон,Орехов
Демьян,Федотов
Лука,Селиванов
Матвей,Клюев
Милана,Ежова
Владислава,Гладкова
Артур,Дементьев
Наталья,Ильинская
Максим,Кириллов
Юрий,Верещагин
Милена,Суворова
Герман,Кудрявцев
Яна,Аникина
Ульяна,Меркулова
Лилия,Ефремова
Фёдор,Клюев
Владислава,Самсонова
Марат,Елизаров
Мирослава,Лукьянова
Яна,Шевцова
Тимофей,Черных
Виктор,Суслов
Илья,Воронов
Юлия,Румянцева
Иван,Фомичев
Виктория,Ракова
Полина,Елисеева
Ярослава,Осипова
Мила,Орлова
Алиса,Лукьянова
Валерий,Булгаков
Виктор,Кузин
Таисия,Ширяева
Анастасия,Захарова
Василиса,Анохина
Евгений,Журавлев
Вера,Ракова
Злата,Овсянникова
Адам,Романов
Александр,Краснов
Яна,Грекова
Богдан,Тихонов
Ян,Зиновьев
Герман,Калинин
Фёдор,Лапшин
Родион,Майоров
Макар,Дорохов
Семён,Карташов
Таисия,Колосова
Кирилл,Молчанов
Вячеслав,Никитин
Адам,Андреев
Маргарита,Хромова
Матвей,Рябинин
Александр,Буров
Алёна,Спиридонова
Лилия,Пастухова
Герман,Карасев
Анастасия,Князева
Арсений,Мельников
Константин,Корнев
Демид,Круглов
Павел,Нечаев
Всеволод,Софронов
Антон,Денисов
Кирилл,Горелов
Валерия,Русанова
Алина,Беляева
Пётр,Васильев
Юлия,Малинина
Всеволод,Аксенов
Алина,Глухова
Антон,Давыдов
Николай,Комаров
Ника,Жукова
Наталья,Жарова
Арина,Крючкова
Максим,Королев
Тихон,Коновалов
Семён,Лаврентьев
Ян,Серов
Артём,Никонов
Макар,Фомин
Савва,Попов
Илья,Демидов
Арсений,Кононов
Леон,Поздняков
Ярослава,Антипова
Тимур,Парфенов
Матвей,Раков
Виктория,Евсеева
Юлия,Коршунова
Демид,Орлов
Диана,Свешникова
Олег,Дружинин
Святослав,Калугин
Арина,Олейникова
Мия,Никитина
Марк,Еремеев
Надежда,Парфенова
Виктор,Жданов
Анастасия,Барсукова
Марат,Пономарев
Артур,Розанов
Дарина,Селезнева
Кира,Добрынина
Филипп,Воробьев
Дарина,Сафонова
Артём,Рябов
Леон,Кузнецов
Макар,Латышев
Анатолий,Борисов
Вероника,Успенская
Василиса,Бурова
Филипп,Измайлов
Екатерина,Федотова
Мила,Никитина
Таисия,Коровина
Владислава,Зиновьева
Тимур,Щукин
Таисия,Горлова
Андрей,Воробьев
Майя,Шувалова
Василий,Плотников
Любовь,Антонова
Савелий,Самсонов
Анастасия,Ракова
Ника,Крылова
Всеволод,Прокофьев
Ксения,Суркова
Мирон,Андрианов
Роберт,Потапов
Степан,Маркелов
Таисия,Баранова
Гордей,Лебедев
Валерий,Демидов
София,Панкратова
Василиса,Воронина
Маргарита,Ежова
Ярослав,Снегирев
Вера,Маркина
Глеб,Рудаков
Платон,Козлов
Анна,Ковалева
Артемий,Терехов
Ольга,Андрианова
Ирина,Лаврова
Марина,Ткачева
Илья,Григорьев
Борис,Пастухов
Дарья,Фомичева
Дмитрий,Мухин
Лидия,Анохина
Арсений,Соловьев
Владислав,Шаповалов
Мирон,Лукьянов
Артемий,Громов
Демьян,Комиссаров
Демид,Сидоров
Валерия,Никулина
Богдан,Астафьев
Вячеслав,Коровин
Семён,Касьянов
Никита,Наумов
Филипп,Калачев
Серафим,Кулаков
Ольга,Ульянова
Марк,Лазарев
Адам,Авдеев
Кира,Казакова
Валерия,Денисова
Игорь,Фадеев
Дарья,Афанасьева
Филипп,Лукин
Мия,Фетисова
Анатолий,Кузьмин
Кира,Макарова
Денис,Грачев
Мирослава,Киреева
Юрий,Казанцев
Дарья,Майорова
Маргарита,Гордеева
Александра,Кузнецова
Филипп,Серов
Максим,Масленников
Ян,Круглов
Денис,Демин
Валентина,Зимина
Мирослав,Маслов
Георгий,Антонов
Яков,Воробьев
Лидия,Беляева
Герман,Корнилов
Леонид,Рябов
Павел,Федосов
Марат,Климов
Вероника,Юдина
Ника,Куприянова
Елизавета,Дроздова
Иван,Поздняков
Родион,Русаков
Ксения,Рябинина
Станислав,Блохин
Артемий,Шаповалов
Глеб,Пахомов
Валерий,Шульгин
Дмитрий,Сазонов
Егор,Дементьев
Григорий,Дубинин
Виктор,Богомолов
Денис,Баранов
Илья,Жданов
Любовь,Агафонова
Ян,Исаков
Мария,Щербакова
Алексей,Мухин
Евгения,Рудакова
Елизавета,Терехова
Дарья,Артамонова
Елисей,Федосеев
Вера,Голикова
Дарья,Толкачева
Вячеслав,Пастухов
Ева,Ефимова
Никита,Круглов
Ника,Шевелева
Алёна,Платонова
Маргарита,Быкова
Екатерина,Назарова
Артём,Ерофеев
Карина,Артамонова
Виктория,Лазарева
Василиса,Трофимова
Евгений,Дьяков
Юрий,Меркулов
Евгений,Ермаков
Глеб,Терехов
Алексей,Ершов
Михаил,Свиридов
Анастасия,Соколова
Вера,Леонтьева
Леон,Ефимов
Александра,Сизова
Ева,Зайцева
Серафим,Касаткин
Лука,Лаптев
Денис,Рыжов
Анатолий,Чистяков
Виктория,Беспалова
Варвара,Львова
Роберт,Дубинин
Вера,Швецова
Егор,Копылов
Лев,Кудряшов
Марат,Сидоров
Георгий,Нестеров
Анастасия,Анохина
Святослав,Андрианов
Руслан,Чумаков
Тимур,Суханов
Полина,Миронова
Марк,Рожков
Дарина,Горшкова
Анастасия,Носова
Алексей,Горячев
Вера,Алехина
Владислав,Князев
Лидия,Козловская
Иван,Ефимов
Анастасия,Горбунова
Всеволод,Бычков
Ярослав,Демин
Нина,Кондратова
Мила,Филатова
Алиса,Лаптева
Надежда,Куликова
Екатерина,Андреева
Лука,Кочетков
Семён,Медведев
Майя,Сычева
Виктория,Макеева
Тимур,Дорохов
Марат,Седов
Константин,Черный
Василиса,Сычева
Станислав,Родин
Владислава,Кудрявцева
Елисей,Дубинин
Евгения,Калашникова
Игорь,Шевелев
Герман,Малышев
Кирилл,Болдырев
Руслан,Шевцов
Анастасия,Колпакова
Демид,Бочаров
Арсений,Зорин
Тимур,Лаврентьев
Татьяна,Андреева
Мирон,Львов
Алексей,Кузьмин
Семён,Сорокин
Яков,Баженов
Кира,Родионова
Виктор,Вишневский
Никита,Малышев
Алиса,Шувалова
Юрий,Левин
Милена,Золотарева
Вадим,Бочаров
Тимур,Тарасов
Алина,Мальцева
Владимир,Вешняков
Вера,Жилина
Адам,Киреев
Елена,Лукина
Маргарита,Туманова
Арсений,Анохин
Александр,Токарев
Семён,Семенов
Денис,Лебедев
Константин,Уткин
Адам,Дементьев
Яна,Троицкая
Кирилл,Высоцкий
Вера,Пахомова
Серафим,Павловский
Мия,Судакова
Семён,Безруков
Ярослава,Худякова
Николай,Поляков
Александр,Акимов
Юлия,Алехина
Мирослава,Туманова
Сергей,Родин
Глеб,Агафонов
Дмитрий,Гуляев
Семён,Сотников
Савва,Калинин
София,Муравьева
Алина,Игнатова
Александр,Лазарев
Лука,Ефимов
Владимир,Ефимов
Василиса,Постникова
Владимир,Андрианов
Артемий,Ларин
Юрий,Сычев
Ангелина,Крючкова
Артемий,Кузьмин
Пётр,Трошин
Наталья,Ларина
Станислав,Кузнецов
Глеб,Лебедев
Варвара,Комарова
Адам,Самойлов
Алина,Любимова
Арсений,Сорокин
Демид,Рудаков
Нина,Морозова
Полина,Глухова
Роман,Лапин
Ника,Русанова
Григорий,Седов
Демид,Калачев
Ника,Воробьева
Руслан,Касаткин
Марк,Долгов
Алиса,Лапшина
Глеб,Матвеев
Никита,Ульянов
Герман,Авдеев
Андрей,Кошелев
София,Старикова
Нина,Фомичева
Нина,Олейникова
Роберт,Глебов
Лев,Карташов
Ульяна,Злобина
Роман,Чеботарев
Тимур,Глушков
Ярослав,Худяков
Марк,Шаров
Арина,Кузнецова
Никита,Казанцев
Егор,Антипов
Артур,Ушаков
Никита,Бобров
Григорий,Глебов
Валерия,Кочергина
Светлана,Крючкова
Алёна,Виноградова
Сергей,Шмелев
Александра,Корнеева
Елизавета,Савицкая
Тимур,Баранов
Константин,Крючков
Станислав,Воронов
Валерия,Ларина
Надежда,Алешина
Егор,Герасимов
Ангелина,Потапова
Ян,Зайцев
Валерий,Сахаров
Елизавета,Островская
Вадим,Дементьев
Андрей,Столяров
Лука,Трифонов
Егор,Добрынин
Алексей,Минаев
Антон,Цветков
Вероника,Крылова
Зоя,Лобанова
Александра,Зайцева
Мирослава,Степанова
Дарина,Корнеева
Адам,Осипов
Ирина,Митрофанова
Игорь,Ткачев
Лука,Смирнов
Злата,Дьяконова
Мила,Косарева
Варвара,Попова
Злата,Серова
Юлия,Пантелеева
Диана,Горохова
Антон,Шестаков
Ника,Сергеева
Анатолий,Семенов
Платон,Худяков
Тимур,Дроздов
Святослав,Панин
Олеся,Виноградова
Виктор,Губанов
Юрий,Голубев
Милена,Тихомирова
Надежда,Петухова
Вячеслав,Лукин
Константин,Голиков
Николай,Чижов
Иван,Королев
Алёна,Русакова
Евгений,Потапов
Алёна,Старикова
Василий,Соловьев
Игорь,Максимов
Анастасия,Уварова
Алиса,Никольская
Юлия,Москвина
Ника,Тарасова
Евгений,Фомин
Захар,Бородин
Ирина,Кондратова
Арсений,Фокин
Ульяна,Сычева
Анастасия,Русанова
Арсений,Руднев
Демид,Дубов
Лука,Жданов
Семён,Корнеев
Диана,Архипова
Екатерина,Хохлова
Мария,Синицына
Виктор,Ежов
Наталья,Свиридова
Дарья,Блинова
Глеб,Черняев
Елизавета,Вишневская
Милена,Васильева
Нина,Бочарова
Антонина,Гончарова
Яна,Мальцева
Максим,Дмитриев
Антонина,Сухова
Тимур,Шестаков
Маргарита,Глушкова
Алина,Малышева
Виктория,Вдовина
Владислава,Басова
Ирина,Шмелева
Марк,Терехов
Маргарита,Потапова
Кира,Смирнова
Алексей,Дорофеев
Валентина,Токарева
Марина,Севастьянова
Константин,Игнатьев
Валентина,Елисеева
Константин,Носков
Евгений,Маркелов
Валерия,Селезнева
Савелий,Михайлов
Роберт,Беляков
Владимир,Вдовин
Ярослава,Орлова
Татьяна,Петровская
Степан,Шевелев
Семён,Коршунов
Диана,Демьянова
Константин,Бобров
Пётр,Моргунов
Вадим,Трифонов
Роман,Устинов
Егор,Астафьев
Наталья,Дубинина
Григорий,Казаков
Нина,Колосова
Родион,Куликов
Кирилл,Ткачев
Мирон,Мешков
Савва,Скворцов
Серафим,Громов
Валерия,Сидорова
Руслан,Озеров
Олег,Дроздов
Сергей,Новиков
Диана,Рыбакова
Дмитрий,Серебряков
Герман,Лукин
Михаил,Поздняков
Степан,Зимин
Фёдор,Куприянов
Артур,Митрофанов
Кирилл,Сухов
Вадим,Алешин
Юлия,Артемова
Тихон,Юдин
Леон,Федоров
Ярослав,Ефремов
Денис,Окулов
Родион,Тарасов
Мирон,Горбунов
Варвара,Орехова
Филипп,Блинов
Олег,Носов
Тимофей,Волошин
Никита,Юдин
Любовь,Нефедова
Валерия,Щербакова
Иван,Ковалев
Валерий,Казаков
Елисей,Ширяев
Марина,Шувалова
Гордей,Серов
Ксения,Пименова
Борис,Тихонов
Филипп,Субботин
Артём,Харитонов
Савва,Юдин
Антонина,Соловьева
Борис,Дмитриев
Евгений,Елисеев
Елена,Ларина
Лидия,Курочкина
Макар,Стариков
Семён,Крюков
Полина,Мухина
Леон,Дмитриев
Лев,Дорофеев
Ника,Глебова
Борис,Коровин
Елена,Позднякова
Артемий,Пахомов
Даниил,Киреев
Мирослав,Малышев
Демид,Трифонов
Леонид,Фокин
Варвара,Кондратова
Милена,Пантелеева
Александр,Вешняков
Иван,Клюев
Игорь,Лукьянов
Вячеслав,Горюнов
Дмитрий,Шаров
Олег,Нечаев
Святослав,Хохлов
Лилия,Алексеева
Ярослав,Кондрашов
Роберт,Волошин
Екатерина,Анохина
Алина,Гришина
Арсений,Муратов
Илья,Кузьмин
Евгений,Хомяков
Валентина,Борисова
Нина,Краснова
Иван,Овчинников
Святослав,Беляков
Станислав,Сотников
Александр,Горбачев
Екатерина,Ермолаева
Дарья,Тихомирова
Гордей,Русаков
Даниил,Архипов
Марк,Игнатьев
Арсений,Поликарпов
Лилия,Дегтярева
Лев,Рыжов
Таисия,Григорьева
Ирина,Анохина
Зоя,Медведева
Евгений,Никитин
Михаил,Савин
Денис,Рожков
Всеволод,Стариков
Владислав,Быков
Демид,Костин
Василиса,Суркова
Нина,Антонова
Родион,Макаров
Гордей,Белов
Валентина,Макеева
Леонид,Терехов
Лев,Фадеев
Василий,Островский
Степан,Савельев
Макар,Минин
Демьян,Гордеев
Антон,Ермаков
Екатерина,Краснова
Макар,Малахов
Даниил,Поздняков
Ксения,Мешкова
Тихон,Волков
Гордей,Горелов
Максим,Нечаев
Ева,Блинова
Вячеслав,Жданов
Мария,Михайлова
Макар,Зубов
Игорь,Рябов
Роман,Седов
Вячеслав,Давыдов
Лилия,Денисова
Ярослава,Лазарева
Мирон,Коротков
Илья,Авдеев
Елисей,Ермолаев
Платон,Николаев
Иван,Агеев
Милена,Сотникова
Алина,Галкина
Лилия,Воробьева
Евгения,Сизова
Виктор,Артамонов
Владимир,Данилов
Владимир,Березин
Георгий,Березин
Алиса,Блохина
Павел,Глушков
Светлана,Тарасова
Степан,Елисеев
Лев,Андрианов
Артур,Трошин
Ева,Ермилова
Ярослав,Розанов
Юлия,Бессонова
Арина,Барсукова
Алиса,Черкасова
Константин,Макеев
Николай,Золотов
Вероника,Голованова
София,Токарева
Святослав,Стариков
Леонид,Некрасов
Ольга,Ширяева
Артемий,Фомин
Василий,Кузьмин
Артём,Алексеев
Степан,Малышев
Полина,Куликова
Вадим,Хохлов
Лев,Розанов
Руслан,Косарев
Артур,Винокуров
Мия,Соболева
Артём,Ермолаев
Леон,Игнатьев
Милана,Козырева
София,Зуева
Ксения,Лыкова
Ирина,Демина
Максим,Суханов
Яков,Овчинников
Наталья,Тимофеева
Руслан,Архипов
Михаил,Бычков
Милена,Голованова
Кира,Кононова
Вадим,Еремин
Полина,Дроздова
Степан,Карпов
Святослав,Соколов
Майя,Воронова
Максим,Карасев
Лука,Громов
Тимур,Третьяков
Всеволод,Калашников
Владислава,Белова
Нина,Трифонова
Алина,Измайлова
Кристина,Сухова
Владимир,Дьяконов
Семён,Шилов
Степан,Аксенов
Анатолий,Ермолаев
Игорь,Макеев
Майя,Бородина
Савва,Суслов
Иван,Майоров
Ольга,Селиванова
Анна,Воронина
Таисия,Мальцева
Яна,Булгакова
Лидия,Черкасова
Павел,Демидов
Лидия,Богомолова
Вера,Мельникова
Тихон,Воронков
Фёдор,Савин
Егор,Колесов
Арсений,Дегтярев
Константин,Владимиров
Всеволод,Николаев
Светлана,Чернова
Екатерина,Коровина
Арсений,Дубровин
Алёна,Бирюкова
Марк,Румянцев
Серафим,Трофимов
Татьяна,Коровина
Роберт,Кожевников
Антонина,Ларионова
Мирослава,Курочкина
Георгий,Ильин
Роман,Корольков
Диана,Кочергина
Юрий,Сафонов
Лилия,Фролова
Александр,Софронов
Юрий,Савельев
Лев,Митрофанов
Марк,Зорин
Ева,Костина
Фёдор,Сизов
Серафима,Александрова
Ирина,Позднякова
Денис,Носов
Святослав,Седов
Любовь,Чернышева
Сергей,Некрасов
Захар,Никитин
Всеволод,Борисов
Ева,Жарова
Филипп,Герасимов
Никита,Черепанов
Милена,Харитонова
Николай,Горячев
Адам,Марков
Милана,Владимирова
Пётр,Постников
Мирослава,Соловьева
Елена,Симонова
Анна,Евсеева
Савелий,Хомяков
Мирон,Богданов
Василий,Анисимов
Ева,Кочергина
Пётр,Голиков
Елизавета,Григорьева
Савва,Спиридонов
Глеб,Вавилов
Александра,Гордеева
Родион,Сухарев
Святослав,Михайлов
Алина,Овчинникова
Марина,Горохова
Ульяна,Березина
Валентина,Смирнова
Полина,Гусева
Всеволод,Поляков
Руслан,Комиссаров
Богдан,Золотов
Марина,Литвинова
Герман,Федосов
Мила,Березина
Артемий,Ширяев
Макар,Голиков
Руслан,Федосеев
Анатолий,Балашов
Михаил,Чесноков
Серафима,Миронова
Ян,Терентьев
Лука,Мешков
Демид,Черкасов
Богдан,Рыжов
Макар,Королев
Леон,Чернышев
Карина,Кузнецова
Андрей,Глухов
Максим,Соловьев
Анастасия,Гришина
Василиса,Козлова
Любовь,Морозова
Надежда,Кулешова
Алина,Голованова
Алиса,Сухова
Светлана,Федорова
Матвей,Агеев
Вероника,Павловская
Евгений,Акимов
Григорий,Ильинский
Мария,Лапина
Леонид,Демидов
Олег,Грибов
Даниил,Шмелев
Егор,Анохин
Руслан,Пахомов
Юлия,Кукушкина
Алексей,Коровин
Илья,Жилин
Анастасия,Голубева
Александра,Чернова
Платон,Воробьев
Артём,Кириллов
Виктор,Матвеев
Алиса,Соколова
Александра,Русакова
Анастасия,Семина
Дмитрий,Ермаков
Майя,Борисова
Илья,Зайцев
Анастасия,Звягинцева
Анастасия,Золотарева
София,Митрофанова
Ангелина,Журавлева
Лука,Анисимов
София,Юдина
Матвей,Черных
Евгений,Судаков
Иван,Алешин
Ярослава,Горелова
Виктория,Гусева
Гордей,Степанов
Адам,Фадеев
Дарина,Казанцева
Иван,Потапов
Савва,Балашов
Александр,Комиссаров
Юлия,Никольская
Тимур,Глухов
Артемий,Маркелов
Ульяна,Лаптева
Фёдор,Поляков
Игорь,Стариков
Макар,Семин
Мия,Калмыкова
Герман,Кондратов
Матвей,Павловский
Дарья,Калмыкова
Степан,Кулешов
Богдан,Симонов
Мирон,Кузьмин
Юлия,Терентьева
Егор,Минаев
Диана,Карташова
Ксения,Леонова
Нина,Смирнова
Андрей,Розанов
Павел,Круглов
Лука,Дорофеев
Серафима,Беспалова
Фёдор,Дубов
Антон,Ильин
Тимур,Еремеев
Иван,Лазарев
Всеволод,Долгов
Ульяна,Щеглова
Валентина,Савина
Роберт,Куприянов
Алина,Москвина
Антонина,Казанцева
Артур,Козлов
Егор,Грибов
Ангелина,Рябова
Николай,Щукин
Вадим,Елисеев
Семён,Семин
Даниил,Колпаков
Александра,Елизарова
Ярослава,Киреева
Ева,Корнилова
Павел,Платонов
София,Губанова
Ульяна,Мартынова
Ника,Третьякова
Милана,Хохлова
Мирон,Субботин
Ксения,Осипова
Владислав,Шубин
Зоя,Максимова
Ярослав,Гусев
Арсений,Жилин
Иван,Плотников
Полина,Ерофеева
Серафим,Киселев
Ангелина,Ракова
Захар,Сомов
Матвей,Ермаков
Василиса,Миронова
Кирилл,Кожевников
Тихон,Титов
Вячеслав,Крюков
Ева,Столярова
Тихон,Фокин
Максим,Ефремов
Филипп,Зубов
Милана,Крылова
Мирон,Кочергин
Милана,Пахомова
Мила,Бычкова
Семён,Верещагин
Роман,Ширяев
Алёна,Митрофанова
Иван,Леонов
Кристина,Агеева
Варвара,Антонова
Даниил,Смирнов
Павел,Богомолов
Антон,Кукушкин
Алексей,Лыков
Ульяна,Царева
Лев,Дементьев
Ирина,Шилова
Алексей,Шмелев
Варвара,Лопатина
Роберт,Пастухов
Мария,Авдеева
Герман,Зотов
Максим,Пугачев
Адам,Булатов
Маргарита,Корнилова
Антон,Демьянов
Марина,Прокофьева
Антон,Русанов
Ника,Туманова
Ангелина,Винокурова
Ян,Стариков
Евгения,Шилова
Родион,Черепанов
Арсений,Алексеев
Вячеслав,Семин
Святослав,Симонов
Даниил,Лапшин
Пётр,Спиридонов
Павел,Чернов
Дмитрий,Павловский
Сергей,Копылов
Анастасия,Евсеева
Вадим,Зимин
Василий,Уткин
Родион,Цветков
Леонид,Белоусов
Денис,Афанасьев
Ян,Кулаков
Лука,Барсуков
Мирослава,Тарасова
Савва,Баженов
Ольга,Алешина
Тимур,Николаев
Яков,Борисов
Степан,Пастухов
Демьян,Коровин
Демьян,Березин
Андрей,Максимов
Лилия,Гришина
Егор,Тимофеев
Яна,Винокурова
Вера,Полякова
Леонид,Кудряшов
Владислав,Карташов
Владислав,Покровский
Владислава,Михайлова
Ника,Семенова
Илья,Самойлов
Глеб,Аникин
Елена,Березина
Елисей,Кононов
Константин,Стариков
Евгения,Яковлева
Ольга,Шевцова
Владислав,Панов
Ирина,Круглова
Руслан,Воронов
Алексей,Глухов
Платон,Свешников
Вадим,Костин
Артемий,Черняев
Владимир,Зуев
Николай,Платонов
Анна,Князева
Яна,Богданова
Кирилл,Кулешов
Таисия,Шаповалова
Яна,Чеботарева
Елизавета,Виноградова
Антон,Андреев
Савва,Верещагин
Василий,Астафьев
Таисия,Грекова
Юлия,Федосеева
Егор,Постников
Степан,Артамонов
Ульяна,Добрынина
Вера,Дружинина
Адам,Вишневский
Платон,Соколов
Фёдор,Кочетов
Даниил,Усов
Иван,Беляев
Игорь,Буров
Артём,Левин
Ярослава,Агафонова
Серафим,Васильев
Ева,Лазарева
Лидия,Савельева
Виктор,Ермолаев
Любовь,Бурова
Антонина,Шульгина
Олеся,Мартынова
Алексей,Исаев
Дмитрий,Тимофеев
Михаил,Нечаев
Мирослава,Елисеева
Николай,Бычков
Савелий,Панфилов
Арсений,Белкин
Илья,Панков
Денис,Рябов
Вероника,Мельникова
Любовь,Царева
Леон,Корнилов
Карина,Ракова
Вероника,Елизарова
София,Самойлова
Павел,Золотарев
Лука,Дьяконов
Татьяна,Вдовина
Пётр,Константинов
Виктория,Озерова
Марина,Губанова
Александра,Ларина
Майя,Козловская
Денис,Шишкин
Виктория,Белова
Дарина,Сахарова
Валерий,Никонов
Адам,Нечаев
Ангелина,Рябинина
Евгений,Бородин
Маргарита,Игнатова
Маргарита,Розанова
Кира,Воронцова
Татьяна,Зыкова
Виктория,Щукина
Яков,Хромов
Серафим,Зубов
Александр,Нестеров
Мирослав,Назаров
Ярослав,Нечаев
Ангелина,Беспалова
Филипп,Демьянов
Екатерина,Калачева
Константин,Рудаков
Савва,Калашников
Андрей,Аникин
Владимир,Соловьев
Алиса,Львова
Анна,Лукина
Варвара,Маркина
Яна,Ширяева
Александра,Шувалова
Майя,Куприянова
Павел,Некрасов
Елисей,Аксенов
Тимур,Сухов
Егор,Медведев
Михаил,Макеев
Мирослав,Туманов
Михаил,Александров
Наталья,Коновалова
Анастасия,Панкратова
Гордей,Фирсов
Василиса,Казанцева
Всеволод,Зеленин
Алина,Суворова
Александр,Кочетков
Фёдор,Миронов
Александр,Петровский
Артемий,Рыбаков
Алёна,Соловьева
Артур,Гуров
Нина,Прохорова
Никита,Тихомиров
Анна,Королькова
Дарина,Родионова
Михаил,Гордеев
Алексей,Горбунов
Андрей,Авдеев
Александр,Золотов
Савва,Голубев
Лилия,Горбунова
Евгений,Быков
Матвей,Голованов
Татьяна,Орлова
Анна,Еремина
Елена,Голубева
Леонид,Черный
Артур,Русаков
Полина,Устинова
Марк,Евдокимов
Василиса,Севастьянова
Таисия,Власова
Елизавета,Поликарпова
Диана,Козырева
Тимофей,Вдовин
Илья,Щукин
Арина,Спиридонова
Тихон,Александров
Пётр,Романов
Богдан,Ананьев
Игорь,Сорокин
Роберт,Греков
Платон,Горбачев
Богдан,Абрамов
Георгий,Пахомов
Анна,Авдеева
Игорь,Колесников
Милена,Ермолаева
Глеб,Петров
Степан,Вешняков
Варвара,Троицкая
Евгения,Семина
Пётр,Зорин
Любовь,Чеснокова
Роберт,Смирнов
Елена,Сизова
Роман,Чернов
Ангелина,Аксенова
Никита,Ермолов
Ульяна,Измайлова
Даниил,Платонов
Константин,Гуляев
Глеб,Косарев
Валерия,Жилина
Елена,Юдина
Адам,Овсянников
Майя,Чеботарева
Адам,Игнатьев
Лука,Кулешов
Варвара,Лукьянова
Василий,Кукушкин
Таисия,Ракова
Елена,Леонтьева
Леон,Рыбаков
Алиса,Федосова
Полина,Пантелеева
Фёдор,Измайлов
Виктория,Костина
Георгий,Блинов
Руслан,Колосов
Арина,Кузьмина
Кристина,Панкова
Арина,Смирнова
Семён,Назаров
Мирослава,Измайлова
Ян,Сазонов
Елизавета,Петухова
Артемий,Корчагин
Александр,Соболев
Григорий,Максимов
Сергей,Анохин
Наталья,Андреева
Лев,Мухин
Игорь,Филиппов
Милена,Русакова
Станислав,Ананьев
Ирина,Грибова
Алёна,Ильинская
Ника,Коровина
Мирослава,Зимина
Егор,Ежов
Мария,Вавилова
Елисей,Колосов
Ксения,Глухова
Савва,Романов
Алиса,Калинина
Андрей,Корольков
Ольга,Нестерова
Варвара,Нефедова
Даниил,Петухов
Матвей,Пономарев
Валерий,Овчинников
Мия,Овсянникова
Вячеслав,Широков
Кирилл,Виноградов
Анна,Павлова
Ульяна,Лосева
Ярослав,Басов
Любовь,Сухова
Демьян,Чесноков
Артемий,Токарев
Яна,Дроздова
Арина,Нестерова
Надежда,Сидорова
Игорь,Баженов
Гордей,Кулаков
Яна,Дорохова
Милана,Винокурова
Владислава,Наумова
Евгений,Орлов
Нина,Копылова
Алёна,Корчагина
Дмитрий,Кочетов
Зоя,Лопатина
Карина,Капустина
Кристина,Блохина
Тимофей,Максимов
Зоя,Рожкова
Дмитрий,Лобанов
Полина,Ефимова
Валентина,Моисеева
Владислав,Воробьев
Леонид,Сахаров
Семён,Панин
Любовь,Гуляева
Александра,Судакова
Елена,Дубровина
Илья,Кошелев
Анна,Коровина
Ирина,Князева
Василий,Карташов
Григорий,Баранов
Александра,Калмыкова
Лилия,Тихомирова
Валерия,Нечаева
Илья,Зыков
Платон,Дьяконов
Андрей,Быков
Нина,Долгова
Евгений,Алешин
Павел,Голиков
Иван,Меркулов
Матвей,Казаков
Юлия,Михеева
Карина,Прокофьева
Борис,Яковлев
Мия,Трошина
Леонид,Сухов
Лидия,Мешкова
Мирон,Емельянов
Иван,Греков
Дарина,Грекова
Лидия,Львова
Денис,Поздняков
Нина,Москвина
Василий,Зорин
Дарина,Уткина
Валерия,Аникина
Владислав,Румянцев
Святослав,Чесноков
Анатолий,Скворцов
Диана,Ларина
Милена,Горшкова
Мия,Короткова
Алина,Рожкова
Кирилл,Сальников
Валентина,Бирюкова
Андрей,Орехов
Владислава,Шубина
Платон,Прохоров
Виктор,Яковлев
Ксения,Кулагина
Ника,Васильева
Вадим,Артемов
София,Жукова
Лидия,Семенова
Василиса,Ильинская
Руслан,Овсянников
Нина,Свиридова
Кристина,Яковлева
Маргарита,Ермакова
Лидия,Комарова
Мирослава,Горшкова
Платон,Дроздов
Яна,Горохова
Василий,Вишневский
Кирилл,Сухарев
Владимир,Суслов
Александра,Трифонова
Серафима,Тихонова
Алиса,Корнеева
Савелий,Гришин
Николай,Колесов
Ярослава,Беспалова
Александра,Логинова
Мария,Демина
Всеволод,Денисов
Родион,Карасев
Степан,Морозов
Мия,Лукина
Савва,Шмелев
Елена,Горбунова
Тимур,Кондратьев
Леонид,Рыжов
Лука,Спиридонов
Александра,Шишкина
Александра,Круглова
Роман,Медведев
Виктор,Руднев
Милана,Левина
Фёдор,Хохлов
Владимир,Сурков
Платон,Богданов
Дарья,Дубинина
Вера,Попова
Диана,Вавилова
Ян,Куликов
Кирилл,Шевелев
Серафим,Козлов
Никита,Колпаков
Анна,Чеснокова
Борис,Севастьянов
Артемий,Орлов
Елена,Жилина
Таисия,Агапова
Захар,Фролов
Светлана,Колесникова
Антонина,Щукина
Дарья,Сазонова
Герман,Николаев
Ника,Романова
Иван,Латышев
Злата,Родина
Екатерина,Глебова
Марк,Соболев
Ева,Комиссарова
Юрий,Щербаков
Гордей,Соболев
Мирослава,Фадеева
Арина,Измайлова
Роман,Фирсов
Валерия,Савина
Алексей,Калугин
Марк,Савельев
Алёна,Беляева
Майя,Федосова
Маргарита,Симонова
Василиса,Грекова
Тимофей,Савицкий
Полина,Федотова
Алиса,Котова
Кирилл,Чернышев
Антонина,Еремина
Алёна,Маркелова
Арина,Панкова
Алексей,Трифонов
Александр,Кононов
Георгий,Свиридов
Александр,Шапошников
Ярослава,Тихомирова
Олеся,Широкова
Дмитрий,Латышев
Роберт,Горелов
Маргарита,Ананьева
Кирилл,Чернов
Ангелина,Беляева
Алёна,Постникова
Ярослава,Муратова
Вячеслав,Черный
Валерия,Чумакова
Валерия,Чеботарева
Семён,Калашников
Гордей,Ермолов
Егор,Белов
Маргарита,Новикова
Ева,Петухова
Ян,Емельянов
Никита,Мещеряков
Серафима,Винокурова
Милена,Дьякова
Ульяна,Федосова
Платон,Уткин
Артём,Овсянников
Игорь,Фомин
Владимир,Рожков
Виктория,Сизова
Ольга,Кочетова
Татьяна,Розанова
Ярослав,Иванов
Ксения,Алехина
Марина,Козловская
Валентина,Фадеева
Демид,Козырев
Надежда,Позднякова
Серафима,Николаева
Мирон,Сычев
Тимофей,Трифонов
Михаил,Хромов
Мила,Воронина
Юлия,Шаповалова
Диана,Назарова
Ксения,Горелова
Полина,Дорофеева
Алина,Чеснокова
Нина,Шмелева
Артемий,Минин
Роберт,Старостин
Дмитрий,Архипов
Ангелина,Жарова
Константин,Поляков
Савелий,Константинов
Антон,Артамонов
Марк,Иванов
Кристина,Зубкова
Валерий,Гончаров
Злата,Клюева
Денис,Зубков
Богдан,Блохин
Карина,Егорова
Роман,Соболев
Юрий,Жуков
Даниил,Демьянов
Мирослава,Королева
Лев,Панкратов
Евгений,Винокуров
София,Малышева
Григорий,Попов
Никита,Головин
Владимир,Лаврентьев
Тимофей,Коротков
Владимир,Степанов
Ярослава,Серебрякова
Демид,Молчанов
Семён,Колесников
Максим,Головин
Леонид,Новиков
Виктория,Харитонова
Майя,Самойлова
Мария,Вдовина
Карина,Зубова
Марат,Сухов
Ярослава,Авдеева
Артём,Болдырев
Герман,Богомолов
Ульяна,Косарева
Татьяна,Хромова
Карина,Басова
Макар,Поликарпов
Григорий,Никифоров
Антонина,Агафонова
Василий,Кондрашов
Роберт,Панов
Ева,Глебова
Андрей,Вешняков
Георгий,Зеленин
Константин,Ткачев
Таисия,Пастухова
Серафима,Белова
Александр,Данилов
Яна,Воронцова
Варвара,Золотова
Валентина,Наумова
Демид,Свиридов
Елена,Громова
Яна,Носова
Серафим,Пахомов
Адам,Розанов
Олеся,Овсянникова
Дарья,Троицкая
Валентина,Яковлева
Леон,Шилов
Вячеслав,Носов
Степан,Белов
Захар,Окулов
Вера,Белкина
Гордей,Антипов
Савелий,Матвеев
Ангелина,Елизарова
Вячеслав,Гончаров
Юрий,Горшков
Андрей,Трошин
Григорий,Руднев
Анатолий,Дьяконов
Мирон,Зеленин
Арсений,Антипов
Виктор,Пастухов
Серафима,Черепанова
Савва,Маслов
Майя,Никонова
Ника,Сычева
Глеб,Потапов
Елизавета,Логинова
Анатолий,Глухов
Семён,Гладков
Лев,Кулешов
Василиса,Ефремова
Алина,Чистякова
Лилия,Баранова
Максим,Александров
Варвара,Зверева
Даниил,Кошелев
Татьяна,Артамонова
Георгий,Александров
Павел,Большаков
Юлия,Петухова
Борис,Агеев
Макар,Копылов
Михаил,Кондратов
Кирилл,Абрамов
Олег,Журавлев
Денис,Кочетков
Никита,Анисимов
Лев,Шестаков
Михаил,Дементьев
Константин,Елизаров
Лилия,Зубова
Егор,Горбунов
Алиса,Калмыкова
Татьяна,Елизарова
Алексей,Зубков
Никита,Парамонов
Надежда,Дубова
Руслан,Парамонов
Юлия,Никулина
Герман,Овчинников
Елисей,Леонов
Валентина,Суслова
Николай,Седов
Лука,Бондарев
Анатолий,Гаврилов
Вячеслав,Раков
Богдан,Лавров
Ян,Пахомов
Екатерина,Аксенова
Леон,Вешняков
Герман,Воронов
Таисия,Голикова
Майя,Суслова
Леонид,Воронов
Арина,Громова
Антонина,Никифорова
Лука,Прокофьев
Борис,Жилин
Олеся,Краснова
Степан,Широков
Таисия,Горюнова
Андрей,Олейников
Вероника,Комиссарова
Майя,Кондрашова
Матвей,Савицкий
Арсений,Злобин
Светлана,Окулова
Вадим,Мешков
Ольга,Новикова
Михаил,Суханов
Диана,Измайлова
Милена,Пименова
Ярослав,Смирнов
Василиса,Игнатьева
Серафим,Ефимов
Елисей,Сычев
Георгий,Никольский
Вероника,Рябинина
Елисей,Маслов
Георгий,Лопатин
Ульяна,Астафьева
Борис,Герасимов
Демид,Ефимов
Олеся,Павлова
Елисей,Юдин
Лидия,Свешникова
Захар,Дубов
Савелий,Булатов
Ульяна,Афанасьева
Дмитрий,Ларин
Марина,Ананьева
Валерий,Дорохов
Алексей,Нестеров
Лидия,Елисеева
Ангелина,Щербакова
Герман,Исаков
Кирилл,Березин
Никита,Степанов
Арина,Уварова
Артур,Левин
Кира,Самсонова
Юлия,Киреева
Савва,Панфилов
Майя,Рыбакова
Владимир,Козырев
Владимир,Кондратьев
Антонина,Булгакова
Ника,Окулова
Демьян,Родионов
Виктория,Лыкова
Майя,Дмитриева
Роман,Дроздов
Юлия,Фомичева
Станислав,Плотников
Вадим,Семенов
Нина,Гордеева
Наталья,Иванова
Всеволод,Лобанов
Алиса,Маркелова
Мия,Некрасова
Василий,Зубов
Игорь,Молчанов
Ульяна,Королькова
Майя,Королькова
Александра,Дорофеева
Игорь,Ермолаев
Милена,Вавилова
Светлана,Горелова
Арина,Платонова
Егор,Князев
Диана,Зубова
Алексей,Вавилов
Анатолий,Егоров
Мия,Ушакова
Егор,Авдеев
Савелий,Журавлев
Ника,Золотова
Сергей,Михайлов
Лев,Туманов
Филипп,Васильев
Ника,Лукьянова
Мирослав,Зверев
Мирослав,Бочаров
Ирина,Фомина
Егор,Чернов
Марина,Авдеева
Лев,Тихонов
Фёдор,Колосов
Мария,Шапошникова
Владислав,Трофимов
Станислав,Князев
Леонид,Голиков
Ксения,Александрова
Вероника,Минаева
Марина,Федотова
Кира,Тарасова
Полина,Фролова
Герман,Комаров
Тихон,Львов
Адам,Родин
Марк,Авдеев
Савелий,Васильев
Кира,Блинова
Роберт,Фролов
Ульяна,Котова
Максим,Москвин
Павел,Петухов
Вера,Ковалева
Всеволод,Снегирев
Илья,Мешков
Марина,Чистякова
Василий,Логинов
София,Сазонова
Лев,Тимофеев
Макар,Молчанов
Дарья,Богомолова
Руслан,Зеленин
Таисия,Вешнякова
Матвей,Игнатьев
Герман,Панфилов
Вадим,Дмитриев
Варвара,Лебедева
Вера,Кудрявцева
Лука,Пономарев
Арсений,Высоцкий
Александра,Черкасова
Пётр,Маркелов
Артур,Ларин
Захар,Кулаков
Ярослава,Губанова
Платон,Зорин
Даниил,Леонтьев
Никита,Кожевников
Лев,Лавров
Антонина,Панина
Егор,Петровский
Артём,Щукин
Иван,Калугин
Демид,Чеботарев
Карина,Зыкова
Анна,Одинцова
Павел,Ларин
Денис,Щукин
Лилия,Мартынова
Варвара,Масленникова
Алиса,Аникина
Артур,Кузин
Александр,Ершов
Зоя,Кондратова
Алексей,Колосов
Тихон,Рожков
Ника,Губанова
Герман,Власов
Варвара,Антипова
Мила,Андреева
Марк,Голиков
Руслан,Уваров
Адам,Трофимов
Марина,Сорокина
Артём,Снегирев
Полина,Леонова
Варвара,Аникина
Ярослав,Родин
Виктория,Алехина
Мирон,Захаров
Даниил,Сафонов
Сергей,Молчанов
Маргарита,Карпова
Варвара,Сухова
Ян,Щукин
Даниил,Калмыков
Елисей,Маркелов
Алина,Федорова
Евгений,Худяков
София,Парамонова
Марк,Воронин
Милена,Казакова
Андрей,Громов
Пётр,Ильинский
Яна,Ежова
Маргарита,Никифорова
София,Сухова
Демьян,Жилин
Борис,Сычев
Вячеслав,Киреев
Арсений,Болдырев
Валерий,Николаев
Алёна,Ковалева
Карина,Минина
Мия,Кравцова
Вадим,Олейников
Ирина,Андрианова
Максим,Астафьев
Елисей,Никулин
Владислава,Широкова
Ирина,Короткова
Станислав,Калашников
Роберт,Никонов
Ульяна,Маркова
Виктория,Любимова
Елена,Кожевникова
Сергей,Грачев
Злата,Терехова
Руслан,Демин
Марк,Сорокин
Дарина,Короткова
Виктория,Воронина
Серафима,Давыдова
Анна,Тихонова
Владимир,Суворов
Роман,Бессонов
Юрий,Синицын
Даниил,Дорофеев
Арсений,Лаврентьев
Роберт,Зотов
Григорий,Александров
Кирилл,Гордеев
Олег,Бондарев
Дарья,Карташова
Кирилл,Туманов
Михаил,Соболев
Кристина,Дмитриева
Карина,Носкова
Кира,Львова
Артур,Петухов
Мия,Одинцова
Ангелина,Трифонова
Пётр,Павлов
Маргарита,Комарова
Даниил,Звягинцев
Тихон,Тарасов
Арина,Вешнякова
Арсений,Зуев
Юлия,Лапина
Серафим,Степанов
Серафима,Горюнова
Андрей,Никольский
Григорий,Черепанов
Алиса,Ермолова
Маргарита,Пирогова
Владимир,Лукьянов
Захар,Субботин
Нина,Тихомирова
Полина,Черняева
Евгений,Кириллов
Евгений,Кудрявцев
Ангелина,Шестакова
Вероника,Русанова
Светлана,Лазарева
Екатерина,Фомина
Платон,Панов
Виктория,Виноградова
Евгения,Козловская
Леонид,Костин
Майя,Кондратова
Кристина,Рябинина
Павел,Панов
Мирон,Карпов
Виктория,Колесникова
София,Ушакова
Платон,Ефимов
Даниил,Титов
Ксения,Миронова
Святослав,Новиков
Константин,Беляев
Майя,Цветкова
Ульяна,Горохова
Демид,Колосов
Мирон,Вишневский
Богдан,Зубов
Николай,Краснов
Ника,Троицкая
Захар,Комиссаров
Марк,Самсонов
Маргарита,Горохова
Иван,Аксенов
Любовь,Лобанова
Ярослав,Муратов
Полина,Крылова
Глеб,Симонов
Анна,Нечаева
Сергей,Бочаров
Борис,Блохин
Юлия,Круглова
Александр,Ефремов
Глеб,Волошин
Гордей,Романов
Роман,Уткин
Олеся,Булгакова
Мила,Лапшина
Василий,Гаврилов
Светлана,Олейникова
Ева,Туманова
Марк,Олейников
Милана,Прохорова
Филипп,Горшков
Дмитрий,Фомин
Адам,Кулагин
Павел,Буров
Диана,Шестакова
Никита,Касаткин
Владислав,Горлов
Олеся,Иванова
Ярослава,Никулина
Александр,Капустин
Артур,Дружинин
Лидия,Сорокина
Карина,Родионова
Антон,Жаров
Елизавета,Макарова
Глеб,Медведев
Гордей,Макеев
Ксения,Чумакова
Ирина,Спиридонова
Мия,Черняева
Тимофей,Самойлов
Степан,Тарасов
Алексей,Андрианов
Ярослава,Калмыкова
Богдан,Большаков
Ульяна,Завьялова
Фёдор,Егоров
Виктория,Кулакова
Иван,Фокин
Демьян,Зыков
Арсений,Окулов
Георгий,Копылов
Карина,Рогова
Ольга,Овсянникова
Денис,Кочергин
София,Козловская
Любовь,Вишневская
Елена,Воронина
Ника,Шилова
Кирилл,Кравцов
Варвара,Грибова
Алиса,Бирюкова
Платон,Гусев
Мирослав,Вишневский
Серафима,Морозова
Кирилл,Русанов
Марк,Андрианов
Михаил,Куликов
Артур,Попов
Вера,Антонова
Арина,Кукушкина
Всеволод,Крючков
Ника,Царева
Диана,Крюкова
Алёна,Жилина
Ирина,Федосеева
Маргарита,Окулова
Мила,Дмитриева
Алексей,Федосов
Матвей,Громов
Нина,Дмитриева
Евгения,Дубова
Мирослава,Уварова
Елена,Лаврентьева
Степан,Воронин
Ольга,Дорофеева
София,Жданова
Вячеслав,Озеров
Мирослава,Зверева
Родион,Жуков
Руслан,Пантелеев
Савелий,Овсянников
Никита,Овсянников
Лев,Казаков
Алёна,Моисеева
Руслан,Моисеев
Кира,Высоцкая
Глеб,Кондратов
Илья,Калинин
Георгий,Жаров
Сергей,Ермолаев
Владислав,Леонтьев
Валерия,Бирюкова
Серафима,Потапова
Алёна,Серова
Диана,Токарева
Руслан,Субботин
Злата,Ульянова
Вероника,Высоцкая
Таисия,Казанцева
Зоя,Кочеткова
Василиса,Петрова
Анна,Шестакова
Алиса,Пантелеева
Елизавета,Дорохова
Анатолий,Савельев
Алина,Дорохова
Сергей,Коротков
Зоя,Гурова
Ева,Калашникова
Виктор,Савин
Ярослав,Устинов
Вера,Ларина
Арина,Климова
Семён,Пантелеев
Адам,Горбунов
Мия,Лапшина
Екатерина,Семенова
Маргарита,Хомякова
Савелий,Мещеряков
Варвара,Гордеева
Ульяна,Винокурова
Вероника,Поликарпова
Святослав,Булатов
Святослав,Пахомов
Евгения,Шарова
Николай,Герасимов
Алиса,Колесова
Савва,Рябов
Иван,Голубев
Леонид,Никитин
Егор,Черный
Максим,Моргунов
Владимир,Зорин
Злата,Москвина
Екатерина,Шишкина
Таисия,Зотова
Ян,Малинин
Алёна,Никонова
Ян,Лобанов
Пётр,Никольский
Мирослав,Серебряков
Юрий,Хохлов
Надежда,Федотова
Роберт,Шевелев
Василий,Кондратьев
Михаил,Парфенов
Варвара,Большакова
Татьяна,Кочеткова
Кирилл,Панкратов
Анатолий,Копылов
Игорь,Акимов
Роман,Русанов
Мария,Александрова
Александр,Аникин
Арсений,Кириллов
Ксения,Петухова
Арина,Егорова
Алиса,Калачева
Зоя,Павлова
Руслан,Завьялов
Елисей,Пономарев
Алиса,Астафьева
Яна,Аксенова
Алина,Карпова
Майя,Блинова
Артём,Маслов
Надежда,Авдеева
Даниил,Артамонов
Марк,Ткачев
Полина,Комарова
Георгий,Кузьмин
Арсений,Аксенов
Тимур,Березин
Диана,Кольцова
Марк,Тимофеев
Герман,Кравцов
Максим,Бирюков
Богдан,Лазарев
Илья,Леонов
Тимур,Лукин
Адам,Петров
Богдан,Назаров
Евгения,Волкова
Ксения,Тихонова
Герман,Суслов
Константин,Михеев
Мила,Миронова
Денис,Марков
Елизавета,Носова
Семён,Успенский
Елизавета,Тарасова
Леон,Синицын
Ангелина,Пантелеева
Зоя,Зорина
Владислав,Горохов
Антон,Широков
Нина,Мальцева
Маргарита,Макарова
Лев,Быков
Матвей,Горшков
Пётр,Емельянов
Захар,Минин
Арина,Александрова
Мария,Кириллова
Герман,Марков
Анна,Котова
Маргарита,Терентьева
Вадим,Белоусов
Марат,Романов
Светлана,Севастьянова
Вадим,Виноградов
Елисей,Дроздов
Константин,Панков
Иван,Кошелев
Антон,Копылов
Борис,Евдокимов
Лев,Буров
Маргарита,Ульянова
Константин,Ларин
Кирилл,Рыбаков
Глеб,Глебов
Арина,Трифонова
Ирина,Соколова
Тимофей,Спиридонов
Никита,Шмелев
Макар,Гончаров
Леон,Румянцев
Мария,Попова
Лидия,Краснова
Василиса,Малышева
Злата,Кудрявцева
Яков,Герасимов
Василиса,Астахова
Артём,Лосев
Георгий,Афанасьев
Денис,Любимов
Милана,Воронина
Артур,Комаров
Лилия,Орехова
Кирилл,Зверев
Валерий,Марков
Антонина,Уткина
Марина,Кулагина
Роберт,Анохин
Анатолий,Соколов
Анна,Дубровина
Антон,Куликов
Тимур,Олейников
Евгения,Корнева
Варвара,Окулова
Платон,Морозов
Леон,Тихомиров
Роберт,Воронов
Арсений,Гладков
Родион,Никулин
Кирилл,Шевцов
Михаил,Кравцов
Вера,Логинова
Андрей,Волков
Станислав,Антонов
Лидия,Золотарева
Мария,Прокофьева
Родион,Лопатин
Ольга,Васильева
Любовь,Куприянова
Олег,Белоусов
Филипп,Овсянников
Илья,Ермилов
Глеб,Лосев
Владимир,Покровский
Артемий,Нефедов
Алексей,Троицкий
Яна,Шарова
Павел,Мещеряков
Тихон,Бобров
Полина,Горелова
Диана,Казакова
Константин,Зайцев
Андрей,Швецов
Алина,Муравьева
Милана,Чумакова
Тимофей,Андрианов
Диана,Верещагина
Денис,Шульгин
Антонина,Барсукова
Всеволод,Блохин
Надежда,Лаврова
Фёдор,Коровин
Леонид,Лопатин
Фёдор,Журавлев
Тимур,Хромов
Олеся,Сухова
Даниил,Трофимов
Марина,Грекова
Константин,Косарев
Валентина,Иванова
Дмитрий,Бирюков
Варвара,Елисеева
Нина,Серебрякова
Полина,Горлова
Савелий,Устинов
Ева,Семина
Артур,Анохин
Марат,Крылов
Юрий,Карпов
Игорь,Корольков
Серафима,Бондарева
Леон,Широков
Майя,Тихомирова
Владимир,Дементьев
Тимофей,Поликарпов
Мия,Снегирева
Арина,Худякова
Майя,Рудакова
Вера,Селезнева
Елизавета,Гуляева
Ирина,Зимина
Евгений,Герасимов
Лидия,Булатова
Фёдор,Осипов
Валентина,Волошина
Виктор,Верещагин
Мила,Львова
Мирослава,Кудряшова
Артемий,Кукушкин
Константин,Рогов
Денис,Алексеев
Борис,Коновалов
Ярослава,Трошина
Роман,Кузин
Дарина,Горбунова
Дарья,Зуева
Мия,Колесова
Ксения,Звягинцева
Лидия,Белова
Алёна,Горшкова
Михаил,Беляков
Алина,Еремеева
Дмитрий,Колесов
Артур,Филиппов
Савва,Малышев
Антон,Кочетов
Ангелина,Ананьева
Антонина,Карташова
Марк,Савин
Василий,Ильинский
Александра,Бочарова
Богдан,Агапов
Василий,Шувалов
Егор,Бабушкин
Надежда,Сафонова
Виктория,Кулешова
Артур,Русанов
Святослав,Третьяков
Фёдор,Ситников
Таисия,Уткина
Дмитрий,Головин
Мария,Полякова
Гордей,Никитин
Артём,Черняев
Сергей,Горбачев
Алина,Селезнева
Павел,Давыдов
Святослав,Волков
Олеся,Никольская
Маргарита,Минина
Борис,Кузнецов
Владислав,Ковалев
Глеб,Губанов
Платон,Осипов
Алёна,Сомова
Дарья,Моисеева
Анна,Козловская
Григорий,Дементьев
Ольга,Климова
Георгий,Ежов
Богдан,Аникин
Владислав,Горячев
Кира,Горохова
Егор,Косарев
Милана,Кожевникова
Олег,Зуев
Антонина,Владимирова
Мирон,Мальцев
Ева,Лаптева
Платон,Лукин
Игорь,Кочетов
Мария,Колесова
Алексей,Курочкин
Кристина,Соколова
Ксения,Блохина
Алиса,Жданова
Василиса,Киселева
Любовь,Никитина
Ульяна,Кузина
Елена,Маслова
Вероника,Грибова
Алина,Клюева
Лидия,Филиппова
Антонина,Кириллова
Мирон,Никифоров
Владислав,Свиридов
Адам,Колпаков
Артемий,Яковлев
Михаил,Тимофеев
София,Барсукова
Михаил,Калугин
Вадим,Борисов
Валерия,Голикова
Артём,Бессонов
Яков,Комиссаров
Алёна,Юдина
Мия,Никифорова
София,Волошина
Анатолий,Афанасьев
Захар,Шубин
Юлия,Белякова
Виктор,Курочкин
Святослав,Морозов
Семён,Соловьев
Анатолий,Евсеев
Ярослав,Горохов
Яна,Михеева
Виктор,Большаков
Богдан,Вавилов
Арина,Алексеева
Ева,Позднякова
Даниил,Кочергин
Вадим,Дегтярев
Ольга,Александрова
Ника,Ткачева
Ян,Потапов
Николай,Щербаков
Дарья,Долгова
Роберт,Бородин
Вадим,Терентьев
Макар,Жуков
Евгения,Чижова
Тимур,Назаров
Ольга,Лаврентьева
Карина,Владимирова
Евгений,Рябов
Серафим,Князев
Ангелина,Успенская
Елена,Ермакова
Михаил,Сидоров
Ева,Зыкова
Яна,Кондрашова
Анна,Суворова
Нина,Мартынова
Артём,Панкратов
Мария,Гурова
Алина,Винокурова
Кирилл,Судаков
Майя,Давыдова
Анастасия,Михайлова
Гордей,Шишкин
Ярослава,Мельникова
Любовь,Румянцева
Ярослава,Круглова
Артемий,Рябов
Герман,Поздняков
Нина,Фролова
Филипп,Кулагин
Евгения,Егорова
Демид,Греков
Лидия,Корнеева
Всеволод,Дорофеев
Екатерина,Климова
Елизавета,Кондратьева
Татьяна,Жданова
Валерия,Авдеева
Ульяна,Тимофеева
Дмитрий,Чумаков
Ярослава,Воробьева
Богдан,Лаптев
Ярослав,Уткин
Глеб,Анохин
Серафим,Фомин
Артур,Федосеев
Арина,Шарова
Егор,Усов
Светлана,Лопатина
Вера,Панова
Александра,Яшина
Фёдор,Седов
Никита,Давыдов
Савва,Суворов
Ангелина,Сергеева
Кира,Тихонова
Яков,Булатов
Вячеслав,Панкратов
Руслан,Кукушкин
Сергей,Шаповалов
Денис,Москвин
Платон,Лапин
Марина,Вишневская
Ева,Уварова
Вячеслав,Селезнев
Ангелина,Кольцова
Анастасия,Рудакова
Лилия,Кошелева
Марина,Макеева
Александр,Козлов
Ульяна,Копылова
Константин,Чижов
Юлия,Судакова
Елисей,Шульгин
Антонина,Агеева
Алина,Дубова
Владимир,Горелов
Ангелина,Олейникова
Владимир,Хомяков
Валерий,Куприянов
Нина,Широкова
Дмитрий,Демьянов
Екатерина,Ларионова
Артемий,Кузин
Павел,Румянцев
Василиса,Сальникова
Роман,Харитонов
Арсений,Колпаков
Елена,Панова
Варвара,Кольцова
Артемий,Березин
Василий,Пантелеев
Леонид,Ермаков
Милана,Быкова
Евгений,Трошин
Василиса,Позднякова
Богдан,Козлов
Владимир,Винокуров
Юрий,Петров
Лилия,Емельянова
Ева,Черкасова
Герман,Сахаров
Адам,Синицын
Тимур,Волков
Руслан,Винокуров
Артур,Поликарпов
Глеб,Булгаков
Ульяна,Коровина
Иван,Морозов
Руслан,Панфилов
Владислава,Пономарева
Екатерина,Артамонова
Диана,Виноградова
Тихон,Денисов
Нина,Румянцева
Александра,Кукушкина
Николай,Уваров
Вадим,Рубцов
Любовь,Гришина
Тихон,Левин
Владислав,Константинов
Илья,Шестаков
Михаил,Абрамов
Яков,Руднев
Савелий,Соловьев
Елена,Снегирева
Антонина,Емельянова
Герман,Крюков
Ксения,Чеботарева
Филипп,Любимов
Злата,Игнатьева
Анна,Кошелева
Тимур,Родионов
Милена,Сальникова
Захар,Кузнецов
Ирина,Старостина
Ника,Абрамова
Лидия,Константинова
Александра,Серова
Глеб,Греков
Всеволод,Литвинов
Олеся,Ильинская
Ева,Иванова
Вячеслав,Сергеев
Арсений,Минаев
Алёна,Хромова
Александра,Поликарпова
Савва,Черный
Олег,Ерофеев
Павел,Шмелев
Анастасия,Субботина
Диана,Климова
Гордей,Дорофеев
Мария,Седова
Николай,Токарев
Глеб,Краснов
Игорь,Павлов
Ян,Краснов
Евгения,Дегтярева
Кира,Куликова
Лидия,Матвеева
Елизавета,Третьякова
Гордей,Литвинов
Роберт,Кольцов
Алина,Зиновьева
Варвара,Агафонова
Евгений,Муравьев
Адам,Глебов
Ольга,Корнилова
Тимофей,Успенский
Демид,Мальцев
София,Прокофьева
Олеся,Корчагина
Милана,Чижова
Филипп,Черкасов
Сергей,Ершов
Георгий,Суханов
Тихон,Емельянов
Павел,Корнев
Олег,Львов
Матвей,Буров
Мирослава,Климова
Евгений,Бабушкин
Дарина,Дружинина
Олег,Корольков
Евгения,Гончарова
Дарья,Владимирова
Майя,Иванова
Антон,Еремин
Мия,Вавилова
Марина,Зотова
Ева,Аксенова
Ева,Верещагина
Всеволод,Прохоров
Тихон,Дьяков
Екатерина,Добрынина
Савелий,Лукьянов
Захар,Горшков
Ярослава,Свешникова
Степан,Черняев
Ева,Денисова
Екатерина,Ермолова
Илья,Клюев
Елисей,Левин
Яна,Потапова
Ян,Ефремов
Алиса,Карташова
Вячеслав,Самойлов
Фёдор,Казаков
Александр,Кожевников
Евгений,Селезнев
Мирон,Раков
Владислав,Аникин
Леон,Ефремов
Вячеслав,Бирюков
Кирилл,Матвеев
Антонина,Соколова
Лука,Зеленин
Олеся,Нестерова
Екатерина,Королькова
Виктор,Панин
Зоя,Лапина
Серафима,Бессонова
Герман,Лукьянов
Илья,Белов
Ярослав,Яковлев
Илья,Потапов
Валерия,Касаткина
Милана,Рожкова
Нина,Федосеева
Всеволод,Медведев
Максим,Селезнев
Савелий,Тихомиров
Евгения,Лосева
Евгения,Вавилова
Георгий,Круглов
Яна,Максимова
Яна,Лосева
Милана,Лаврентьева
Серафим,Жуков
Светлана,Коновалова
Анна,Мартынова
Елена,Звягинцева
Виктор,Севастьянов
Ульяна,Игнатьева
Ульяна,Ермолаева
Евгений,Ковалев
Демьян,Филимонов
Владислава,Федосова
Лука,Орехов
Диана,Матвеева
Всеволод,Чернов
Диана,Дементьева
Никита,Сурков
Варвара,Макеева
Варвара,Гришина
Даниил,Журавлев
Вадим,Давыдов
Вячеслав,Комиссаров
Владимир,Алешин
Георгий,Серов
Михаил,Аксенов
Мария,Рудакова
Максим,Белов
Юрий,Басов
Василий,Ларин
Юлия,Леонова
Савелий,Волков
Максим,Кузьмин
Мирослав,Калугин
Михаил,Емельянов
Анастасия,Ерофеева
Серафим,Большаков
Филипп,Губанов
Дарина,Дроздова
Яна,Быкова
Владислава,Романова
Николай,Савельев
Всеволод,Старостин
Яна,Сахарова
Виктория,Жилина
Алексей,Кравцов
Антон,Олейников
Ангелина,Федотова
Дарья,Трифонова
Алиса,Трофимова
Василий,Овчинников
Григорий,Верещагин
Денис,Белоусов
Ксения,Николаева
Мария,Русанова
Максим,Гришин
Арсений,Черкасов
Филипп,Воронов
Вячеслав,Филиппов
Алина,Старикова
Макар,Островский
Александра,Терентьева
Серафима,Шапошникова
Марат,Филиппов
Дарина,Корнева
Максим,Касаткин
Виктория,Шувалова
Никита,Ефимов
Елисей,Копылов
Маргарита,Тарасова
Мирон,Ефремов
Виктор,Аксенов
Савва,Воронков
Денис,Богданов
Адам,Ткачев
Василиса,Касьянова
Алёна,Дегтярева
Арсений,Карташов
Михаил,Дьяконов
Сергей,Пономарев
Дмитрий,Злобин
Любовь,Головина
Наталья,Лобанова
Макар,Зверев
Екатерина,Черепанова
Марк,Исаков
Антон,Коршунов
Яна,Александрова
Варвара,Тихомирова
Герман,Субботин
Ева,Ушакова
Вера,Суслова
Мария,Овчинникова
Роман,Дубов
Варвара,Короткова
Матвей,Дубинин
Мирослав,Котов
Арина,Масленникова
Платон,Беляков
Яна,Цветкова
Пётр,Абрамов
Александр,Волошин
Олег,Суворов
Фёдор,Черных
Артём,Успенский
Ксения,Борисова
Марк,Алешин
Маргарита,Данилова
Ангелина,Фетисова
Адам,Моисеев
Глеб,Сергеев
Мила,Чернова
Яков,Марков
Валентина,Скворцова
Светлана,Дементьева
Майя,Басова
Ярослав,Носков
Тихон,Захаров
Светлана,Рожкова
Даниил,Никифоров
Зоя,Золотарева
Никита,Столяров
Илья,Басов
Анастасия,Кукушкина
Яков,Касьянов
Дмитрий,Сухарев
Сергей,Карташов
Филипп,Ежов
Макар,Гришин
Ульяна,Суркова
Майя,Устинова
Владимир,Измайлов
Илья,Ермолов
Ника,Озерова
Дарья,Винокурова
Фёдор,Еремин
Сергей,Белкин
Савва,Поздняков
Милена,Терехова
Серафим,Лапшин
Святослав,Семенов
Родион,Молчанов
Марат,Ларионов
Карина,Селезнева
Родион,Касаткин
Нина,Гончарова
Григорий,Родионов
Глеб,Беликов
Всеволод,Савельев
Евгения,Жилина
Станислав,Сергеев
Владимир,Зайцев
София,Игнатова
Демьян,Сомов
Милана,Трифонова
Лидия,Худякова
Злата,Барсукова
Лука,Филатов
Василиса,Моисеева
Георгий,Шапошников
Евгений,Жуков
Роман,Сидоров
Георгий,Волков
Григорий,Кононов
Карина,Панкова
Игорь,Маслов
Ярослав,Авдеев
Тимофей,Фролов
Ирина,Гришина
Алиса,Мухина
Илья,Греков
Алёна,Пирогова
Александра,Тихонова
Елисей,Петров
Захар,Чеботарев
Родион,Черный
Ангелина,Голубева
Демьян,Лаптев
Владислав,Хомяков
Василиса,Самойлова
Надежда,Маркина
Кристина,Нефедова
Кирилл,Дорофеев
Артур,Воронцов
Роберт,Щербаков
Серафима,Полякова
Арина,Исаева
Екатерина,Булатова
Ян,Леонтьев
Станислав,Романов
Марина,Успенская
Матвей,Денисов
Артём,Меркулов
Леон,Клюев
Пётр,Вдовин
Арина,Фокина
Ярослава,Зыкова
Евгений,Дубровин
Артём,Беспалов
Дарья,Кузина
Вадим,Бирюков
Лилия,Зверева
Тихон,Бочаров
Артур,Мешков
Елена,Андрианова
Макар,Серов
Богдан,Сомов
Семён,Елисеев
Тимур,Сафонов
Милана,Макарова
Юлия,Жданова
Елизавета,Нестерова
Андрей,Старостин
Мирон,Пименов
Варвара,Родионова
Виктория,Парфенова
Иван,Болдырев
Гордей,Лопатин
Мирослав,Шилов
Злата,Рожкова
Яна,Сафонова
Савва,Максимов
Тимур,Иванов
Фёдор,Прохоров
Марат,Горбунов
Мирослава,Царева
Леонид,Кожевников
Арсений,Кондрашов
Владислав,Сухов
Василий,Иванов
Артур,Жилин
Гордей,Озеров
Станислав,Прохоров
Александра,Крюкова
Станислав,Капустин
Даниил,Софронов
Алексей,Астафьев
Лука,Карташов
Тимур,Калачев
Тимур,Устинов
Валерия,Максимова
Станислав,Моисеев
Роберт,Климов
Андрей,Игнатьев
Даниил,Третьяков
Кристина,Цветкова
София,Кондратова
Всеволод,Богомолов
Ольга,Кондратова
Макар,Кочергин
Ксения,Покровская
Дарина,Новикова
Владимир,Астафьев
Станислав,Калинин
Лука,Абрамов
Глеб,Романов
Сергей,Зубков
Андрей,Горелов
Кирилл,Ерофеев
Роман,Колосов
Варвара,Филимонова
Ника,Некрасова
Платон,Фролов
Илья,Васильев
Глеб,Фомичев
Герман,Павловский
Демьян,Золотов
Варвара,Быкова
Никита,Фомичев
Владислав,Балашов
Захар,Григорьев
Дарина,Селиванова
Мария,Аникина
Яна,Ефремова
Татьяна,Гаврилова
Николай,Агеев
Валерия,Терентьева
Денис,Руднев
Всеволод,Колесников
Роман,Фомин
Вадим,Чистяков
Кира,Ильинская
Майя,Богданова
Ольга,Гаврилова
Ксения,Калачева
Елизавета,Высоцкая
Александра,Коровина
Евгений,Пугачев
Ольга,Корнева
Ирина,Жукова
Савелий,Тихонов
Сергей,Павлов
Тимофей,Кудрявцев
Мирон,Зимин
Ангелина,Майорова
Ольга,Астафьева
Демьян,Степанов
Евгения,Ефимова
Тимур,Седов
Филипп,Швецов
Виктор,Григорьев
Мария,Волошина
Антон,Токарев
Мария,Мальцева
Виктор,Евсеев
Леонид,Ананьев
Захар,Корнилов
Надежда,Рубцова
Алексей,Золотарев
Антонина,Чеснокова
Евгений,Касьянов
Алина,Рыбакова
Владимир,Буров
София,Гаврилова
Любовь,Семина
Елисей,Москвин
Руслан,Никольский
Даниил,Шестаков
Нина,Демина
Владислава,Демьянова
Евгения,Зорина
Филипп,Акимов
Артур,Швецов
Антон,Андрианов
Максим,Рогов
Мирослав,Сидоров
Ульяна,Седова
Евгения,Покровская
Нина,Наумова
Святослав,Григорьев
Лев,Уткин
Руслан,Фетисов
Тихон,Островский
Любовь,Лебедева
Артемий,Ефимов
Семён,Парамонов
Илья,Наумов
Григорий,Бабушкин
Даниил,Кононов
Валерий,Герасимов
Виктория,Рудакова
Кристина,Устинова
Дарья,Зорина
Святослав,Голубев
Всеволод,Пономарев
Елисей,Воронков
Елисей,Бородин
Филипп,Зайцев
Александра,Астафьева
Кира,Копылова
Георгий,Баженов
Марина,Богомолова
Руслан,Соболев
Арина,Черныха
Наталья,Анисимова
Юлия,Моисеева
Ольга,Емельянова
Марина,Снегирева
Ярослава,Елисеева
Яков,Дмитриев
Олеся,Фролова
Алиса,Латышева
Роберт,Юдин
Ева,Одинцова
Макар,Крылов
Ульяна,Аникина
Полина,Мальцева
Алина,Самойлова
Марк,Ефремов
Вячеслав,Соколов
Александра,Белякова
Савелий,Беляев
Кира,Усова
Михаил,Лаптев
Герман,Соловьев
Марат,Белоусов
Даниил,Косарев
Елена,Артемова
Леон,Новиков
Елизавета,Чумакова
Ян,Масленников
Злата,Егорова
Серафим,Беляков
Георгий,Симонов
Леонид,Козловский
Виктория,Мешкова
Никита,Троицкий
Николай,Курочкин
Богдан,Седов
Валерия,Белкина
Игорь,Волков
Василиса,Покровская
Кира,Маркова
Ирина,Вдовина
Нина,Самойлова
Сергей,Александров
Вера,Барсукова
Ангелина,Моргунова
Марат,Чернышев
Виктория,Дроздова
Родион,Сахаров
Владислав,Шаров
Вера,Шишкина
Диана,Лапина
Маргарита,Самойлова
Владимир,Федотов
Демид,Блинов
Анастасия,Дубровина
Роберт,Грибов
Тимур,Ермолаев
Олеся,Черкасова
Любовь,Никольская
Максим,Митрофанов
Олег,Корнилов
Майя,Филиппова
Артур,Куликов
Георгий,Горячев
Марк,Фирсов
Ангелина,Михеева
Валерия,Маслова
Никита,Розанов
Роберт,Трофимов
Юрий,Романов
Демьян,Грачев
Егор,Давыдов
Ульяна,Мещерякова
Ян,Черкасов
Анастасия,Софронова
Борис,Андреев
Елисей,Попов
Тихон,Беляев
Игорь,Воронков
Владислава,Родина
Мария,Чеснокова
Максим,Демин
Вера,Власова
Елизавета,Судакова
Кристина,Горлова
Яна,Терехова
Александра,Горшкова
Милена,Лукина
Елисей,Колесов
Любовь,Крылова
Милена,Болдырева
Василий,Щеглов
Максим,Горбачев
Антон,Гущин
Матвей,Иванов
Вячеслав,Греков
Карина,Матвеева
Зоя,Серова
Иван,Костин
Арсений,Блохин
Святослав,Козлов
Ульяна,Парамонова
Диана,Галкина
Пётр,Шубин
Руслан,Новиков
Ульяна,Грибова
Арина,Титова
Артём,Логинов
Игорь,Дмитриев
Филипп,Грачев
Мирослава,Черная
Надежда,Корнеева
Никита,Хомяков
Руслан,Емельянов
Тихон,Ильин
Степан,Семенов
Марк,Артемов
Елизавета,Мухина
София,Снегирева
Мирон,Шишкин
Лидия,Романова
Артемий,Иванов
Руслан,Демидов
Владимир,Хохлов
Матвей,Капустин
Денис,Верещагин
Тимофей,Меркулов
Святослав,Сухов
Владимир,Мещеряков
Руслан,Тарасов
Андрей,Шмелев
Вячеслав,Парфенов
Георгий,Снегирев
Ника,Дружинина
Валентина,Крючкова
Тихон,Кочетков
Ирина,Пантелеева
Богдан,Захаров
Гордей,Виноградов
Степан,Горшков
Лука,Комаров
Серафима,Молчанова
Георгий,Клюев
Виктор,Еремеев
Евгения,Колесникова
Артур,Белов
Милана,Москвина
Любовь,Дмитриева
Ирина,Гаврилова
Николай,Никулин
Константин,Мещеряков
Анастасия,Зимина
Роман,Пастухов
Ксения,Дорофеева
Юлия,Быкова
Кира,Олейникова
Милана,Фадеева
Вадим,Соболев
Полина,Лебедева
Зоя,Дегтярева
Екатерина,Лопатина
Леонид,Фролов
Милена,Корнеева
Даниил,Сизов
Диана,Савина
Ярослава,Ефремова
Игорь,Горелов
Лилия,Николаева
Марк,Морозов
Вероника,Позднякова
Дмитрий,Маслов
Владислава,Новикова
Алексей,Парамонов
Степан,Фетисов
Таисия,Снегирева
Ева,Копылова
Артём,Гришин
Савелий,Федоров
Алексей,Булатов
Всеволод,Селиванов
Никита,Воронцов
Ян,Малахов
Руслан,Воронцов
Евгения,Агафонова
Ангелина,Баранова
Сергей,Герасимов
Злата,Глебова
Евгения,Орехова
Тихон,Жилин
Евгений,Рогов
Нина,Матвеева
Мирослава,Субботина
Елисей,Трофимов
Милана,Виноградова
Ольга,Калмыкова
Богдан,Наумов
Виктория,Корнилова
Антонина,Антонова
Владислав,Макаров
Ярослав,Зимин
Екатерина,Грибова
Майя,Косарева
Михаил,Архипов
Гордей,Дроздов
Пётр,Сотников
Виктор,Муравьев
Алексей,Шаповалов
Карина,Максимова
Сергей,Бирюков
Борис,Лыков
Александр,Баженов
Константин,Филимонов
Александра,Шубина
Всеволод,Карпов
Александр,Козловский
Игорь,Швецов
Вероника,Худякова
Варвара,Черепанова
Марк,Трошин
Артём,Столяров
Ульяна,Дубова
Серафим,Юдин
Савва,Вешняков
Захар,Захаров
Максим,Бондарев
Диана,Меркулова
Роберт,Калмыков
Василиса,Зорина
Роман,Лукин
Алина,Лаврентьева
Анна,Соколова
Арина,Абрамова
Дарья,Фролова
Евгения,Панова
Александра,Зыкова
Пётр,Жаров
Яна,Кузьмина
Владислав,Павлов
Милана,Евдокимова
Тимофей,Коновалов
Андрей,Хромов
Майя,Фролова
Анна,Горюнова
Михаил,Петровский
Анна,Мальцева
Борис,Окулов
Егор,Панов
Николай,Терехов
Дарина,Островская
Виктор,Никитин
Григорий,Носков
Кира,Афанасьева
Диана,Павлова
Мия,Бородина
Денис,Симонов
Ярослав,Касаткин
Владислава,Трошина
Пётр,Чистяков
София,Рудакова
Макар,Киреев
Ева,Парфенова
Руслан,Сомов
Ярослав,Копылов
Яков,Горшков
Наталья,Баженова
Дмитрий,Шульгин
Тимур,Маркин
Дарья,Муратова
Александр,Чижов
Сергей,Пахомов
Юлия,Грекова
Серафима,Тимофеева
Герман,Кузьмин
Пётр,Горячев
Вероника,Фирсова
Михаил,Крюков
Демид,Цветков
Игорь,Андрианов
Елизавета,Ларина
Мирослав,Данилов
Надежда,Владимирова
София,Дьякова
Богдан,Мещеряков
Анна,Пастухова
Яна,Савина
Демид,Воронков
Алексей,Кулагин
Валерия,Харитонова
Евгения,Ларина
Никита,Волков
Леон,Гончаров
Даниил,Моргунов
Станислав,Масленников
Ульяна,Логинова
Анастасия,Вишневская
Антон,Климов
Степан,Мельников
Пётр,Федотов
Всеволод,Елизаров
Артём,Муратов
Алина,Зыкова
Екатерина,Лукьянова
Матвей,Горбачев
Игорь,Петров
Всеволод,Лазарев
Тимофей,Зуев
Андрей,Долгов
Игорь,Орехов
Родион,Голованов
Зоя,Ерофеева
Игорь,Любимов
Дарина,Горлова
Юлия,Кулешова
Марина,Лаптева
Андрей,Новиков
Алексей,Давыдов
Роберт,Гладков
Олеся,Сальникова
Дмитрий,Рябов
Сергей,Жуков
Глеб,Лукин
Анастасия,Киреева
Диана,Давыдова
Серафим,Черкасов
Арина,Аникина
Платон,Дегтярев
Вероника,Усова
Владислава,Глебова
Ева,Уткина
Василий,Фролов
Марк,Вишневский
Ирина,Афанасьева
Дмитрий,Михайлов
Василий,Власов
Тимур,Соловьев
Александра,Попова
Ева,Сотникова
Тимур,Артемов
Марина,Лебедева
Екатерина,Носова
Всеволод,Сорокин
Роберт,Грачев
Дарина,Дубова
Ксения,Свиридова
Олег,Жаров
Тимур,Астафьев
София,Щукина
Захар,Молчанов
Тихон,Суслов
Евгений,Нечаев
Станислав,Марков
Лидия,Рогова
Юлия,Усова
Яков,Максимов
Василиса,Вешнякова
Алиса,Дмитриева
Владимир,Плотников
Мирослава,Шишкина
Артемий,Носков
Нина,Бородина
Кристина,Белякова
Мия,Белова
Станислав,Зубков
Серафим,Федотов
Майя,Пахомова
Алиса,Гришина
Дмитрий,Третьяков
Антонина,Макарова
Лидия,Гусева
Злата,Горлова
Олег,Медведев
Владислав,Субботин
Даниил,Николаев
Никита,Терентьев
Антон,Шишкин
Платон,Любимов
Нина,Успенская
Никита,Токарев
Артур,Осипов
Полина,Петухова
Екатерина,Дорофеева
Марк,Крючков
Ульяна,Пахомова
Савелий,Балашов
Екатерина,Зеленина
Вероника,Анохина
Алина,Косарева
Иван,Лукьянов
Тихон,Корчагин
Вероника,Суслова
Илья,Пугачев
Евгений,Постников
Мирон,Добрынин
Анастасия,Меркулова
Павел,Зотов
Александр,Андрианов
Екатерина,Белова
Валерия,Астахова
Василиса,Хомякова
Елизавета,Маркелова
Всеволод,Карташов
Вадим,Вдовин
Милена,Кошелева
Демид,Ткачев
Лука,Кондратов
Ирина,Зеленина
Марина,Ефремова
София,Журавлева
Диана,Игнатова
Иван,Носков
Виктория,Островская
Константин,Гаврилов
Тимур,Миронов
Иван,Тихомиров
Антон,Овсянников
Виктор,Дроздов
Милана,Серова
Мирон,Лосев
Любовь,Кузина
Захар,Краснов
Алёна,Левина
Мила,Ульянова
Всеволод,Корнилов
Ангелина,Лопатина
Ангелина,Широкова
Артём,Корнев
Серафима,Степанова
Дарина,Шишкина
Даниил,Никитин
Григорий,Фетисов
Борис,Елизаров
Ева,Константинова
Александр,Злобин
Милана,Громова
Елена,Сорокина
Арина,Рубцова
Кристина,Лопатина
Евгений,Шевцов
София,Сальникова
Платон,Максимов
Юлия,Архипова
Артём,Агапов
Светлана,Суханова
Таисия,Зиновьева
Виктор,Судаков
Алина,Трошина
Елисей,Николаев
Ярослав,Глебов
Василиса,Уварова
Надежда,Щербакова
Мила,Агеева
Лука,Воронков
Любовь,Дубова
Милена,Литвинова
Ника,Соболева
Анатолий,Ермилов
Яна,Калинина
Демид,Беляев
Захар,Харитонов
Алексей,Суворов
София,Макарова
Артур,Евдокимов
Валентина,Столярова
Константин,Антонов
Максим,Зыков
Захар,Розанов
Варвара,Панина
Владислав,Еремин
Алёна,Зуева
Вера,Кочеткова
Адам,Чесноков
Глеб,Егоров
Таисия,Рыбакова
Лука,Кравцов
Екатерина,Евдокимова
Всеволод,Уваров
Савва,Зубков
Мила,Панкова
Василиса,Царева
Савва,Никифоров
Александра,Устинова
Анастасия,Лопатина
Всеволод,Успенский
Платон,Комиссаров
Виктория,Наумова
Александра,Пахомова
Алёна,Воронова
Валерия,Софронова
Дарина,Зыкова
Лука,Захаров
Злата,Мешкова
Таисия,Корнева
Диана,Демина
Константин,Никулин
Надежда,Чистякова
Виктория,Чумакова
Константин,Михайлов
Елена,Рыбакова
Константин,Сидоров
Филипп,Соболев
Платон,Харитонов
Артём,Герасимов
Пётр,Леонов
Тимофей,Виноградов
Ангелина,Быкова
Ника,Григорьева
Елисей,Спиридонов
Любовь,Дорофеева
Валерий,Моисеев
Денис,Дроздов
Екатерина,Фомичева
Злата,Чумакова
Мия,Виноградова
Лев,Баженов
Ольга,Жукова
Святослав,Виноградов
Яна,Большакова
Антон,Савин
Нина,Короткова
Кирилл,Минин
Никита,Астафьев
Светлана,Белякова
Мария,Кузьмина
Карина,Малышева
Богдан,Архипов
Маргарита,Носова
Святослав,Селиванов
Антонина,Королева
Даниил,Лукьянов
Максим,Ильин
Александра,Алексеева
Арина,Полякова
Вадим,Горбунов
Майя,Жукова
Злата,Уварова
Евгений,Калугин
Анна,Рубцова
Адам,Аксенов
Владислава,Матвеева
Леонид,Львов
Елена,Муравьева
Виктория,Ермолова
Иван,Кузнецов
Денис,Елизаров
Артур,Фокин
Мирон,Карасев
Василий,Архипов
Василий,Русаков
Дарья,Горлова
Зоя,Блинова
Елизавета,Филимонова
Майя,Бабушкина
София,Трофимова
Арсений,Глебов
Гордей,Козлов
Александра,Зотова
Савва,Демидов
Ярослав,Жаров
Сергей,Савин
Майя,Прокофьева
Яна,Федосова
Ульяна,Сафонова
Василий,Круглов
Платон,Черкасов
Захар,Корнев
Андрей,Усов
Марина,Добрынина
Леонид,Муратов
Олеся,Боброва
Ксения,Астахова
Василиса,Лукина
Мирослав,Яковлев
Никита,Рыжов
Мария,Лопатина
Елизавета,Дмитриева
Георгий,Покровский
Виктория,Филиппова
София,Корчагина
Вадим,Малахов
Арсений,Тихонов
София,Пономарева
Алина,Фадеева
Вероника,Головина
Сергей,Ильин
Тимур,Волошин
Милена,Басова
Варвара,Пантелеева
Юлия,Туманова
Серафима,Столярова
Юлия,Севастьянова
Савелий,Моисеев
Андрей,Измайлов
Юрий,Мухин
Герман,Устинов
Семён,Лаптев
Никита,Лыков
София,Богданова
Анастасия,Петрова
Алёна,Емельянова
Глеб,Кулагин
Мирослава,Швецова
Платон,Дубровин
Савелий,Игнатов
Серафима,Нечаева
Яна,Черная
Диана,Дорофеева
Лука,Наумов
Глеб,Малинин
Пётр,Русаков
Глеб,Никитин
Егор,Глушков
Елена,Исакова
Кира,Зверева
Злата,Рябова
Анна,Белкина
Михаил,Федосов
Тимур,Калинин
Ян,Волков
Ника,Сухарева
Лев,Павлов
Богдан,Егоров
Наталья,Смирнова
Злата,Кулешова
Мария,Данилова
Анатолий,Рудаков
Гордей,Пастухов
Марат,Фомин
Николай,Наумов
Фёдор,Калачев
Тихон,Поляков
Тимур,Капустин
Егор,Назаров
Дарья,Гладкова
Денис,Макеев
Антон,Серебряков
Мия,Макарова
Александра,Голубева
Герман,Ильинский
Александр,Ермолаев
Пётр,Наумов
Лука,Калинин
Артемий,Панкратов
Мила,Моргунова
Ян,Туманов
Таисия,Вавилова
Даниил,Гущин
Пётр,Белоусов
Дарина,Владимирова
Антон,Сычев
Владислава,Горелова
Вероника,Барсукова
Кира,Егорова
Таисия,Полякова
Мирослава,Елизарова
Мария,Шарова
Александра,Шевелева
Яна,Кузнецова
Артемий,Рубцов
Леон,Ковалев
Анатолий,Кузнецов
Никита,Дорофеев
Никита,Мешков
Мирослав,Горохов
Кирилл,Сидоров
Вероника,Беспалова
Пётр,Раков
Юлия,Сазонова
Александра,Митрофанова
Лилия,Чижова
Мирон,Балашов
Всеволод,Воронков
Серафима,Глушкова
Мария,Суркова
София,Круглова
Макар,Сухарев
Олег,Родин
Даниил,Некрасов
Татьяна,Артемова
Иван,Наумов
Лидия,Меркулова
Варвара,Некрасова
Вадим,Алексеев
Кирилл,Аксенов
Надежда,Большакова
Василиса,Аникина
Анна,Ананьева
Милена,Голикова
Марат,Котов
Злата,Прохорова
Наталья,Филимонова
Елизавета,Лапина
Ярослав,Рябов
Марк,Наумов
Кира,Потапова
Ева,Беспалова
Ксения,Емельянова
Захар,Данилов
Вадим,Уткин
Артём,Кольцов
Владислав,Денисов
Арсений,Шапошников
Степан,Воронцов
Матвей,Козловский
Серафим,Толкачев
Лев,Ермолов
Тимофей,Баженов
Гордей,Шевцов
Демьян,Самойлов
Александра,Ермолаева
Михаил,Ежов
Артемий,Глебов
Милена,Рогова
Яна,Пименова
Варвара,Столярова
Василиса,Тарасова
Екатерина,Леонтьева
Олег,Щербаков
Анастасия,Козина
Мирослав,Лаврентьев
Татьяна,Богданова
Мирон,Алексеев
Тимур,Демин
Богдан,Шаров
Сергей,Капустин
Платон,Алехин
Нина,Любимова
Семён,Панкратов
Милена,Лапина
Ульяна,Демина
Захар,Борисов
Платон,Лопатин
Лилия,Кириллова
Ангелина,Маркина
Ярослав,Захаров
Алёна,Назарова
Полина,Кочетова
Роберт,Терехов
Марк,Трофимов
Михаил,Акимов
Никита,Сомов
Мирон,Соколов
Александр,Трифонов
Алиса,Сухарева
Владислав,Шевелев
Станислав,Ларин
Анастасия,Черкасова
Пётр,Воронов
Даниил,Любимов
Захар,Сычев
Филипп,Вдовин
Таисия,Воронова
Маргарита,Поликарпова
Виктория,Клюева
Валентина,Анисимова
Варвара,Котова
Матвей,Горбунов
Родион,Толкачев
Олег,Леонтьев
Михаил,Ермилов
Елена,Ушакова
Виктор,Гуляев
Семён,Давыдов
Родион,Калашников
Варвара,Исаева
Алина,Кононова
Алексей,Калашников
Егор,Третьяков
Лука,Туманов
Роберт,Троицкий
Тимур,Жуков
Григорий,Воронов
Татьяна,Зуева
Егор,Лукьянов
Валентина,Козлова
Марк,Федоров
Вероника,Козловская
Марк,Пономарев
Нина,Пугачева
Глеб,Алексеев
Зоя,Измайлова
Олег,Калмыков
Наталья,Зверева
Варвара,Чистякова
Дмитрий,Пантелеев
Елена,Щербакова
Пётр,Сорокин
Арина,Успенская
Иван,Корнилов
Карина,Елисеева
Станислав,Авдеев
Василий,Судаков
Ярослава,Полякова
Сергей,Маркелов
Диана,Исаева
Лидия,Сазонова
Яков,Федотов
Злата,Шмелева
Маргарита,Рыбакова
Елена,Гуляева
Яна,Синицына
Марк,Ларин
Ярослава,Миронова
Елизавета,Рябинина
Александр,Панин
Святослав,Золотарев
Всеволод,Панин
Полина,Костина
Олег,Леонов
Яна,Свиридова
Серафим,Моргунов
Савелий,Сафонов
Константин,Свешников
Фёдор,Капустин
Михаил,Павловский
Татьяна,Гурова
Андрей,Панфилов
Владимир,Масленников
Леонид,Панов
Лев,Фомин
Савва,Фирсов
Вера,Жарова
Василий,Краснов
Зоя,Демьянова
Василиса,Петровская
Мирон,Мещеряков
Ксения,Муравьева
Елена,Кольцова
Виктория,Вавилова
Ярослава,Пирогова
Светлана,Карасева
Савелий,Богомолов
Диана,Успенская
Илья,Носов
Захар,Дубровин
Алина,Литвинова
Диана,Наумова
Елизавета,Волкова
Роберт,Лаврентьев
Тихон,Горюнов
Ульяна,Филиппова
Ольга,Тарасова
Алиса,Устинова
Яков,Сухов
Леонид,Сафонов
Макар,Головин
Николай,Ситников
Арина,Васильева
Артём,Ильин
Артур,Николаев
Марк,Быков
Анатолий,Леонтьев
Анастасия,Емельянова
Борис,Романов
Леонид,Митрофанов
Елена,Шубина
Лука,Шестаков
Мила,Носова
Алексей,Сухарев
Тимофей,Федотов
Ксения,Сухарева
Матвей,Барсуков
Ярослав,Шмелев
Алина,Рогова
Ксения,Зыкова
Богдан,Лаврентьев
Яна,Федотова
Зоя,Фирсова
Владислав,Любимов
Марк,Березин
Максим,Смирнов
Георгий,Артемов
Екатерина,Сазонова
Павел,Орлов
Захар,Кожевников
Леонид,Алехин
Милана,Овсянникова
Глеб,Емельянов
Михаил,Севастьянов
Артур,Абрамов
Родион,Нефедов
Максим,Коротков
Артемий,Черкасов
Степан,Афанасьев
Михаил,Ушаков
Зоя,Субботина
Максим,Фадеев
Серафима,Васильева
Мария,Дьякова
Михаил,Козлов
Кирилл,Поздняков
Владислав,Кожевников
Григорий,Васильев
Святослав,Миронов
Артур,Львов
Макар,Гущин
Макар,Кудряшов
Руслан,Высоцкий
Вероника,Безрукова
Филипп,Митрофанов
Матвей,Горлов
Елизавета,Терентьева
Захар,Винокуров
Демьян,Кондрашов
Антонина,Булатова
Мирослав,Осипов
Тимур,Рогов
Артём,Судаков
Нина,Русакова
Анатолий,Артемов
Дарина,Скворцова
Татьяна,Суслова
Надежда,Степанова
Руслан,Чесноков
Гордей,Калинин
Адам,Бородин
Макар,Воронков
Юрий,Пирогов
Виктория,Лапина
Лилия,Панина
Милена,Денисова
Анна,Спиридонова
Дарина,Агапова
Арина,Черепанова
Павел,Шишкин
Карина,Хомякова
Яна,Орлова
Марина,Власова
Дмитрий,Касаткин
Адам,Калашников
Мирослава,Сухарева
Захар,Пугачев
Иван,Зуев
Яков,Завьялов
Алексей,Пименов
Ника,Шарова
Карина,Краснова
Пётр,Озеров
Мила,Бондарева
Александр,Киреев
Александр,Горбунов
Дмитрий,Беликов
Ангелина,Звягинцева
Даниил,Молчанов
Артур,Максимов
Егор,Захаров
Илья,Рыбаков
Татьяна,Савельева
Вадим,Касьянов
Василиса,Пахомова
Тимур,Грачев
Мия,Болдырева
Татьяна,Карпова
София,Алехина
Илья,Черепанов
Артур,Демидов
Егор,Поликарпов
Татьяна,Дьякова
Владислава,Орлова
София,Рябинина
Адам,Белов
Лука,Акимов
Кристина,Калинина
Евгения,Ильинская
Андрей,Захаров
Ольга,Воронцова
Ольга,Кулешова
Зоя,Козырева
Анатолий,Карпов
Виктор,Трофимов
Диана,Зеленина
Вячеслав,Яковлев
Платон,Родионов
Андрей,Федоров
Ольга,Колесова
Марк,Глухов
Таисия,Муравьева
Евгения,Левина
Василий,Панков
Ирина,Вишневская
Ирина,Старикова
Надежда,Бычкова
Александр,Кольцов
Ян,Ширяев
Владислав,Царев
Родион,Зубов
Семён,Дегтярев
Адам,Логинов
Злата,Озерова
Илья,Беляев
Вера,Крюкова
Михаил,Кудряшов
Карина,Воронина
Иван,Орехов
Ярослава,Головина
Демид,Владимиров
Никита,Быков
Георгий,Соколов
Арина,Сазонова
Олег,Зверев
Николай,Корольков
Богдан,Ефремов
Матвей,Яшин
Валерия,Крючкова
