first_name,last_name
Мия,Демидова
Борис,Леонтьев
Никита,Андрианов
Константин,Балашов
Евгения,Кудрявцева
Гордей,Зиновьев
Мирослава,Зыкова
Фёдор,Крылов
Артур,Некрасов
Елисей,Никулин
Денис,Дроздов
Арсений,Пирогов
Артур,Горюнов
Роман,Макеев
Елена,Щукина
Лев,Черепанов
Богдан,Копылов
Маргарита,Лыкова
Артур,Лукьянов
Егор,Фомичев
Александра,Михеева
Ольга,Киселева
Елена,Глушкова
Олеся,Корчагина
Диана,Парфенова
Дмитрий,Воронцов
Игорь,Серебряков
Алиса,Федотова
Диана,Сафонова
Полина,Капустина
Нина,Дьяконова
Майя,Суркова
Мия,Осипова
Яна,Миронова
Марк,Морозов
Владимир,Зимин
Кира,Горбунова
Ульяна,Ананьева
Георгий,Семенов
Валерий,Лукьянов
Диана,Ермолова
Валерий,Филимонов
Зоя,Кулешова
Дмитрий,Зыков
Дмитрий,Минаев
Наталья,Дмитриева
Таисия,Богомолова
Иван,Михеев
Елизавета,Худякова
Павел,Рубцов
Юлия,Маслова
Илья,Одинцов
Вера,Макеева
Антонина,Мельникова
Зоя,Устинова
Виктория,Дружинина
Анатолий,Романов
Борис,Круглов
Константин,Ульянов
Кира,Болдырева
Злата,Ананьева
Гордей,Лопатин
Лев,Тихонов
Екатерина,Сафонова
Игорь,Басов
Яна,Павлова
Карина,Верещагина
Родион,Артамонов
Лев,Воронов
Лидия,Зубова
Иван,Волков
Антон,Ульянов
Яков,Мещеряков
Любовь,Громова
Олег,Звягинцев
Константин,Хромов
Михаил,Авдеев
Мирослава,Родионова
Ярослав,Куликов
Елизавета,Гурова
Платон,Чернов
Филипп,Моисеев
Мария,Кочеткова
Алексей,Емельянов
Антон,Матвеев
Егор,Климов
Святослав,Калмыков
Дарья,Григорьева
Николай,Александров
Валерий,Харитонов
Лев,Рогов
Таисия,Игнатова
Пётр,Гончаров
Варвара,Кулакова
Святослав,Авдеев
Станислав,Андреев
Макар,Широков
Евгения,Григорьева
Серафим,Лыков
Алексей,Чижов
Валентина,Герасимова
Леонид,Игнатьев
Василиса,Беляева
Ярослав,Калинин
Пётр,Сорокин
Владислав,Розанов
Лидия,Басова
Лидия,Кочеткова
Алиса,Агеева
Сергей,Андреев
Алина,Потапова
Владислав,Гусев
Лука,Артемов
Антон,Мухин
Ева,Смирнова
Мирослава,Артамонова
Марина,Шубина
Мирон,Бычков
Антонина,Кондратьева
Денис,Баранов
Филипп,Гаврилов
Василий,Моисеев
Вадим,Волков
Юрий,Попов
Яков,Толкачев
Таисия,Калачева
Демид,Лосев
Мирон,Евсеев
Даниил,Колосов
Кира,Волошина
Тихон,Денисов
Савелий,Михеев
Филипп,Абрамов
Кирилл,Рубцов
Лилия,Абрамова
Дарина,Завьялова
Алексей,Родионов
Максим,Кочетов
Анастасия,Трифонова
Марина,Моргунова
Иван,Львов
Дарья,Елисеева
Владислав,Черкасов
Марк,Уваров
Анастасия,Волкова
Ярослав,Воронов
Богдан,Муравьев
Лидия,Фомина
Александра,Чистякова
Юлия,Наумова
Злата,Филатова
Демид,Степанов
Елена,Владимирова
Константин,Степанов
Мия,Коновалова
Олег,Любимов
Алина,Комиссарова
Дмитрий,Самсонов
Валентина,Грибова
Родион,Киреев
Владимир,Комаров
Надежда,Мальцева
Диана,Захарова
Владимир,Карасев
Диана,Ефимова
Леон,Фетисов
Алиса,Новикова
Константин,Федотов
Алёна,Глухова
Фёдор,Краснов
Максим,Горюнов
Денис,Измайлов
Фёдор,Панфилов
Богдан,Щеглов
Олег,Троицкий
Александр,Анисимов
Роман,Львов
Савелий,Акимов
Демид,Елисеев
Павел,Прокофьев
Даниил,Агапов
Карина,Лобанова
Алёна,Макарова
Богдан,Агафонов
Юлия,Березина
Екатерина,Парамонова
Валерий,Лыков
Владислав,Ефимов
Варвара,Власова
Ксения,Анисимова
Елена,Рябинина
Денис,Беляков
Любовь,Алексеева
Тимофей,Булгаков
Ульяна,Горлова
Ольга,Крылова
Милена,Кочеткова
Дарья,Свиридова
Пётр,Виноградов
Семён,Сычев
Захар,Филатов
Евгений,Трифонов
Родион,Устинов
София,Коршунова
Олег,Дьяконов
Ева,Швецова
Анна,Михеева
Никита,Зорин
Антон,Ермолов
Всеволод,Моисеев
Александр,Дьяконов
Игорь,Котов
Вадим,Рябов
Артур,Безруков
Александр,Муравьев
Игорь,Аксенов
Ольга,Константинова
София,Рубцова
Родион,Зубов
Елисей,Беспалов
Владимир,Давыдов
Степан,Любимов
Зоя,Малышева
Борис,Уткин
Пётр,Царев
Максим,Гордеев
Фёдор,Пастухов
Дмитрий,Олейников
Кира,Шилова
Савелий,Зорин
Елисей,Никитин
Глеб,Третьяков
Константин,Корчагин
Тихон,Булгаков
Тимофей,Косарев
Мария,Богданова
Мария,Москвина
Матвей,Панов
Артур,Соколов
Гордей,Корчагин
Виктор,Агеев
Полина,Серебрякова
Константин,Наумов
Константин,Михайлов
Варвара,Столярова
Артём,Барсуков
Родион,Терентьев
Таисия,Свиридова
Ольга,Михеева
Богдан,Анисимов
Артём,Мухин
Анатолий,Дубов
Святослав,Лаврентьев
Семён,Зубков
Алёна,Маркова
Ева,Воробьева
Павел,Филимонов
Артём,Покровский
Павел,Блинов
Кирилл,Прокофьев
Павел,Панкратов
Олеся,Петухова
Игорь,Агеев
Наталья,Федорова
Ксения,Туманова
Алина,Лаптева
Руслан,Озеров
Мия,Сомова
Александра,Семенова
Кира,Фомина
Платон,Горюнов
Артур,Миронов
Светлана,Волошина
Ярослав,Анохин
Милена,Исаева
Наталья,Самойлова
Кира,Терентьева
Марат,Петровский
Савва,Пастухов
Ярослав,Лавров
Мирон,Шаповалов
Ксения,Кольцова
Владислава,Короткова
Нина,Зотова
Мирон,Малышев
Кристина,Рогова
Лука,Лобанов
Антон,Агеев
Валерия,Сотникова
Майя,Лаврова
Иван,Черкасов
Андрей,Галкин
Демид,Аксенов
Яков,Колпаков
Наталья,Ермолова
Борис,Платонов
Василий,Трифонов
Маргарита,Фокина
Владислав,Кулаков
Алина,Пирогова
Мила,Винокурова
Елизавета,Бочарова
Станислав,Толкачев
Мирон,Гуров
Игорь,Суслов
Тимофей,Дроздов
Василиса,Волкова
Александра,Ефимова
Платон,Горячев
Ксения,Авдеева
Игорь,Баженов
Арина,Балашова
Борис,Евдокимов
Платон,Коршунов
Олег,Овчинников
Адам,Успенский
Тихон,Панфилов
Лидия,Калинина
Филипп,Блинов
Ольга,Сазонова
Матвей,Усов
Руслан,Рябов
Наталья,Ковалева
Лев,Сорокин
Виктория,Шубина
Евгения,Ситникова
Виктория,Наумова
Дарья,Дьяконова
Милана,Балашова
Ульяна,Андреева
Дарья,Бондарева
Андрей,Митрофанов
Егор,Свиридов
Карина,Седова
Серафим,Добрынин
Елисей,Яшин
Сергей,Успенский
Вячеслав,Романов
Георгий,Наумов
Иван,Постников
Кирилл,Седов
Анастасия,Корнеева
Василиса,Медведева
Злата,Тимофеева
Макар,Капустин
Гордей,Кошелев
Кристина,Меркулова
Матвей,Субботин
Ксения,Казакова
Ярослав,Кузин
Александра,Старостина
Дарина,Белоусова
Яна,Терехова
Анастасия,Малахова
Яна,Успенская
Глеб,Леонов
Ксения,Савина
Арсений,Греков
Алёна,Черная
Максим,Черкасов
Всеволод,Суслов
Алина,Горшкова
Никита,Калашников
Любовь,Николаева
Роман,Архипов
Вячеслав,Лазарев
Вячеслав,Корольков
Александра,Гуляева
Роберт,Мартынов
Злата,Березина
Милена,Черная
Валерия,Анохина
Ольга,Толкачева
Нина,Рубцова
Александр,Егоров
Глеб,Раков
Арина,Горячева
Андрей,Васильев
Владимир,Булатов
Евгения,Захарова
Артём,Горлов
Ярослава,Мальцева
Николай,Баранов
Евгения,Кондрашова
Савва,Абрамов
Милена,Мешкова
Никита,Козловский
Майя,Емельянова
Валерия,Колесникова
Марк,Калмыков
Яков,Яковлев
Макар,Серебряков
Екатерина,Дьякова
Тимур,Кондратьев
Савва,Колесов
Игорь,Алехин
Полина,Голубева
Александр,Большаков
Зоя,Кузьмина
Серафим,Панков
Дарина,Савицкая
Савелий,Харитонов
Валентина,Артамонова
Милена,Захарова
Зоя,Васильева
Арсений,Фролов
Елена,Горбунова
Георгий,Агапов
Леон,Калинин
Кира,Кукушкина
Леонид,Буров
Ирина,Масленникова
Кира,Киреева
Кирилл,Чистяков
Вероника,Демьянова
Василий,Зотов
Карина,Трифонова
София,Любимова
Диана,Калмыкова
Анна,Худякова
Марат,Григорьев
Адам,Костин
Родион,Колесников
Елизавета,Федотова
Мирослава,Масленникова
Карина,Евсеева
Алиса,Постникова
Денис,Кириллов
Маргарита,Кочетова
Валентина,Тихомирова
Андрей,Шишкин
Леонид,Мартынов
Зоя,Титова
Никита,Третьяков
Арсений,Селиванов
Александра,Наумова
Константин,Платонов
Арсений,Рожков
Майя,Козлова
Алина,Макеева
Арина,Алексеева
Филипп,Пахомов
Макар,Баранов
Савва,Островский
Арсений,Семенов
Пётр,Чижов
Тимофей,Гришин
Александр,Беспалов
Яна,Маркелова
Лука,Москвин
Екатерина,Зверева
Григорий,Лаптев
Дарья,Васильева
Никита,Ершов
Юрий,Казанцев
Тимофей,Одинцов
Тихон,Зубов
Леонид,Русаков
Анна,Игнатова
Савелий,Руднев
Полина,Евдокимова
Гордей,Захаров
Серафима,Бородина
Виктория,Измайлова
Алиса,Позднякова
Святослав,Ананьев
Яков,Горбунов
Светлана,Тимофеева
Елисей,Олейников
Леон,Артемов
Артём,Кочетков
Мирослав,Соболев
Адам,Сергеев
Ольга,Бородина
Юлия,Демина
Борис,Кошелев
Владислава,Гончарова
Юрий,Петров
Ксения,Куликова
Павел,Трифонов
Маргарита,Горячева
Олег,Лукьянов
Таисия,Носова
Олег,Шмелев
Герман,Игнатов
Вячеслав,Ермолов
Демид,Кузин
Захар,Сергеев
София,Кудрявцева
Тимофей,Филиппов
Ярослава,Лазарева
Елизавета,Толкачева
Всеволод,Андреев
Святослав,Фомичев
Майя,Осипова
Виктор,Ананьев
Сергей,Фадеев
Виктория,Беликова
Кирилл,Григорьев
Степан,Широков
Леонид,Нефедов
Любовь,Уткина
Антонина,Константинова
Полина,Муратова
Игорь,Павлов
Мирослава,Максимова
Игорь,Кудряшов
Нина,Кулакова
Савва,Кулешов
Леон,Богомолов
Максим,Шестаков
Виктория,Мухина
Святослав,Казаков
Мария,Дьякова
Степан,Коновалов
Константин,Гусев
Майя,Свешникова
Милана,Боброва
Марина,Лосева
Константин,Краснов
Анна,Кондрашова
Надежда,Калашникова
Роберт,Куприянов
Савва,Козырев
Ольга,Карташова
Елена,Балашова
Демьян,Григорьев
Кира,Казанцева
Богдан,Морозов
Нина,Макеева
Валерий,Румянцев
Елисей,Дьяконов
Нина,Кузнецова
Иван,Рудаков
Олеся,Худякова
Платон,Раков
Денис,Бондарев
Борис,Устинов
Евгений,Белкин
Евгений,Прокофьев
Никита,Белкин
Ирина,Леонова
Сергей,Шевелев
Нина,Соболева
Арина,Моргунова
Макар,Белов
Роман,Князев
София,Верещагина
Пётр,Богданов
Ульяна,Корнилова
Любовь,Худякова
Тихон,Пономарев
Полина,Карташова
Любовь,Иванова
Денис,Агафонов
Екатерина,Дементьева
София,Алехина
Таисия,Румянцева
Елена,Дубинина
Ника,Кондрашова
Леонид,Юдин
Матвей,Овчинников
Милана,Майорова
Ольга,Сидорова
Валерий,Леонтьев
Мирослав,Баженов
Савва,Меркулов
Милена,Львова
Никита,Высоцкий
Анна,Овчинникова
Степан,Платонов
Сергей,Лаврентьев
Виктор,Гущин
Максим,Ларионов
Захар,Иванов
Алексей,Платонов
Игорь,Новиков
Варвара,Дроздова
Олег,Уткин
Антон,Терентьев
Степан,Громов
Марк,Косарев
Мирон,Симонов
Полина,Нефедова
Макар,Белоусов
Мирослава,Жукова
Тимофей,Потапов
Серафима,Одинцова
Милана,Исакова
Семён,Шилов
Никита,Шевелев
Алексей,Черных
Ярослав,Вдовин
Филипп,Постников
Станислав,Скворцов
Олег,Ковалев
Евгения,Королькова
Светлана,Сомова
Игорь,Маркелов
Виктория,Олейникова
Милена,Шмелева
Дарья,Березина
Яков,Ларионов
Наталья,Старостина
Фёдор,Трифонов
Ангелина,Коршунова
Мария,Петровская
Таисия,Андреева
Лилия,Громова
Вероника,Мещерякова
Вера,Спиридонова
Лидия,Николаева
Валерия,Беспалова
Лидия,Яковлева
Валерий,Сахаров
Константин,Никольский
Марина,Абрамова
Елена,Рябова
Виктория,Гурова
Вадим,Шапошников
Степан,Шилов
Борис,Сахаров
Милана,Муравьева
Никита,Жуков
Анатолий,Орлов
Ольга,Свешникова
Евгения,Еремина
Артур,Розанов
Владислава,Хромова
Захар,Артемов
Марина,Соболева
Роберт,Назаров
Тимофей,Самсонов
Герман,Буров
Варвара,Позднякова
Виктор,Моргунов
Олег,Уваров
Станислав,Зайцев
София,Снегирева
Юлия,Калугина
Николай,Субботин
Василиса,Седова
Марат,Жуков
Мирон,Филатов
Руслан,Островский
Маргарита,Козырева
Дарина,Ширяева
Алексей,Лебедев
Юрий,Руднев
Надежда,Соколова
Кристина,Астахова
Мария,Корчагина
Денис,Юдин
Марк,Демьянов
Светлана,Леонова
Герман,Аникин
София,Скворцова
Злата,Митрофанова
Герман,Одинцов
Тимур,Вдовин
Таисия,Макеева
Мария,Румянцева
Владимир,Суворов
Александра,Овсянникова
Владислав,Крюков
Мирослав,Клюев
Ева,Белкина
Константин,Никонов
Марина,Нестерова
Павел,Ларионов
Олеся,Герасимова
Вадим,Ершов
Алексей,Евсеев
Василиса,Зиновьева
Станислав,Жилин
Таисия,Суханова
Иван,Ершов
Савва,Карпов
Василий,Гаврилов
Вячеслав,Овчинников
Елисей,Галкин
Александра,Леонова
Ника,Никитина
Зоя,Борисова
Вадим,Медведев
Серафима,Калашникова
Кира,Сафонова
Яна,Клюева
Николай,Высоцкий
Павел,Бессонов
Василиса,Рыжова
Макар,Кольцов
Татьяна,Кононова
Степан,Сидоров
Алексей,Логинов
Михаил,Беликов
Михаил,Носов
Алиса,Нечаева
Серафима,Харитонова
Майя,Казакова
Нина,Измайлова
Владимир,Чеботарев
Егор,Панов
Алексей,Галкин
Ангелина,Полякова
Андрей,Богданов
Арсений,Алексеев
Анна,Кочетова
Карина,Дегтярева
Леон,Сухов
Степан,Ульянов
Пётр,Евсеев
София,Кудряшова
Николай,Губанов
Ярослав,Евсеев
Ян,Голубев
Лидия,Нефедова
Демид,Софронов
Демьян,Сахаров
Вячеслав,Игнатов
Алина,Козырева
Елена,Пугачева
Екатерина,Шестакова
Мирон,Горлов
Савелий,Федосов
Надежда,Москвина
Григорий,Владимиров
Мирослава,Архипова
Кристина,Сафонова
Фёдор,Любимов
Артур,Давыдов
Ника,Фролова
София,Блинова
Лидия,Ильина
Константин,Шмелев
Андрей,Латышев
Герман,Антонов
Валентина,Моисеева
Родион,Медведев
Ирина,Вешнякова
Лилия,Тихонова
Максим,Чесноков
Михаил,Касаткин
Денис,Анисимов
Алиса,Сазонова
Александр,Прокофьев
Денис,Михайлов
Олеся,Толкачева
Руслан,Болдырев
Ксения,Прокофьева
Лилия,Самсонова
София,Князева
Лидия,Семина
Зоя,Колпакова
Мирослава,Карасева
Всеволод,Дорохов
Павел,Рыжов
Анастасия,Шарова
Серафим,Софронов
Олег,Мартынов
Кира,Демина
Леонид,Свешников
Ева,Майорова
Артём,Исаков
Арсений,Островский
Лев,Виноградов
Ян,Юдин
Елизавета,Зуева
Зоя,Петрова
Алиса,Моргунова
Надежда,Белова
Вячеслав,Павлов
Степан,Князев
Ярослава,Козлова
Кристина,Зверева
Вера,Булгакова
Алёна,Ульянова
Елисей,Глебов
Кристина,Коновалова
Анна,Большакова
Савелий,Ермолаев
Мирон,Осипов
Лидия,Черепанова
Семён,Суворов
Герман,Колесов
Диана,Климова
Ирина,Молчанова
Кира,Родионова
Марат,Столяров
Артемий,Петровский
Варвара,Бабушкина
Таисия,Ермилова
Тихон,Субботин
Родион,Калугин
Вера,Капустина
Тимофей,Панов
Валерий,Мальцев
Светлана,Кудряшова
Роман,Русаков
Сергей,Антипов
Гордей,Гусев
София,Николаева
Кристина,Пугачева
Дмитрий,Толкачев
Марина,Щеглова
Яна,Ларионова
Арсений,Зуев
Никита,Калугин
Майя,Давыдова
Арсений,Морозов
Ольга,Уварова
Александр,Баженов
Тимофей,Лапин
Вера,Бирюкова
Валерия,Булатова
Анатолий,Емельянов
Наталья,Любимова
Адам,Филиппов
Маргарита,Высоцкая
Макар,Галкин
Алиса,Лаптева
Екатерина,Наумова
Екатерина,Сидорова
Диана,Малышева
Дарина,Ефимова
Екатерина,Рыбакова
Алина,Григорьева
Ксения,Логинова
Маргарита,Зубкова
Тихон,Молчанов
Леон,Гуляев
Мирослава,Михеева
Полина,Савельева
Артемий,Самсонов
Елисей,Николаев
Родион,Алексеев
Григорий,Косарев
Анна,Емельянова
Глеб,Лопатин
Олеся,Агафонова
Лидия,Евдокимова
София,Родионова
Валерия,Колосова
Мила,Гордеева
Анастасия,Старостина
Захар,Родионов
Ангелина,Жукова
Николай,Шевцов
Лидия,Никулина
Валерий,Горбачев
Иван,Дмитриев
Даниил,Евсеев
Василиса,Юдина
Роман,Фомичев
Кира,Кононова
Мирон,Фадеев
Игорь,Гуляев
Алиса,Царева
Константин,Ковалев
Серафима,Левина
Олег,Богданов
Александра,Зимина
Арсений,Царев
Даниил,Булгаков
Арина,Горлова
Ольга,Маркелова
Пётр,Белкин
Максим,Тимофеев
Лидия,Худякова
Вероника,Гладкова
Ева,Болдырева
Гордей,Ситников
Владислава,Матвеева
Егор,Шапошников
Валерий,Дегтярев
Арсений,Фетисов
Матвей,Ситников
Карина,Ефремова
Валерия,Левина
Тимофей,Баранов
Нина,Яковлева
Владислав,Агафонов
Ангелина,Харитонова
Гордей,Муравьев
Евгения,Владимирова
Даниил,Хомяков
Яна,Шевелева
Руслан,Митрофанов
Павел,Афанасьев
Диана,Фетисова
Савелий,Маркин
Станислав,Савин
Кирилл,Большаков
Ксения,Антонова
Николай,Григорьев
Серафима,Корнеева
Егор,Лыков
Ксения,Толкачева
Владимир,Осипов
Роман,Озеров
Лев,Латышев
Ксения,Лопатина
Дмитрий,Сафонов
Яков,Жуков
Елисей,Толкачев
Алёна,Елисеева
Антон,Киселев
Наталья,Гаврилова
Григорий,Елизаров
Савелий,Леонтьев
Диана,Грибова
Светлана,Боброва
Денис,Пирогов
Валерия,Лаврентьева
Тихон,Гуров
Олег,Рябинин
Борис,Вишневский
Анастасия,Островская
Ярослав,Родионов
Борис,Князев
Артур,Пономарев
Савелий,Долгов
Тимур,Макаров
Фёдор,Рябов
Серафим,Авдеев
Мария,Филиппова
Яна,Демидова
Милена,Князева
София,Кукушкина
Варвара,Круглова
Мирослава,Зубкова
Юлия,Ильинская
Павел,Архипов
Антон,Чистяков
Василий,Беспалов
Серафим,Лосев
Глеб,Медведев
Егор,Нефедов
Кира,Тихонова
Виктор,Фомичев
Валерия,Басова
Лев,Морозов
Елена,Горлова
Александр,Титов
Диана,Мещерякова
Арина,Серебрякова
Герман,Тарасов
Валерия,Субботина
Семён,Минаев
Ярослава,Владимирова
Ярослав,Бобров
Владимир,Воробьев
Яна,Пугачева
Герман,Рябинин
Адам,Панфилов
Глеб,Ушаков
Наталья,Евсеева
Наталья,Митрофанова
Гордей,Блинов
Леон,Калашников
Денис,Капустин
Ксения,Селезнева
Олеся,Швецова
Всеволод,Серов
Филипп,Елисеев
Савелий,Козин
Олеся,Блохина
Адам,Ткачев
Зоя,Филатова
Савва,Баженов
Светлана,Окулова
Евгений,Ситников
Александра,Дубова
Мия,Савицкая
Мария,Максимова
Всеволод,Долгов
Ирина,Долгова
Виктор,Шаров
Владислав,Кононов
Татьяна,Галкина
Матвей,Голубев
Майя,Захарова
Майя,Дружинина
Кристина,Старостина
Адам,Савин
Ярослава,Демина
Макар,Черепанов
Елизавета,Федосеева
Матвей,Поликарпов
Антон,Шишкин
Мирон,Ермилов
Василий,Лобанов
Елена,Громова
Арина,Самойлова
Алина,Фокина
Георгий,Голиков
Майя,Савельева
Вадим,Васильев
Валерий,Сазонов
Денис,Новиков
Платон,Лаптев
Нина,Барсукова
Артемий,Попов
Иван,Шаповалов
Константин,Лебедев
Макар,Жуков
Марат,Платонов
Марк,Молчанов
Алёна,Гуляева
Елисей,Седов
Кирилл,Пантелеев
Роман,Майоров
Тимофей,Лосев
Василиса,Хомякова
Пётр,Ефимов
Василий,Кольцов
Александр,Дубровин
Зоя,Лапина
Тихон,Костин
Василиса,Ермакова
Дарья,Ежова
Фёдор,Савин
Роберт,Елисеев
Екатерина,Титова
Диана,Горелова
Наталья,Кулешова
Матвей,Молчанов
Роман,Круглов
Ярослава,Пономарева
Наталья,Балашова
Милана,Евдокимова
Роман,Ананьев
Лука,Трофимов
Елена,Ульянова
Герман,Демин
Лилия,Черныха
Мирон,Крючков
Владислав,Королев
Ева,Большакова
Тимофей,Ермилов
Георгий,Сафонов
Лев,Козлов
Евгений,Орехов
Мила,Елизарова
Мирон,Устинов
Дарья,Андреева
Павел,Еремеев
Дмитрий,Кочетов
Анатолий,Баранов
Антон,Овчинников
Екатерина,Широкова
Владимир,Егоров
Тимур,Демин
Семён,Ильин
Михаил,Фокин
Тимур,Зеленин
Евгений,Пименов
Филипп,Глебов
Вероника,Верещагина
Евгения,Блохина
Ольга,Румянцева
Вячеслав,Соболев
Зоя,Исакова
Захар,Касьянов
Захар,Дубинин
Валерия,Верещагина
Олеся,Ильина
Валентина,Капустина
Милена,Латышева
Глеб,Соболев
Никита,Козлов
Марат,Шевцов
Евгения,Гришина
Кристина,Минаева
Мирослав,Ильинский
Владислава,Маркова
Мирослав,Левин
Павел,Горелов
Всеволод,Емельянов
Ульяна,Злобина
Мирослава,Зуева
Мия,Зиновьева
Вера,Овчинникова
Полина,Большакова
Марина,Севастьянова
Кирилл,Аксенов
Марина,Крючкова
Яков,Суханов
Елизавета,Некрасова
Татьяна,Елизарова
Вера,Агапова
Мария,Сухова
Евгения,Косарева
Павел,Нефедов
Степан,Суслов
Максим,Герасимов
Мирон,Сальников
Наталья,Кудряшова
Максим,Филимонов
Пётр,Пименов
Кира,Русанова
Виктор,Еремин
Макар,Федосеев
Максим,Савицкий
Ульяна,Тарасова
Роберт,Гуляев
Савелий,Носов
Игорь,Павловский
Мила,Глушкова
Ангелина,Сидорова
Виктория,Серебрякова
Кристина,Фетисова
Вячеслав,Гордеев
Мирослава,Кондрашова
Захар,Шевелев
Дмитрий,Нечаев
Ника,Хромова
Злата,Кузьмина
Марина,Климова
Анна,Горюнова
Матвей,Кулаков
Серафима,Завьялова
Валерий,Андреев
Елисей,Алешин
Михаил,Гордеев
Арсений,Вавилов
Макар,Кириллов
Макар,Климов
Денис,Селезнев
Маргарита,Кочергина
Екатерина,Калачева
Гордей,Петухов
Степан,Верещагин
Диана,Сухарева
Мия,Тимофеева
Екатерина,Панкова
Владислав,Голубев
Кристина,Вдовина
Дарина,Маркова
Сергей,Белоусов
Глеб,Черепанов
Серафим,Архипов
Герман,Миронов
Майя,Агафонова
Игорь,Селезнев
Алексей,Андреев
Максим,Постников
Илья,Дубов
Евгений,Москвин
Артур,Бочаров
Светлана,Карпова
Никита,Прокофьев
Всеволод,Панфилов
Елисей,Аксенов
Марк,Бабушкин
Кристина,Севастьянова
Дмитрий,Титов
Родион,Филимонов
Борис,Филимонов
Андрей,Ефремов
Леон,Токарев
Карина,Майорова
София,Елисеева
Матвей,Овсянников
Гордей,Антонов
Адам,Аксенов
Адам,Болдырев
Всеволод,Петухов
Роман,Федоров
Мирослава,Беликова
Виктория,Абрамова
Герман,Дружинин
Ксения,Румянцева
Ника,Цветкова
Ксения,Быкова
Карина,Горохова
Виктория,Дементьева
Артём,Ушаков
Даниил,Широков
Роберт,Носков
Мария,Мещерякова
Ярослав,Березин
Никита,Еремин
Матвей,Лопатин
Антон,Литвинов
Мария,Ермакова
Вероника,Туманова
Антонина,Смирнова
Антон,Жданов
Алёна,Колесова
Таисия,Пантелеева
Ярослав,Трошин
Маргарита,Демина
Алексей,Миронов
Лидия,Беляева
Демид,Блинов
Маргарита,Гордеева
Святослав,Зорин
Леонид,Литвинов
Мирослава,Ефимова
Антон,Зуев
Василий,Серебряков
Мирон,Орехов
Кристина,Овчинникова
Таисия,Блинова
Пётр,Новиков
Лука,Карасев
Богдан,Васильев
Гордей,Юдин
Леонид,Ларин
Богдан,Андрианов
Вероника,Рябова
Маргарита,Макарова
Маргарита,Черкасова
Александра,Березина
Таисия,Афанасьева
Елизавета,Гладкова
Адам,Кулаков
Михаил,Токарев
Борис,Лобанов
Георгий,Демидов
Артемий,Серебряков
Милана,Моргунова
Леон,Родионов
Диана,Устинова
Елена,Клюева
Захар,Федоров
Дарья,Бессонова
Тихон,Захаров
Антон,Тихомиров
Светлана,Селиванова
Александра,Широкова
Алина,Артемова
Виктория,Соколова
Валентина,Трофимова
Наталья,Макарова
Олеся,Давыдова
Майя,Фирсова
Егор,Калачев
Артемий,Шмелев
Сергей,Бобров
Елисей,Артемов
Андрей,Еремеев
Ника,Ефимова
Ярослав,Карпов
Евгения,Сахарова
Ярослава,Комарова
Милана,Самойлова
Милана,Чижова
Пётр,Калинин
Светлана,Исаева
Макар,Виноградов
Степан,Ларин
Любовь,Снегирева
Даниил,Тихонов
Мария,Борисова
Артемий,Сычев
Демид,Сотников
Борис,Носов
Демьян,Черкасов
Михаил,Грибов
Марина,Грибова
Кристина,Осипова
Милана,Леонтьева
Иван,Комаров
Виктория,Озерова
Мирослава,Басова
Валерия,Безрукова
Матвей,Крюков
Леон,Анохин
Степан,Овчинников
Таисия,Осипова
Александра,Овчинникова
Кирилл,Безруков
Марк,Наумов
Артур,Большаков
Лев,Григорьев
Олег,Моисеев
Вадим,Трошин
Алексей,Морозов
Серафима,Юдина
Мирослава,Булгакова
Семён,Цветков
Александр,Агапов
Савелий,Кошелев
София,Шубина
Богдан,Карасев
Ксения,Зимина
Андрей,Макаров
Злата,Лапшина
Роман,Виноградов
Фёдор,Субботин
Роман,Лебедев
Ангелина,Лукина
Нина,Абрамова
София,Шилова
Ева,Кириллова
Вадим,Губанов
Наталья,Баранова
Мария,Блинова
Анна,Кудряшова
Дмитрий,Жилин
Артур,Колесников
Вера,Юдина
Тихон,Егоров
Николай,Носов
Артемий,Звягинцев
Родион,Осипов
Фёдор,Дубровин
Ника,Васильева
Денис,Иванов
Станислав,Егоров
Степан,Савин
Артемий,Киреев
Алиса,Пименова
Демид,Горбунов
Марк,Захаров
Ярослава,Трошина
Мирослава,Крючкова
Кира,Копылова
Всеволод,Терехов
Марк,Колесников
Максим,Суворов
София,Кондратова
Роберт,Леонтьев
Алиса,Панфилова
Наталья,Белова
Платон,Родионов
Семён,Краснов
Анастасия,Сергеева
Артём,Афанасьев
Вероника,Сидорова
Ярослава,Павлова
Роберт,Зайцев
Анатолий,Соболев
Демид,Некрасов
Никита,Потапов
Сергей,Леонов
Владислава,Горбунова
Евгений,Золотарев
Ангелина,Белякова
Василиса,Семина
Екатерина,Павлова
Екатерина,Николаева
Елисей,Жаров
Мирон,Трифонов
Глеб,Прокофьев
Виктория,Дорофеева
Григорий,Осипов
Леон,Тихонов
Савва,Самсонов
Евгения,Шевцова
Елизавета,Петрова
Вадим,Гришин
Константин,Власов
Ника,Столярова
Елена,Гусева
Ярослав,Булатов
Вероника,Демина
Андрей,Захаров
Серафима,Анисимова
Елизавета,Бычкова
Борис,Ермаков
Евгений,Тимофеев
Алина,Старостина
Мия,Ильина
Мила,Никифорова
Даниил,Вешняков
Анна,Мельникова
Всеволод,Зорин
Надежда,Семина
Олег,Никулин
Семён,Курочкин
Анатолий,Савицкий
Всеволод,Гуляев
Мария,Леонтьева
Мия,Горюнова
Максим,Соловьев
Елизавета,Завьялова
Марина,Кудрявцева
Милана,Яшина
Михаил,Шувалов
Ярослава,Беспалова
Мирослава,Золотова
Николай,Кузнецов
Мирослава,Воронкова
Дмитрий,Маркелов
Захар,Глухов
Лука,Соболев
Ксения,Золотова
Нина,Фокина
Серафим,Суслов
Мирослава,Черныха
Платон,Платонов
Серафима,Петрова
Алина,Лыкова
Яна,Серебрякова
Григорий,Успенский
Милена,Никонова
Мирослава,Филатова
Константин,Свешников
Ольга,Вавилова
Светлана,Крюкова
Артём,Лапин
Марина,Беспалова
Артур,Селиванов
Степан,Демидов
Всеволод,Токарев
Лилия,Акимова
Богдан,Головин
Вадим,Ерофеев
Виктория,Сальникова
Савелий,Нечаев
Иван,Малахов
Савва,Калмыков
София,Суворова
Демид,Воронин
Лев,Масленников
Ника,Горохова
Евгения,Яковлева
Вадим,Пахомов
Андрей,Голиков
Святослав,Алехин
Ян,Виноградов
Фёдор,Маркин
Юрий,Бирюков
Нина,Майорова
Милена,Авдеева
Ника,Корнева
Виктор,Чернышев
Дарина,Наумова
Леон,Голованов
Злата,Коровина
Даниил,Кожевников
Денис,Елизаров
Георгий,Сазонов
Вероника,Ларина
Валерия,Родина
Борис,Денисов
Ярослава,Калмыкова
Марат,Миронов
Зоя,Константинова
Мия,Беляева
Василий,Ткачев
Елена,Бондарева
Николай,Вавилов
Андрей,Прокофьев
Игорь,Соболев
Ангелина,Худякова
Роберт,Медведев
Алина,Пугачева
Кира,Исакова
Евгения,Астахова
Милана,Маслова
Таисия,Миронова
Лев,Самсонов
Владимир,Никифоров
Ян,Королев
Яков,Рябов
Руслан,Родионов
Владимир,Митрофанов
Мирослава,Демина
Степан,Лаврентьев
Артём,Пастухов
Наталья,Покровская
Николай,Блохин
Олеся,Белоусова
Елена,Горохова
Маргарита,Кукушкина
Владислава,Яшина
Степан,Лебедев
Анна,Соколова
Илья,Бычков
Егор,Белоусов
Платон,Абрамов
Всеволод,Фирсов
Руслан,Щербаков
Борис,Кудряшов
Мирослав,Сахаров
Арсений,Шаров
Григорий,Бессонов
Филипп,Круглов
Карина,Руднева
Роман,Филатов
Георгий,Касьянов
Захар,Кочергин
Михаил,Русанов
Захар,Серов
Степан,Столяров
Светлана,Лобанова
Виктор,Буров
Светлана,Митрофанова
Вадим,Белоусов
Юрий,Антипов
Родион,Толкачев
Станислав,Кукушкин
Артемий,Гущин
Ян,Савин
Артемий,Калинин
Александра,Седова
Георгий,Панин
Злата,Фирсова
Ульяна,Шилова
Артём,Никитин
Лев,Лазарев
Даниил,Кравцов
Вера,Царева
Лев,Рябинин
Артём,Панкратов
Олеся,Свиридова
Мирослав,Ларин
Никита,Зиновьев
Марк,Комаров
Алёна,Гладкова
Злата,Балашова
Михаил,Васильев
Арсений,Зубков
Николай,Филатов
Мирослава,Лаврова
Ярослав,Горбачев
Максим,Маркин
Алёна,Куликова
Георгий,Шапошников
Леон,Князев
Платон,Пугачев
Василиса,Фирсова
Гордей,Архипов
Пётр,Елисеев
Андрей,Федосов
Тихон,Рыжов
Адам,Назаров
Глеб,Скворцов
Анна,Пантелеева
Лилия,Рыбакова
Ярослава,Гришина
Лев,Никонов
Лука,Логинов
Надежда,Анисимова
Глеб,Павловский
Анастасия,Михеева
Евгений,Павлов
Таисия,Алехина
Андрей,Казанцев
Николай,Бондарев
Вероника,Рябинина
Ника,Масленникова
Анастасия,Артемова
Лука,Никольский
Илья,Пантелеев
Екатерина,Артемова
Злата,Нестерова
Зоя,Носова
Арсений,Горшков
Егор,Басов
Зоя,Некрасова
Максим,Владимиров
Макар,Чесноков
Лилия,Бочарова
Мирон,Маркелов
Евгения,Ушакова
Михаил,Архипов
Ян,Терентьев
Захар,Муратов
Таисия,Шаповалова
Леон,Фролов
Артур,Зуев
Мия,Самойлова
Всеволод,Чернышев
Роман,Кравцов
Яна,Любимова
Павел,Воронцов
Егор,Сычев
Никита,Дьяконов
Олег,Константинов
Глеб,Токарев
Егор,Белкин
Антон,Белов
Таисия,Баженова
Ольга,Федотова
Илья,Долгов
Ева,Осипова
Валерия,Григорьева
Михаил,Лукин
Мила,Алешина
Тимур,Балашов
Артём,Суворов
Тимофей,Дубинин
Павел,Шаров
Мирослав,Мешков
Леонид,Парамонов
Лука,Соловьев
Фёдор,Черепанов
Марина,Лукьянова
Серафим,Гуров
Наталья,Зотова
Роман,Шубин
Арсений,Никольский
Лука,Суханов
Артём,Курочкин
Илья,Моргунов
Милана,Вешнякова
Зоя,Булгакова
Тимур,Токарев
Тимур,Кравцов
Владислава,Козлова
Святослав,Кириллов
Евгения,Шарова
Захар,Гладков
Юрий,Волошин
Савва,Головин
Мирослав,Сидоров
Серафим,Молчанов
Евгений,Ушаков
Марина,Мельникова
Валентина,Беспалова
Антон,Калинин
Мирослава,Колесова
Надежда,Свиридова
Арсений,Ковалев
Арсений,Воронин
Андрей,Левин
Владимир,Царев
Филипп,Малышев
Станислав,Зуев
Мирослав,Бирюков
Ярослав,Кириллов
Василий,Покровский
Ника,Казанцева
Ян,Михайлов
Степан,Ильин
Александра,Румянцева
Артур,Гладков
Богдан,Колосов
Максим,Рудаков
Карина,Никулина
Вероника,Панкова
Екатерина,Рыжова
Милана,Самсонова
Лев,Краснов
Всеволод,Степанов
Мария,Гончарова
Дмитрий,Абрамов
Ольга,Булатова
Пётр,Булатов
Злата,Носкова
Ирина,Коровина
Арсений,Носков
Денис,Беликов
Таисия,Зубова
Тихон,Стариков
Егор,Сомов
Илья,Бондарев
Мия,Голованова
Анастасия,Жарова
Кира,Тарасова
Антон,Русаков
Александра,Маслова
Артур,Леонтьев
Дарья,Ермолова
Виктор,Гуров
Марк,Филатов
Андрей,Серов
Кирилл,Воронцов
Яна,Романова
Матвей,Дорохов
Мирослава,Комиссарова
Ярослава,Бондарева
Яна,Осипова
Леон,Филимонов
Богдан,Пастухов
Вероника,Постникова
Артур,Сомов
Тимофей,Бочаров
Екатерина,Моисеева
Вера,Панкова
Тимур,Седов
Вячеслав,Ларионов
Виктор,Дружинин
Егор,Ильинский
Мария,Артемова
Вера,Пирогова
Марина,Сотникова
Лев,Казаков
Святослав,Яковлев
Арсений,Горячев
Карина,Белкина
Родион,Черный
Григорий,Суслов
Алина,Ульянова
Нина,Бурова
Николай,Шмелев
Дарья,Горбачева
Борис,Гришин
Злата,Иванова
Кирилл,Шишкин
Марина,Калашникова
Павел,Носов
Валерия,Маркелова
Роберт,Горюнов
Артемий,Исаков
Ксения,Кочергина
Василий,Воронин
Мирослава,Широкова
Василий,Гущин
Роберт,Панфилов
Ника,Зубкова
Серафима,Лукина
Роман,Шевелев
Владимир,Усов
Нина,Филиппова
Олег,Борисов
Олег,Островский
Марк,Жилин
Алексей,Астахов
Елизавета,Носкова
Даниил,Воронцов
Денис,Сотников
Серафим,Аникин
Владислава,Воробьева
Мирон,Ильин
Тихон,Щукин
Яков,Дубровин
Иван,Бородин
Василиса,Михайлова
Алексей,Богомолов
Милана,Яковлева
Герман,Крючков
Елисей,Шаров
Алиса,Касьянова
Платон,Носов
Таисия,Лыкова
София,Старикова
Николай,Кочетов
Пётр,Кочетков
Тихон,Симонов
Гордей,Прокофьев
Алексей,Злобин
Елизавета,Юдина
Ярослав,Кочергин
Антон,Демьянов
Серафима,Федосеева
Ксения,Беляева
Юлия,Родина
Ксения,Троицкая
Ева,Рожкова
София,Ковалева
Маргарита,Шапошникова
Александр,Ефимов
Александра,Крылова
Ксения,Кузина
Андрей,Сотников
Ангелина,Спиридонова
Нина,Фирсова
Василиса,Спиридонова
Артур,Ермолов
Алиса,Ермилова
Макар,Судаков
Таисия,Емельянова
Антонина,Дорохова
Богдан,Дубинин
Лев,Старостин
Антон,Аникин
Серафим,Плотников
Евгения,Фомина
Арина,Леонова
Егор,Симонов
Евгения,Гаврилова
Герман,Бобров
Карина,Лосева
Роберт,Ершов
Василиса,Дмитриева
Кристина,Шмелева
Гордей,Горячев
Ярослав,Андреев
Всеволод,Климов
Никита,Хохлов
Иван,Горохов
Захар,Бородин
Артём,Коротков
Валентина,Орлова
Олег,Грибов
Захар,Терехов
Егор,Капустин
Константин,Щербаков
Яков,Григорьев
Вера,Гаврилова
Маргарита,Дорохова
Милена,Ларионова
Анастасия,Любимова
Игорь,Кузнецов
Мила,Пастухова
Григорий,Анохин
Екатерина,Гусева
Ирина,Романова
Алексей,Фомин
Фёдор,Агапов
Савелий,Фетисов
Арсений,Кузьмин
Мирон,Худяков
Никита,Царев
Василиса,Золотарева
Григорий,Кукушкин
Алёна,Комиссарова
Денис,Кононов
Адам,Лосев
Лука,Васильев
Марк,Леонов
Алексей,Добрынин
Анастасия,Нечаева
Елена,Малахова
Гордей,Панкратов
Никита,Бочаров
Маргарита,Корнеева
Ярослава,Медведева
Григорий,Маслов
Олег,Самойлов
Алексей,Сидоров
Маргарита,Швецова
Олег,Сотников
Майя,Лыкова
Филипп,Лукин
Всеволод,Пименов
Денис,Горлов
Василий,Зимин
Юлия,Киселева
Виктория,Петровская
Варвара,Нестерова
Савелий,Сухов
Никита,Зубков
Виктор,Постников
Алёна,Калмыкова
Екатерина,Успенская
Юрий,Фролов
Серафима,Мельникова
Иван,Минаев
Мирон,Муратов
Александр,Воронов
Борис,Соловьев
Захар,Бирюков
Кира,Лукьянова
Станислав,Максимов
Мария,Громова
Игорь,Кукушкин
Глеб,Черных
Максим,Колесов
Антонина,Антонова
Екатерина,Родионова
Василий,Свиридов
Елизавета,Грекова
Алёна,Гончарова
Мирон,Черный
Александра,Еремеева
Анастасия,Ларионова
Николай,Чумаков
Диана,Любимова
Алёна,Агеева
Валерий,Ильинский
Николай,Сафонов
Захар,Вдовин
Анастасия,Маслова
Артур,Никонов
Елена,Большакова
Савелий,Самсонов
Милена,Рыжова
Матвей,Козин
Демьян,Орлов
Илья,Анисимов
Тимофей,Жаров
Ярослав,Щербаков
Лев,Архипов
Василий,Дмитриев
Таисия,Коршунова
Валентина,Корнева
Арина,Кукушкина
Егор,Косарев
Евгений,Игнатьев
Станислав,Симонов
Георгий,Спиридонов
Ярослава,Родионова
Пётр,Верещагин
Савелий,Масленников
София,Федосеева
София,Беляева
Семён,Сафонов
Глеб,Григорьев
Леон,Горохов
Яков,Самойлов
Ярослава,Хомякова
Святослав,Комаров
Ирина,Щербакова
Майя,Позднякова
Лев,Ларионов
Павел,Козырев
Владислава,Добрынина
София,Никонова
Мирослав,Горюнов
Юлия,Родионова
Никита,Мешков
Марат,Громов
Милана,Петухова
Василиса,Григорьева
Роман,Успенский
Алина,Шубина
Владислава,Кожевникова
Роман,Ширяев
Маргарита,Фетисова
Родион,Фирсов
Лидия,Трифонова
Тимофей,Астафьев
Мирослав,Лукин
Ангелина,Золотарева
Максим,Рубцов
Владислав,Успенский
Мирослава,Фирсова
Ника,Рыбакова
Кирилл,Ерофеев
Артём,Окулов
Яна,Гуляева
Мирослава,Горбачева
Андрей,Верещагин
Даниил,Галкин
Дарья,Петровская
Евгений,Ларионов
Марина,Зотова
Марат,Прохоров
Мирослав,Пономарев
Никита,Устинов
Марина,Шувалова
Мирон,Кравцов
Руслан,Сизов
Иван,Герасимов
Борис,Сидоров
Олег,Васильев
Василий,Шестаков
Ксения,Кочетова
Ангелина,Карасева
Семён,Ларионов
Анатолий,Быков
Дмитрий,Худяков
Борис,Кулагин
Николай,Сычев
Валерий,Казаков
Михаил,Воронков
Мирослава,Клюева
Владимир,Кириллов
Ксения,Шубина
Мирослав,Александров
Олеся,Кудрявцева
Борис,Левин
Наталья,Суслова
Богдан,Воробьев
Степан,Щеглов
Милана,Антипова
Руслан,Шапошников
Виктор,Никулин
Максим,Кошелев
Марк,Парамонов
София,Кочетова
Фёдор,Соловьев
Виктория,Гущина
Платон,Зеленин
Ольга,Кочетова
Валерий,Киселев
Вероника,Воронина
Ника,Малинина
Павел,Давыдов
Леонид,Беляков
Кристина,Герасимова
Савелий,Трофимов
Светлана,Казанцева
Вячеслав,Басов
Мирон,Петровский
Валентина,Никонова
Валерия,Карташова
Александр,Лапшин
Святослав,Рожков
Дарья,Осипова
Савва,Михеев
Анастасия,Акимова
Адам,Ефимов
Яна,Колесникова
Таисия,Ермолова
Савелий,Вишневский
Алина,Чернышева
Руслан,Крючков
Демид,Тимофеев
Константин,Муратов
Елисей,Суслов
Леонид,Ткачев
Матвей,Ермилов
Валерий,Бессонов
Александр,Куприянов
Лука,Кулешов
Платон,Комиссаров
Всеволод,Лукин
Мия,Фокина
Сергей,Раков
Вячеслав,Козлов
Дмитрий,Устинов
Семён,Лаврентьев
Серафима,Горбачева
Степан,Богданов
Тимур,Головин
Василиса,Высоцкая
Ева,Фомичева
Елизавета,Рогова
Валерий,Крылов
Алексей,Любимов
Ольга,Григорьева
Елена,Румянцева
Анна,Островская
Екатерина,Беляева
Владислав,Волков
Надежда,Горбунова
Валерия,Высоцкая
Юрий,Тихомиров
Ева,Зотова
Родион,Черняев
Надежда,Виноградова
Вадим,Золотов
Мария,Еремеева
Вячеслав,Жданов
Карина,Абрамова
Савва,Горелов
Александр,Суслов
Денис,Зотов
Леон,Корнеев
Владимир,Леонтьев
Юлия,Добрынина
Глеб,Волошин
Игорь,Леонов
Дмитрий,Бессонов
Лев,Калмыков
Егор,Жуков
Кристина,Островская
Наталья,Левина
Фёдор,Давыдов
Полина,Лапшина
Милана,Нефедова
Ульяна,Логинова
Ярослава,Грекова
Юлия,Алексеева
Дарина,Егорова
Елисей,Беляков
Вячеслав,Никитин
Варвара,Савицкая
Антон,Мещеряков
Диана,Кочетова
Лев,Дьяконов
Юлия,Сахарова
Владимир,Зубков
Маргарита,Широкова
Юрий,Буров
Вадим,Фадеев
Тимофей,Демидов
Арсений,Ежов
Валерия,Макарова
Макар,Рыжов
Лев,Чижов
Павел,Игнатов
Кирилл,Гордеев
Ярослав,Калачев
Арсений,Пантелеев
Мирон,Гладков
Савва,Суслов
Тимофей,Курочкин
Макар,Колесов
Леонид,Шмелев
Роберт,Колпаков
Макар,Бочаров
Богдан,Елизаров
Юрий,Корнеев
Антон,Нечаев
Кристина,Сальникова
Евгения,Трошина
Лука,Левин
Егор,Кулагин
Станислав,Никитин
Тимофей,Устинов
Яна,Суворова
Владислав,Бирюков
Ольга,Щукина
Константин,Спиридонов
Вероника,Гусева
Иван,Леонов
Дмитрий,Бычков
Татьяна,Ермилова
Савелий,Ларин
Виктория,Лаврентьева
Милена,Шапошникова
Тимофей,Блохин
Герман,Яшин
Майя,Петровская
Всеволод,Фадеев
Алёна,Руднева
Марк,Емельянов
Глеб,Головин
Алина,Ежова
Елисей,Афанасьев
Олеся,Власова
Фёдор,Карпов
Злата,Дегтярева
Серафима,Селиванова
Станислав,Трофимов
Юлия,Злобина
Лука,Сидоров
Макар,Волошин
Евгений,Анохин
Владислав,Касьянов
Юлия,Свиридова
Ирина,Жарова
Антонина,Борисова
Антонина,Малахова
Алёна,Кудрявцева
Нина,Ларина
Евгения,Федосова
Дарина,Терентьева
Мария,Агапова
Анастасия,Семина
Алина,Никольская
Арсений,Дегтярев
Елена,Блохина
Святослав,Кошелев
Милана,Симонова
Евгений,Вешняков
Тихон,Капустин
София,Москвина
Карина,Царева
Юлия,Глушкова
Мирон,Снегирев
Сергей,Одинцов
Вадим,Коновалов
Фёдор,Кузин
Ольга,Куприянова
Милена,Майорова
Филипп,Швецов
Илья,Панфилов
Кристина,Нестерова
Александр,Одинцов
Герман,Лебедев
Павел,Серебряков
Даниил,Ларионов
Станислав,Тихомиров
Валерий,Дорофеев
Олеся,Андреева
Ярослава,Леонова
Злата,Колесникова
Ольга,Глебова
Владислав,Ананьев
Иван,Демидов
Святослав,Измайлов
Антонина,Лазарева
Ева,Муратова
Алёна,Кожевникова
Вячеслав,Софронов
Марат,Волков
Надежда,Орлова
Илья,Галкин
Кира,Глебова
Захар,Королев
Тихон,Анохин
Ангелина,Новикова
Маргарита,Никулина
Богдан,Марков
Алексей,Минин
Роман,Галкин
Герман,Черепанов
Василиса,Козина
Яков,Кравцов
Елена,Анохина
Павел,Чумаков
Вадим,Белкин
Марк,Петровский
Матвей,Шевелев
Надежда,Денисова
Павел,Меркулов
София,Киреева
Карина,Боброва
Виктория,Софронова
Григорий,Мельников
Всеволод,Кочетов
Иван,Андрианов
Евгения,Лаптева
Милена,Суханова
Милена,Крылова
Ирина,Калмыкова
Марат,Фролов
Степан,Шубин
Всеволод,Горячев
Анастасия,Пастухова
Виктор,Суханов
Василиса,Лапина
Татьяна,Зверева
Борис,Игнатов
Степан,Краснов
Антон,Соболев
Михаил,Макеев
Савва,Пантелеев
Ирина,Плотникова
Ульяна,Агафонова
Тимофей,Петров
Дарья,Софронова
Сергей,Ерофеев
Пётр,Кондрашов
Ирина,Корчагина
Владислав,Козлов
Виктор,Антипов
Евгения,Сергеева
Алиса,Виноградова
Елизавета,Леонова
Артём,Балашов
Любовь,Ефимова
Марк,Родионов
Мила,Чернова
Ева,Крючкова
Ева,Федотова
Алексей,Трифонов
Елена,Панкратова
Мия,Короткова
Алиса,Басова
Артур,Антонов
Владислав,Кочергин
Святослав,Суханов
Виктория,Антонова
Никита,Ананьев
Елена,Чеботарева
Макар,Бондарев
Матвей,Серов
Лилия,Скворцова
Василиса,Авдеева
Глеб,Платонов
Виктор,Касаткин
Вячеслав,Глушков
Олег,Черняев
Захар,Сазонов
Демьян,Борисов
Александр,Горшков
Дмитрий,Окулов
Яков,Кузьмин
Адам,Дьяков
Мирослав,Зимин
Георгий,Федоров
Иван,Алешин
Платон,Воронин
Таисия,Ткачева
Майя,Токарева
Серафима,Петровская
Дмитрий,Шаповалов
Ева,Голованова
Мирослав,Дорохов
Анастасия,Никольская
Николай,Широков
Демьян,Комиссаров
Фёдор,Ермилов
Кристина,Еремина
Лука,Морозов
Денис,Комаров
Ева,Старостина
Антон,Афанасьев
Полина,Хромова
Савелий,Кольцов
Яков,Завьялов
Тимофей,Зорин
Арсений,Свешников
Артём,Овсянников
Константин,Дьяконов
Святослав,Парфенов
Василий,Фадеев
Милана,Кожевникова
Маргарита,Ильинская
Дмитрий,Бобров
Демид,Агафонов
Кристина,Грибова
Савва,Спиридонов
Степан,Артамонов
Олеся,Лосева
Василиса,Березина
Антон,Пугачев
Нина,Аксенова
Мирослав,Шаров
Мария,Нестерова
Владислав,Кравцов
Ирина,Зайцева
Гордей,Колпаков
Марк,Кудряшов
Виктор,Сухарев
Савелий,Беликов
Ярослав,Копылов
Мария,Зайцева
Сергей,Любимов
Богдан,Рубцов
Мирон,Зорин
Семён,Мельников
Семён,Яковлев
Анастасия,Карташова
Владимир,Анохин
Мирослав,Сотников
Демьян,Алексеев
Таисия,Русакова
Дарья,Тарасова
Яна,Завьялова
Семён,Поликарпов
Святослав,Чернов
Тихон,Тихомиров
Ярослав,Тарасов
Ева,Сергеева
Юлия,Савина
Иван,Черепанов
Тимур,Аксенов
Денис,Мещеряков
Виктор,Лукьянов
Виктор,Свиридов
Василиса,Тимофеева
Юрий,Федотов
Кира,Поликарпова
Николай,Кулаков
Егор,Воробьев
Мирослав,Кириллов
Ян,Розанов
Егор,Куликов
Елисей,Горячев
Лилия,Власова
Гордей,Ларин
Марат,Баженов
Борис,Блинов
Ян,Сотников
Родион,Лукьянов
Леонид,Матвеев
Константин,Назаров
Всеволод,Кириллов
Елена,Аникина
Лев,Грачев
Антонина,Аникина
Фёдор,Мухин
Дарья,Емельянова
Серафим,Толкачев
Кирилл,Фадеев
Артемий,Титов
Екатерина,Зайцева
Платон,Болдырев
Диана,Балашова
Арсений,Рябинин
Игорь,Булатов
Полина,Прокофьева
Сергей,Михеев
Иван,Черняев
Алексей,Трошин
Антонина,Трифонова
Всеволод,Горбунов
Вадим,Зубков
Кирилл,Столяров
Роберт,Вавилов
Яна,Коновалова
Николай,Соболев
Руслан,Ананьев
Владимир,Панков
Карина,Румянцева
Екатерина,Филатова
Анастасия,Дубова
Станислав,Журавлев
Всеволод,Безруков
Роман,Воронцов
Анатолий,Яковлев
Злата,Павловская
Полина,Шевелева
Елисей,Зиновьев
Евгения,Орехова
Владимир,Авдеев
Василиса,Зайцева
Александр,Федосов
Екатерина,Никитина
Максим,Корольков
Василий,Голиков
Григорий,Олейников
Анатолий,Клюев
Алина,Поликарпова
Ярослава,Лаврентьева
Василиса,Козловская
Денис,Воронов
Алексей,Богданов
Владимир,Дубов
Полина,Кочеткова
Савва,Кожевников
Дарина,Пономарева
Тимур,Бычков
Демид,Худяков
Ксения,Чеботарева
Григорий,Шапошников
Ярослав,Серебряков
Злата,Тихомирова
Всеволод,Маслов
Арсений,Кольцов
Кира,Козловская
Марина,Титова
Ярослав,Лаптев
Тимур,Ермолов
Роберт,Князев
Марк,Романов
Таисия,Ефимова
Николай,Лопатин
Степан,Кудряшов
Лев,Крючков
Всеволод,Назаров
Серафима,Константинова
Павел,Болдырев
Ева,Титова
Арина,Муратова
Елена,Судакова
София,Ткачева
Константин,Измайлов
Фёдор,Мельников
Ангелина,Громова
Артур,Тимофеев
Дарина,Рожкова
Денис,Золотарев
Савелий,Герасимов
Алексей,Свешников
Кира,Самсонова
Денис,Крючков
Маргарита,Мальцева
София,Елизарова
Надежда,Кондратова
Гордей,Осипов
Виктор,Шмелев
Ника,Вешнякова
Станислав,Фокин
Святослав,Новиков
Ника,Журавлева
Вероника,Ефремова
Алина,Сафонова
Глеб,Шмелев
Игорь,Звягинцев
Всеволод,Дьяконов
Елисей,Субботин
Пётр,Комаров
Лидия,Пастухова
Татьяна,Леонтьева
Милана,Ермилова
Кирилл,Лаптев
Илья,Кулаков
Леонид,Владимиров
Семён,Фирсов
Адам,Пугачев
Роман,Родин
Яна,Синицына
Мирон,Демьянов
Захар,Дьяков
Лидия,Лаврова
Валерия,Маркова
Олеся,Прохорова
Арина,Головина
Макар,Круглов
Марина,Овчинникова
Елена,Комиссарова
Павел,Фролов
Олеся,Шмелева
Нина,Кулешова
Анна,Прокофьева
Тимофей,Аникин
Юрий,Рожков
Василиса,Титова
Всеволод,Носков
Александр,Куликов
Елена,Парфенова
Любовь,Денисова
Тимур,Бочаров
Тихон,Сазонов
Захар,Никулин
Майя,Королькова
Кира,Русакова
Таисия,Беспалова
Злата,Устинова
Андрей,Ерофеев
Ирина,Старостина
Алина,Беликова
Яна,Калашникова
Диана,Горбачева
Екатерина,Лапина
Милена,Корнилова
Нина,Золотова
Светлана,Майорова
Матвей,Горелов
Демид,Царев
Валерия,Кондратова
Мария,Столярова
Никита,Москвин
Валерия,Кузнецова
Иван,Спиридонов
Леонид,Архипов
Валентина,Елизарова
Нина,Косарева
Зоя,Еремина
Ева,Корнилова
Мирослава,Пименова
Артур,Болдырев
Никита,Винокуров
Юрий,Суворов
Нина,Митрофанова
Ирина,Савельева
Константин,Мельников
Виктор,Филимонов
Николай,Панин
Любовь,Крюкова
Ярослав,Денисов
Савва,Панфилов
Святослав,Захаров
Милана,Касьянова
Дмитрий,Парамонов
Мирослав,Еремин
Зоя,Ковалева
Кирилл,Толкачев
Ксения,Калмыкова
Майя,Яковлева
Дарина,Суслова
Надежда,Булгакова
Константин,Олейников
Татьяна,Терехова
Владимир,Мельников
Николай,Виноградов
Вероника,Леонтьева
Юрий,Лукин
Мария,Зиновьева
Надежда,Фомичева
Мирослава,Данилова
Олеся,Исакова
Никита,Леонтьев
Матвей,Старостин
Филипп,Макеев
Зоя,Дьяконова
Павел,Широков
Адам,Коновалов
Алексей,Колесов
Алиса,Журавлева
Дарья,Воронкова
Диана,Столярова
Мирослав,Данилов
Евгений,Овчинников
Максим,Бондарев
Милена,Афанасьева
Алиса,Антипова
Василиса,Давыдова
Дмитрий,Скворцов
Михаил,Широков
Александра,Нестерова
Серафима,Никонова
Вячеслав,Корнев
Анна,Моргунова
Милена,Горохова
Валерия,Злобина
Савва,Чижов
Антонина,Лукьянова
Антон,Фомин
Виктор,Овсянников
Злата,Куликова
Владислав,Кондратов
Станислав,Лобанов
Любовь,Дмитриева
Татьяна,Шишкина
Ульяна,Кольцова
Адам,Меркулов
Ирина,Мухина
Александр,Антонов
Кирилл,Березин
Александра,Мальцева
Игорь,Воронин
Злата,Спиридонова
Семён,Кузьмин
Вера,Кудряшова
Артемий,Пирогов
Майя,Белова
Надежда,Борисова
Алёна,Селиванова
Милана,Лобанова
Илья,Трифонов
Маргарита,Анохина
Виктор,Емельянов
Ульяна,Князева
Валентина,Сомова
Алина,Маркина
Мария,Гурова
Полина,Зиновьева
Степан,Мешков
Демид,Дорохов
Елена,Медведева
Сергей,Зимин
Диана,Кошелева
Ярослава,Громова
Артемий,Золотарев
Валерия,Панина
Максим,Русанов
Диана,Петровская
Родион,Пономарев
Лидия,Филатова
Алёна,Копылова
Антон,Зимин
Яна,Галкина
Дмитрий,Смирнов
Василий,Иванов
Серафим,Макеев
Мирослава,Горбунова
Виктор,Старостин
Святослав,Клюев
Карина,Хохлова
Ирина,Семенова
Григорий,Фирсов
Олег,Щербаков
Ольга,Маслова
Мирослава,Губанова
Серафим,Сахаров
Дарья,Овчинникова
Алексей,Карасев
Лука,Архипов
Ника,Лосева
Роберт,Басов
Елизавета,Шилова
Тимур,Кулешов
Милана,Корнеева
Пётр,Кулаков
Анастасия,Сомова
Дарья,Трошина
Марк,Горшков
Арсений,Дмитриев
Герман,Гришин
Платон,Хохлов
Фёдор,Игнатьев
Иван,Суханов
Диана,Евдокимова
Александра,Савельева
Зоя,Симонова
Дарина,Андреева
Сергей,Гришин
Филипп,Белов
Вера,Дружинина
Ольга,Окулова
Алиса,Аникина
Филипп,Ковалев
Ульяна,Русанова
Марк,Рыжов
Ева,Соколова
Павел,Артамонов
Надежда,Кулешова
Вадим,Панков
Нина,Тихомирова
Григорий,Устинов
Милена,Любимова
Савелий,Грибов
Иван,Молчанов
Руслан,Никонов
Пётр,Вдовин
Лидия,Сазонова
Юрий,Коршунов
Герман,Горелов
Ника,Комиссарова
Лев,Владимиров
Лилия,Козловская
Никита,Золотов
Ольга,Рубцова
Мила,Старостина
Антонина,Семенова
Варвара,Демина
Лука,Антонов
Полина,Дементьева
Ярослав,Гришин
Никита,Громов
Иван,Степанов
Артемий,Карасев
Демьян,Калинин
Лев,Воронков
Михаил,Синицын
Владислава,Денисова
Тихон,Маслов
Роберт,Воронин
Ульяна,Белякова
Александр,Завьялов
Платон,Богданов
Тимофей,Агапов
Максим,Балашов
Елисей,Вешняков
Станислав,Устинов
Даниил,Федотов
Валерий,Добрынин
Арина,Казанцева
Платон,Цветков
Филипп,Поляков
Ксения,Зиновьева
Лев,Голубев
Василий,Юдин
Яна,Козина
Евгений,Тарасов
Герман,Пирогов
Яна,Шульгина
Герман,Муравьев
Андрей,Лыков
Ульяна,Спиридонова
Фёдор,Леонов
Милена,Козина
Мирон,Беликов
Вадим,Евдокимов
Марк,Фирсов
Светлана,Зорина
Пётр,Ульянов
Валерия,Трошина
Анна,Русакова
Владислав,Матвеев
Ярослава,Пантелеева
Елисей,Шмелев
Михаил,Пирогов
Игорь,Никифоров
Диана,Алешина
Артемий,Мартынов
Ирина,Панкратова
Арина,Жданова
Арсений,Логинов
Матвей,Хромов
Маргарита,Вдовина
Илья,Николаев
Нина,Корнилова
Ева,Лобанова
Денис,Калинин
Евгения,Чернова
Серафим,Пахомов
Ирина,Ершова
Арина,Анисимова
Всеволод,Зыков
Василиса,Кудрявцева
Милена,Хомякова
Игорь,Яковлев
Тихон,Коровин
Надежда,Наумова
Георгий,Никулин
Варвара,Успенская
Лилия,Некрасова
Николай,Коровин
Мирон,Стариков
Игорь,Родионов
Мия,Крючкова
Дарина,Федосова
Константин,Руднев
Вадим,Ульянов
Владислав,Шапошников
Светлана,Шишкина
Кирилл,Черепанов
Ника,Золотарева
Валерий,Смирнов
Анна,Хохлова
Вадим,Поляков
Руслан,Киселев
Мирон,Воронин
Родион,Куликов
Матвей,Малышев
Егор,Руднев
Милана,Окулова
Мария,Мешкова
Дарья,Анисимова
Анна,Шапошникова
Марат,Ларин
Артём,Савельев
Антон,Самойлов
Захар,Аникин
Егор,Булгаков
Павел,Зыков
Демьян,Филатов
Филипп,Сомов
Ника,Королева
Василий,Федоров
Антонина,Нестерова
Глеб,Измайлов
Маргарита,Меркулова
Михаил,Дубов
Злата,Козлова
Антон,Одинцов
Арина,Сидорова
Денис,Постников
Мирон,Корольков
Максим,Зиновьев
Ирина,Озерова
Олег,Миронов
Елизавета,Скворцова
Александра,Минаева
Ангелина,Лапина
Фёдор,Киселев
Ульяна,Кондратьева
Глеб,Копылов
Любовь,Потапова
Владислав,Ермаков
Савелий,Галкин
Владимир,Дорохов
Дарья,Сахарова
Милена,Горшкова
Кристина,Бычкова
Николай,Масленников
Артур,Игнатьев
Ярослава,Трофимова
Владислав,Кулагин
Максим,Чижов
Ангелина,Ежова
Юрий,Бессонов
Алёна,Маркелова
Леонид,Кравцов
Надежда,Сухарева
Платон,Карасев
Адам,Колпаков
Макар,Столяров
Тимофей,Олейников
Валерия,Рубцова
Мия,Булгакова
Василиса,Дроздова
Маргарита,Царева
Алексей,Булатов
Виктория,Горшкова
Марк,Козлов
Константин,Рубцов
Мирон,Маркин
Антон,Климов
Кристина,Александрова
Вячеслав,Артамонов
Анна,Суркова
Серафима,Зыкова
Вероника,Боброва
Милена,Прокофьева
Мирослав,Лебедев
Наталья,Носова
Дарья,Соболева
Иван,Свиридов
Иван,Тихомиров
Денис,Серов
Артемий,Маслов
Егор,Ермаков
Денис,Терентьев
Ян,Сорокин
Милана,Постникова
Евгения,Никитина
Ярослава,Головина
Антон,Вишневский
Павел,Котов
Михаил,Коротков
Ульяна,Маркина
Виктория,Безрукова
Владимир,Соболев
Вадим,Измайлов
Ника,Дементьева
Леон,Владимиров
Вадим,Прокофьев
Ирина,Агафонова
Лев,Пименов
Полина,Добрынина
Платон,Сухарев
Руслан,Казанцев
Юрий,Глебов
Илья,Денисов
Павел,Калинин
Карина,Голованова
Василий,Алехин
Тимур,Гончаров
Дарина,Зорина
Святослав,Сухов
Лука,Ильин
Артемий,Сергеев
Таисия,Зубкова
Лука,Жданов
Маргарита,Исаева
Иван,Гришин
Виктория,Никулина
Анатолий,Макаров
Роман,Богданов
Ксения,Аникина
Егор,Черный
Евгения,Губанова
Ангелина,Козырева
Виктор,Жаров
Алиса,Бабушкина
Филипп,Евдокимов
Роберт,Жданов
Ева,Горюнова
Владимир,Дубровин
Олеся,Лукина
Роман,Симонов
Сергей,Суханов
Леон,Киселев
Яна,Петухова
Ксения,Константинова
Виктор,Верещагин
Семён,Мещеряков
Мирон,Прохоров
Артемий,Швецов
Юлия,Панфилова
Виктория,Никонова
Демид,Демьянов
Роберт,Фокин
Вадим,Владимиров
Савва,Васильев
Кира,Дубова
Герман,Анисимов
Олеся,Суворова
Пётр,Агафонов
Евгений,Кукушкин
Полина,Исакова
Михаил,Ермолаев
Майя,Березина
Александр,Гусев
Ярослав,Субботин
Николай,Майоров
Иван,Ушаков
Вероника,Мельникова
Елисей,Ковалев
Никита,Исаков
Майя,Яшина
Кирилл,Федосов
Арина,Шарова
Надежда,Васильева
Богдан,Фетисов
Лев,Бабушкин
Руслан,Зуев
Олег,Рябов
Кирилл,Суслов
Вячеслав,Зотов
Алёна,Агафонова
Иван,Дубов
Матвей,Сидоров
Вадим,Ермолаев
Глеб,Молчанов
Олег,Греков
Василий,Жаров
Ксения,Минаева
Василиса,Емельянова
Семён,Кудрявцев
Станислав,Уваров
Родион,Исаев
Илья,Колесов
Ульяна,Лукина
Юрий,Маркин
Станислав,Гущин
Дарина,Сухарева
Лука,Орехов
Злата,Сальникова
Карина,Киселева
Артём,Кочергин
Александра,Горбунова
Роберт,Миронов
Никита,Головин
Тимур,Громов
Дарина,Дьяконова
Владимир,Емельянов
Валентина,Маслова
Евгения,Ульянова
Валерия,Игнатова
Николай,Авдеев
Евгений,Коротков
Яна,Щеглова
Илья,Демин
Роберт,Шаров
Ульяна,Москвина
Илья,Щукин
Татьяна,Мещерякова
Герман,Герасимов
Анастасия,Савина
Павел,Петухов
Арсений,Самойлов
Светлана,Жарова
Иван,Калугин
Олег,Горелов
Владислав,Андрианов
Светлана,Коновалова
Светлана,Ананьева
Виктор,Исаков
Олеся,Булатова
Вера,Горшкова
Вадим,Чумаков
Глеб,Руднев
Алина,Леонтьева
Тимур,Артемов
Павел,Чистяков
Фёдор,Богомолов
Демид,Мельников
Милана,Некрасова
Лидия,Харитонова
Александра,Терентьева
Полина,Игнатьева
Серафима,Дубровина
Арсений,Лапшин
Захар,Савицкий
Ева,Калачева
Светлана,Рыбакова
Олеся,Овчинникова
Олег,Коротков
Филипп,Овчинников
Вадим,Макеев
Александра,Муравьева
Демьян,Вешняков
Кирилл,Усов
Олеся,Левина
Савва,Фролов
Мирон,Рыбаков
Евгения,Борисова
Марина,Федорова
Павел,Золотов
София,Фомичева
Вера,Зыкова
Дарья,Мальцева
Алексей,Калачев
Владислав,Трифонов
Леон,Фомин
Валерия,Горбачева
Герман,Михеев
Любовь,Кравцова
Роберт,Бирюков
Мирослава,Ушакова
Анастасия,Серебрякова
Ульяна,Рябинина
Герман,Гаврилов
Серафима,Филиппова
Диана,Панкова
Полина,Карпова
Марк,Швецов
Демид,Исаев
Евгения,Лукина
Владислава,Панкратова
Анна,Бирюкова
Арсений,Щеглов
Варвара,Дмитриева
Екатерина,Куликова
Александр,Баранов
Олеся,Савицкая
Лев,Пирогов
Вера,Позднякова
Арсений,Осипов
Савелий,Кожевников
Герман,Жуков
Константин,Федоров
Ника,Минаева
Яна,Рожкова
Ярослава,Казакова
Майя,Голубева
Тимур,Борисов
Мила,Столярова
Мила,Копылова
Дмитрий,Зубов
Макар,Крючков
Майя,Исаева
Всеволод,Богомолов
Демьян,Сидоров
Платон,Антипов
Ангелина,Троицкая
Станислав,Денисов
Роберт,Трошин
Карина,Алексеева
Роман,Кудряшов
Полина,Куприянова
Елизавета,Белова
Никита,Курочкин
Георгий,Плотников
Милана,Ушакова
Ксения,Данилова
Алёна,Короткова
Кирилл,Синицын
Надежда,Ларионова
Василиса,Филимонова
Тимофей,Зыков
Даниил,Кочетков
Константин,Лобанов
Виктор,Гаврилов
Лидия,Козловская
Макар,Федосов
Семён,Черных
Глеб,Никулин
Григорий,Тарасов
Надежда,Корнева
Елена,Кулакова
Лев,Малахов
Мия,Сорокина
Карина,Козырева
Савелий,Журавлев
Арина,Рыжова
Ксения,Маслова
Арсений,Коновалов
Тихон,Дементьев
Лука,Астафьев
Руслан,Сурков
Григорий,Моисеев
Константин,Черкасов
Алексей,Медведев
Светлана,Симонова
Маргарита,Филиппова
Валерий,Дроздов
Виктор,Пахомов
Зоя,Плотникова
Яков,Ершов
Ангелина,Леонтьева
Демид,Ефремов
Алина,Михеева
Маргарита,Снегирева
Алексей,Григорьев
Любовь,Медведева
Демьян,Трофимов
Иван,Симонов
Надежда,Столярова
Елизавета,Сазонова
Анна,Кириллова
Кира,Чернышева
Мия,Моисеева
Евгений,Шестаков
Ярослава,Коршунова
Максим,Троицкий
Артур,Дубов
Лилия,Кузина
Кира,Голубева
Руслан,Жилин
Карина,Самойлова
Милана,Шевелева
Александр,Миронов
Светлана,Мартынова
Злата,Мухина
Владислав,Мальцев
Тимур,Фадеев
Арина,Шилова
Елисей,Сухов
Алёна,Мальцева
Тимур,Королев
Ольга,Винокурова
Руслан,Щукин
Гордей,Астахов
Диана,Поликарпова
Наталья,Булатова
Макар,Соболев
Глеб,Кузнецов
Лука,Трошин
Тимур,Емельянов
Дарья,Филатова
Руслан,Комаров
Нина,Шапошникова
Никита,Давыдов
Милена,Моисеева
Ярослав,Чеботарев
Нина,Колесникова
Савелий,Злобин
Надежда,Козловская
Ярослава,Емельянова
Владислава,Ушакова
Захар,Александров
Всеволод,Кулагин
Татьяна,Соболева
Илья,Моисеев
Герман,Родионов
Валерия,Тихонова
Алиса,Савина
Иван,Нечаев
Мирон,Казанцев
Евгения,Николаева
Матвей,Елисеев
Владимир,Зиновьев
Валерия,Еремеева
Святослав,Платонов
Марк,Игнатов
Зоя,Дружинина
Мирослав,Малахов
Егор,Вдовин
Виктор,Калашников
Святослав,Лаптев
Константин,Носов
Герман,Корнеев
Тимофей,Кузнецов
Игорь,Савин
Егор,Титов
Илья,Максимов
Олеся,Скворцова
Станислав,Юдин
Ян,Авдеев
Глеб,Шульгин
Олеся,Верещагина
Анна,Максимова
Наталья,Кондратова
Захар,Селиванов
Ольга,Чижова
Егор,Горелов
Василиса,Кожевникова
Леонид,Ерофеев
Марк,Белоусов
Александр,Григорьев
Мария,Орлова
Елизавета,Беляева
Александра,Матвеева
Никита,Ежов
Демид,Крючков
Кристина,Куприянова
Савелий,Пирогов
Дарья,Еремеева
Иван,Розанов
Егор,Макаров
Юрий,Молчанов
Артём,Клюев
Марат,Гусев
Максим,Жилин
Мила,Ульянова
Никита,Сухарев
Евгений,Яковлев
Елизавета,Баранова
Сергей,Панов
Валерий,Крюков
Арина,Никифорова
София,Афанасьева
Адам,Журавлев
Богдан,Савин
Варвара,Старикова
Ангелина,Балашова
Милена,Громова
Матвей,Черный
Пётр,Дубов
Мирослав,Громов
Станислав,Клюев
Злата,Царева
Вера,Коршунова
Юлия,Анохина
Евгения,Богданова
Дарья,Маслова
Захар,Ефремов
София,Кулакова
София,Корчагина
Борис,Серов
Лев,Королев
Ксения,Елизарова
Алиса,Синицына
Захар,Савин
Василиса,Петрова
Михаил,Глебов
Надежда,Блохина
Алиса,Алешина
Константин,Барсуков
Ирина,Степанова
Всеволод,Игнатов
Захар,Яковлев
Алиса,Андрианова
Адам,Ширяев
Илья,Кононов
Дарина,Одинцова
Варвара,Сизова
Милена,Чистякова
Матвей,Золотов
Марк,Сорокин
Мария,Ежова
Майя,Смирнова
Николай,Сорокин
Вера,Агеева
Денис,Сухов
Никита,Попов
Татьяна,Корнеева
Вера,Терентьева
Юлия,Касьянова
Юрий,Дегтярев
Алексей,Белоусов
Александр,Мельников
Юрий,Корольков
Маргарита,Игнатьева
Роман,Ефремов
Владимир,Савин
Борис,Фирсов
Яна,Захарова
Наталья,Лопатина
Елизавета,Безрукова
Мария,Суслова
Полина,Дорохова
Майя,Алексеева
Макар,Зорин
Григорий,Прохоров
Вероника,Субботина
Артур,Буров
Елизавета,Новикова
Гордей,Круглов
Анастасия,Алехина
Игорь,Лапшин
Роберт,Худяков
Игорь,Зубков
Ксения,Шевцова
Ангелина,Зеленина
Ангелина,Сафонова
Владислава,Никитина
Артемий,Терентьев
Всеволод,Сухарев
Дарина,Хромова
Савелий,Корнеев
Святослав,Миронов
Павел,Анохин
Илья,Наумов
Ксения,Черкасова
Всеволод,Богданов
Родион,Селиванов
Алина,Минина
Демид,Князев
Ника,Антипова
Константин,Чеботарев
Михаил,Лапшин
Яна,Евсеева
Мила,Астафьева
Матвей,Панкратов
Владимир,Крылов
Варвара,Хромова
Василиса,Курочкина
София,Казанцева
Анатолий,Грачев
Дмитрий,Королев
Лев,Марков
Андрей,Чистяков
Диана,Блохина
Тимофей,Егоров
Ангелина,Кравцова
Святослав,Некрасов
Виктор,Медведев
Тимур,Литвинов
Марат,Голиков
Марина,Симонова
Диана,Федосеева
Ника,Серова
Георгий,Дорохов
Глеб,Казанцев
Нина,Никольская
Василий,Мещеряков
Ника,Дьякова
Михаил,Пономарев
Михаил,Зубков
Майя,Вдовина
Роберт,Дегтярев
Игорь,Чижов
Никита,Плотников
Мария,Сомова
Сергей,Малахов
Платон,Власов
Максим,Захаров
Николай,Смирнов
Владислав,Кондрашов
Милана,Ерофеева
Макар,Самойлов
Таисия,Зыкова
Елена,Калинина
Евгения,Дорофеева
Дарина,Ильинская
Даниил,Минаев
Василий,Архипов
Григорий,Герасимов
Савелий,Шапошников
Диана,Волошина
Сергей,Окулов
София,Архипова
Ярослава,Горелова
Олег,Харитонов
Анатолий,Пономарев
Григорий,Панин
Милана,Константинова
Дарья,Курочкина
Серафима,Дубинина
Дарина,Позднякова
Марина,Носова
Мия,Клюева
Георгий,Воробьев
Василий,Добрынин
Герман,Бочаров
Ольга,Москвина
Ксения,Жданова
Денис,Андреев
Семён,Столяров
Григорий,Овчинников
Вячеслав,Коновалов
Татьяна,Шевцова
Яна,Кочеткова
Надежда,Карташова
Леонид,Сычев
Станислав,Смирнов
Анастасия,Васильева
Арсений,Сальников
Адам,Туманов
Евгения,Лапина
Руслан,Степанов
Ярослав,Маркелов
Елисей,Дмитриев
Ангелина,Румянцева
Евгения,Царева
Кирилл,Гуров
Елизавета,Филиппова
Леонид,Левин
Юлия,Нестерова
Павел,Чижов
Александр,Крылов
Анна,Майорова
Сергей,Тихомиров
Даниил,Уваров
Григорий,Золотарев
Тимофей,Петровский
Станислав,Федосеев
София,Ларина
Тимур,Кошелев
Ярослав,Пименов
Евгений,Комиссаров
Матвей,Маркелов
Вячеслав,Губанов
Артемий,Синицын
Родион,Егоров
Владислав,Мещеряков
Игорь,Ершов
Виктория,Меркулова
Алина,Лопатина
Алиса,Мешкова
Дарина,Федорова
Яна,Бирюкова
Арсений,Тихомиров
Руслан,Давыдов
Роберт,Балашов
Герман,Ильинский
Маргарита,Леонтьева
Елизавета,Глушкова
Юрий,Карташов
Ева,Чеботарева
Егор,Ларионов
Вячеслав,Парфенов
Матвей,Черепанов
Надежда,Некрасова
Нина,Сафонова
Кристина,Кондратьева
Полина,Романова
Богдан,Крючков
Леонид,Сотников
Алиса,Агафонова
Таисия,Комиссарова
Роберт,Никонов
Демид,Аникин
Александра,Колпакова
Яна,Чумакова
Любовь,Быкова
Егор,Петухов
Антонина,Уткина
Мария,Горшкова
Анастасия,Гаврилова
Анна,Гущина
Виктория,Голубева
Руслан,Березин
Руслан,Лукин
Мия,Гришина
Полина,Бычкова
Александра,Ковалева
Роберт,Терехов
Валерий,Павлов
Лев,Блохин
Яков,Иванов
Савва,Гордеев
Станислав,Покровский
Борис,Балашов
Владимир,Коновалов
Диана,Горохова
Виктор,Николаев
Мирослава,Никулина
Фёдор,Авдеев
Ксения,Колосова
Лилия,Зайцева
Роберт,Леонов
Майя,Широкова
Анастасия,Федотова
Алёна,Березина
Диана,Гладкова
Максим,Булатов
Артемий,Баженов
Юлия,Золотова
Марина,Суркова
Анна,Толкачева
Павел,Клюев
Фёдор,Малахов
Ирина,Дьяконова
Леонид,Золотов
Маргарита,Олейникова
Анатолий,Тарасов
Герман,Колпаков
Ксения,Минина
Вадим,Артемов
Ника,Козлова
Серафима,Авдеева
Юлия,Большакова
Кристина,Щербакова
Сергей,Нечаев
Артур,Островский
Антонина,Русакова
Марина,Андреева
Адам,Самойлов
Зоя,Клюева
Павел,Ермолов
Алиса,Старостина
Тимур,Самсонов
Мария,Куликова
Ярослава,Аксенова
Ева,Овсянникова
Макар,Ермилов
Маргарита,Терехова
Зоя,Гладкова
Павел,Киселев
Константин,Крылов
Павел,Зубов
Борис,Латышев
Лев,Леонтьев
Роберт,Платонов
Светлана,Малышева
Егор,Хромов
Евгения,Муратова
Алексей,Жилин
Платон,Горбачев
Евгения,Голикова
Дарья,Давыдова
Лука,Шувалов
Владислав,Сазонов
Марина,Колесникова
Денис,Бочаров
Филипп,Колесников
Филипп,Громов
Злата,Исакова
Ангелина,Свиридова
Владислава,Нефедова
Анна,Глухова
Мия,Павлова
Милана,Евсеева
Милана,Савицкая
Ангелина,Комиссарова
Таисия,Туманова
Мирон,Сафонов
Мирослава,Токарева
Платон,Басов
Антон,Андрианов
Таисия,Никонова
Евгения,Старостина
Ника,Минина
Алёна,Панина
Арсений,Рыбаков
Марат,Орлов
Нина,Козлова
Сергей,Сахаров
Иван,Рубцов
Борис,Суханов
Диана,Аникина
Борис,Фомин
Мия,Швецова
Олег,Щеглов
София,Вешнякова
Маргарита,Смирнова
Арсений,Звягинцев
Алиса,Ларионова
Даниил,Кузьмин
Антон,Ершов
Анатолий,Акимов
Ульяна,Пономарева
Кирилл,Александров
Демьян,Васильев
Кристина,Швецова
Савелий,Маркелов
Евгений,Кочергин
Матвей,Медведев
Юлия,Ларионова
Екатерина,Трофимова
Филипп,Ермаков
Марат,Лазарев
Сергей,Леонтьев
Глеб,Воробьев
Илья,Булгаков
Владислав,Семенов
Пётр,Лыков
Алёна,Зубкова
Владислав,Сомов
Мирон,Шульгин
Фёдор,Власов
Алиса,Бирюкова
Ева,Чижова
Адам,Измайлов
Григорий,Толкачев
Захар,Дроздов
Леонид,Медведев
Владислав,Дубровин
Ксения,Богомолова
Демьян,Семин
Нина,Наумова
Даниил,Греков
Евгений,Савельев
Игорь,Толкачев
Василиса,Селиванова
Макар,Литвинов
Диана,Воронкова
Даниил,Муратов
Арина,Швецова
Максим,Дегтярев
Всеволод,Спиридонов
Ника,Лукина
Марат,Сальников
Мирон,Троицкий
Елисей,Воробьев
Артемий,Ларионов
Михаил,Гаврилов
Святослав,Коровин
Серафима,Емельянова
Борис,Синицын
Лев,Ефимов
Мирон,Акимов
Елизавета,Рожкова
Елисей,Мухин
Лев,Кочетков
Зоя,Терентьева
Вадим,Дубровин
Леон,Бочаров
Сергей,Потапов
Степан,Зеленин
Надежда,Никифорова
Владимир,Абрамов
Пётр,Данилов
Георгий,Коротков
Никита,Кондратьев
Дарья,Чеснокова
Василиса,Рожкова
Мирослав,Воробьев
Леонид,Афанасьев
Филипп,Калинин
Артур,Карташов
Злата,Гончарова
София,Маркелова
Мирослав,Жуков
Виктор,Глухов
Глеб,Нечаев
Пётр,Жданов
Светлана,Маркелова
Мария,Парамонова
Ангелина,Глебова
Майя,Измайлова
Серафима,Чернова
Демьян,Богомолов
Юлия,Зайцева
Кирилл,Соловьев
Мирон,Журавлев
Милена,Герасимова
Максим,Королев
Лев,Кукушкин
Ангелина,Серебрякова
Игорь,Сотников
Елена,Субботина
Денис,Минин
Андрей,Ульянов
Кирилл,Пахомов
Олег,Сафонов
Ярослав,Некрасов
Григорий,Свешников
Ярослав,Лыков
Родион,Семенов
Мирослава,Фролова
Надежда,Позднякова
Кристина,Сорокина
Марк,Горбунов
Николай,Шаповалов
Захар,Нечаев
Надежда,Самсонова
Арсений,Мешков
Майя,Артемова
Гордей,Трошин
Владислав,Литвинов
Иван,Комиссаров
Адам,Лыков
Ангелина,Чистякова
Егор,Киселев
Кира,Зубова
Антон,Мальцев
Мирон,Ткачев
Григорий,Евдокимов
Семён,Агеев
Нина,Овчинникова
Артемий,Троицкий
Евгения,Ковалева
Василиса,Корнеева
Евгения,Глушкова
Богдан,Кулаков
Пётр,Столяров
Кира,Измайлова
Тимур,Зимин
Александра,Плотникова
София,Фомина
Герман,Абрамов
Денис,Колесов
Юрий,Терентьев
Игорь,Гущин
Пётр,Гришин
Мирослав,Филатов
Василий,Жилин
Григорий,Зиновьев
Валерия,Колесова
Даниил,Ефимов
Никита,Лукин
Зоя,Серова
Алиса,Лопатина
Варвара,Кузьмина
Наталья,Семенова
Александр,Ершов
Юрий,Добрынин
Фёдор,Громов
Сергей,Акимов
Кристина,Киселева
Александр,Герасимов
Тимофей,Ильинский
Алексей,Казаков
Мирослава,Кузнецова
Дарина,Черкасова
Ангелина,Скворцова
Тимур,Чеботарев
Святослав,Сальников
Надежда,Грачева
Евгения,Степанова
Платон,Осипов
Андрей,Блинов
Ангелина,Львова
Ангелина,Горбачева
Варвара,Сидорова
Елисей,Михайлов
Ольга,Дубова
Матвей,Шапошников
Евгений,Волков
Владимир,Калашников
Артём,Макаров
Пётр,Дементьев
Артур,Чумаков
Валентина,Ширяева
Денис,Добрынин
Богдан,Демин
Ирина,Рожкова
Ульяна,Блохина
Александра,Швецова
Артём,Жилин
София,Завьялова
Владимир,Кудряшов
Игорь,Богданов
Тихон,Петров
Виктор,Самойлов
Герман,Фомин
Екатерина,Трифонова
Марат,Новиков
Святослав,Шаров
Борис,Марков
Мирослав,Постников
Евгений,Еремеев
Кирилл,Громов
Глеб,Глухов
Герман,Степанов
Богдан,Мальцев
Степан,Гаврилов
Нина,Данилова
Арсений,Усов
Алёна,Журавлева
Марина,Рудакова
Семён,Семин
Алина,Короткова
Юрий,Фетисов
Алиса,Михеева
Яков,Афанасьев
Анастасия,Сухова
Зоя,Богданова
Тихон,Дьяков
Илья,Беляев
Александр,Горбачев
Анна,Серова
Лев,Мешков
Тихон,Беляков
Алексей,Рогов
Нина,Родионова
Ирина,Комиссарова
Полина,Казакова
Нина,Юдина
Арина,Дорохова
Полина,Спиридонова
Алина,Ефремова
Екатерина,Голубева
Макар,Бобров
Артемий,Балашов
Милена,Голованова
Кристина,Зиновьева
Юлия,Горбунова
Алексей,Малахов
Игорь,Лебедев
Герман,Колосов
Артемий,Галкин
Екатерина,Цветкова
Юрий,Кошелев
Вячеслав,Селиванов
Александра,Селезнева
Юлия,Мельникова
Адам,Озеров
Александра,Тимофеева
Демид,Быков
Татьяна,Анисимова
Арина,Романова
Тихон,Комаров
Марат,Лапшин
Яков,Булгаков
Валентина,Носова
Дарья,Ермолаева
Алёна,Рудакова
Виктория,Любимова
Родион,Нестеров
Ксения,Козловская
Роман,Нефедов
Марк,Снегирев
Вячеслав,Козырев
Виктория,Губанова
Лидия,Золотарева
Тимур,Гущин
Тимур,Филимонов
Валентина,Елисеева
Ян,Беляев
Олег,Мальцев
Дарина,Родионова
Полина,Баженова
Виктор,Шишкин
Юрий,Басов
Нина,Чернышева
Гордей,Коровин
Леонид,Некрасов
Кирилл,Лаврентьев
Екатерина,Алешина
Анна,Уткина
Таисия,Блохина
Ольга,Максимова
Павел,Платонов
Платон,Юдин
Николай,Глухов
Арина,Овсянникова
Любовь,Семенова
Александр,Самойлов
София,Щеглова
Николай,Ермаков
Демьян,Гладков
Мирослава,Левина
Демид,Богданов
Глеб,Ильинский
Диана,Старостина
Антон,Клюев
Анатолий,Гришин
Демьян,Захаров
Захар,Лопатин
Владислав,Левин
Ярослав,Буров
Ольга,Ларионова
Захар,Зотов
Тимофей,Романов
Владислав,Фадеев
Василий,Шапошников
Анна,Широкова
Лука,Сергеев
Анна,Шмелева
Руслан,Кожевников
Гордей,Столяров
Леон,Горбунов
Мирон,Безруков
Мирослав,Фомин
Алексей,Аникин
Илья,Баранов
Всеволод,Завьялов
Мила,Моргунова
Артём,Спиридонов
Валентина,Касьянова
Матвей,Демидов
Алексей,Голованов
Тимур,Зыков
Фёдор,Долгов
Антон,Постников
Даниил,Руднев
Лилия,Тарасова
Дарина,Андрианова
Ярослав,Леонтьев
Кира,Нечаева
Семён,Сухов
Демид,Андрианов
Григорий,Шульгин
Ольга,Игнатова
Арсений,Рудаков
Ульяна,Беликова
Олег,Баженов
Семён,Дубинин
Савва,Горбачев
Лилия,Лукьянова
Варвара,Суслова
Елизавета,Белоусова
Тимофей,Верещагин
Диана,Кулешова
Руслан,Сычев
Иван,Минин
Лев,Чернов
Глеб,Сазонов
Тимур,Зубков
Карина,Родина
Святослав,Алешин
Борис,Матвеев
Даниил,Акимов
Майя,Баженова
Герман,Суслов
Карина,Журавлева
Яков,Федосеев
Леон,Румянцев
Алёна,Вешнякова
Леонид,Носков
Олеся,Лазарева
Кристина,Черныха
Илья,Евдокимов
Павел,Пименов
Яна,Зотова
Елизавета,Суслова
Савелий,Ежов
Адам,Старостин
Елена,Шувалова
Никита,Крылов
Лидия,Осипова
Мирослава,Некрасова
Никита,Маркин
Алиса,Леонова
Антон,Беляев
Ксения,Рябинина
Роберт,Дроздов
Леонид,Агеев
Савелий,Майоров
Мирослава,Воробьева
Платон,Балашов
Степан,Лыков
Фёдор,Юдин
Денис,Макаров
Виктор,Астафьев
Ярослава,Нефедова
Маргарита,Барсукова
Анна,Архипова
Василиса,Ушакова
Ксения,Гусева
Вероника,Белкина
Ирина,Агеева
Ангелина,Евсеева
Владимир,Ситников
Алёна,Колосова
Варвара,Шевелева
Анна,Шевцова
Артём,Зыков
Ярослава,Пирогова
Александр,Сычев
Тихон,Леонтьев
Юлия,Окулова
Виктория,Аникина
Илья,Волошин
Матвей,Степанов
Тимур,Андреев
Зоя,Ракова
Игорь,Крылов
Лидия,Тихомирова
Савелий,Фомин
Милана,Шувалова
Савва,Сухов
Сергей,Кулешов
Илья,Воронов
Степан,Давыдов
Мия,Савельева
Ангелина,Ушакова
Роберт,Лопатин
Никита,Шестаков
Даниил,Носков
Антонина,Моисеева
Даниил,Громов
Никита,Коровин
Ульяна,Васильева
Виктория,Калмыкова
Майя,Ерофеева
Любовь,Казакова
Злата,Рожкова
Игорь,Федосов
Яна,Добрынина
Вадим,Соболев
Николай,Коновалов
Майя,Пименова
Ангелина,Софронова
Василиса,Горбачева
Артур,Зорин
Савелий,Наумов
Серафима,Панина
Лев,Кравцов
Захар,Соловьев
Илья,Миронов
Матвей,Соколов
Валерия,Астафьева
Савелий,Тихонов
Артём,Свешников
Вера,Филиппова
Артемий,Измайлов
Василий,Коршунов
Савелий,Демьянов
Максим,Козырев
Юрий,Дорохов
Ева,Зайцева
Степан,Тарасов
Кира,Полякова
Лев,Басов
Ярослава,Глебова
Полина,Ерофеева
Ксения,Муратова
Григорий,Козлов
Евгений,Пономарев
Родион,Шаповалов
Елена,Гордеева
Марина,Пантелеева
Надежда,Игнатьева
Иван,Белов
Надежда,Старостина
Григорий,Гусев
Антонина,Ларионова
Виктор,Золотарев
Юрий,Никонов
Григорий,Руднев
Алёна,Павловская
Злата,Толкачева
Ника,Кулакова
Алиса,Чеснокова
Даниил,Родионов
Екатерина,Свешникова
Маргарита,Львова
Дмитрий,Успенский
Злата,Снегирева
Игорь,Максимов
Леон,Ушаков
Станислав,Трошин
Таисия,Горюнова
Арина,Лапшина
Руслан,Румянцев
Антонина,Шестакова
Вячеслав,Логинов
Валерия,Завьялова
Ксения,Черепанова
Вероника,Корнева
Матвей,Калашников
Екатерина,Пономарева
Егор,Куприянов
Александра,Юдина
Егор,Софронов
Юрий,Агапов
Серафима,Горбунова
Серафим,Гаврилов
Андрей,Калачев
Серафим,Никитин
Ника,Ефремова
Станислав,Ушаков
Захар,Максимов
Сергей,Большаков
Савва,Смирнов
Василиса,Поликарпова
Василий,Синицын
Валерия,Калашникова
Степан,Кочетков
Никита,Яковлев
Лидия,Панкова
Владислава,Архипова
Мирон,Маслов
Семён,Дубровин
Светлана,Воронова
Елисей,Демьянов
Гордей,Шевелев
Борис,Колесников
Марк,Ерофеев
Елисей,Калмыков
Вадим,Голиков
Любовь,Некрасова
Мария,Туманова
Борис,Тимофеев
Игорь,Лукьянов
Татьяна,Пахомова
Василиса,Старикова
Анна,Чистякова
Алиса,Шмелева
Ирина,Нестерова
Герман,Павловский
Павел,Дроздов
Марат,Быков
Нина,Борисова
Василиса,Минина
Валерия,Усова
Родион,Федотов
Сергей,Корнилов
Елизавета,Суркова
Савва,Кудряшов
Диана,Карасева
Кира,Авдеева
Нина,Лопатина
Гордей,Краснов
Ева,Антонова
Яна,Горшкова
Тимур,Ильинский
Евгений,Баранов
Илья,Лебедев
Мирон,Левин
Кристина,Артемова
Майя,Морозова
Борис,Алешин
Диана,Артамонова
Демьян,Сергеев
София,Агеева
Дмитрий,Дьяконов
Таисия,Самсонова
Владислава,Прохорова
Платон,Широков
Виктория,Котова
Всеволод,Бочаров
Тихон,Орехов
Зоя,Фомина
Валентина,Еремина
Герман,Зотов
Елена,Федосеева
Евгения,Малышева
Алёна,Сорокина
Алиса,Демьянова
Тихон,Седов
Ева,Королева
Александр,Балашов
Дарина,Родина
Елизавета,Исаева
Платон,Ермолаев
Фёдор,Леонтьев
Святослав,Владимиров
Елизавета,Корнеева
Милана,Бондарева
Юрий,Рогов
Мирослава,Скворцова
Злата,Высоцкая
Владислава,Голованова
Надежда,Нефедова
Андрей,Кондратов
Диана,Трофимова
Святослав,Ефремов
Егор,Гончаров
Зоя,Беляева
Александр,Блохин
Денис,Безруков
Марат,Шестаков
Алина,Островская
Тихон,Уткин
Ксения,Мещерякова
Милана,Лаптева
Тимур,Самойлов
Арина,Панина
Константин,Маркелов
Александр,Долгов
Евгения,Федорова
Евгений,Калашников
Наталья,Воронина
Валерий,Серов
Юлия,Козина
Дарья,Козлова
Степан,Степанов
Марина,Короткова
Полина,Пастухова
Ника,Кириллова
Александр,Исаков
Евгений,Романов
Георгий,Елизаров
Владислав,Львов
Лука,Андреев
Михаил,Сурков
Георгий,Балашов
Нина,Волкова
Всеволод,Борисов
Надежда,Панкратова
Екатерина,Бабушкина
Мия,Хомякова
Адам,Фокин
Таисия,Медведева
Мия,Родина
Леонид,Лаптев
Пётр,Седов
Валерия,Чеснокова
Кира,Афанасьева
Даниил,Раков
Кристина,Золотова
Иван,Горлов
Олеся,Дубровина
Богдан,Парамонов
Владислава,Шилова
Артур,Волков
Дарья,Гордеева
Валентина,Лукина
Виктор,Колесников
Лилия,Царева
Виктория,Майорова
Кристина,Макеева
Богдан,Федотов
Яна,Парамонова
Марат,Родионов
Богдан,Сычев
Варвара,Жарова
Степан,Казаков
Марина,Плотникова
Станислав,Дегтярев
Константин,Казаков
Диана,Зверева
Ева,Пантелеева
Ева,Кузнецова
Константин,Аксенов
Филипп,Малахов
Мия,Кононова
Тимур,Крючков
Надежда,Фирсова
Ангелина,Столярова
Гордей,Белов
Александра,Ушакова
Ярослава,Евсеева
Игорь,Хомяков
Макар,Макаров
Мария,Герасимова
Ника,Юдина
Лев,Севастьянов
Майя,Мельникова
Мария,Иванова
Екатерина,Островская
Пётр,Раков
Виктория,Киселева
Ярослава,Бурова
Георгий,Фомин
Егор,Коровин
Мария,Голикова
Руслан,Пантелеев
Роберт,Гончаров
Злата,Лопатина
Виктория,Ильина
Герман,Уваров
Елисей,Ефремов
Демид,Лобанов
Евгений,Бородин
Макар,Родионов
Илья,Павловский
Полина,Горшкова
Анна,Константинова
Наталья,Ильина
Адам,Грачев
Леонид,Майоров
Иван,Платонов
Артём,Семин
Диана,Тихомирова
Елена,Болдырева
Ева,Абрамова
Елизавета,Фадеева
Артём,Зотов
Максим,Киреев
Алёна,Овсянникова
Виктория,Полякова
Мирон,Терехов
Маргарита,Анисимова
Ангелина,Максимова
Серафима,Тихомирова
Георгий,Климов
Ирина,Давыдова
Всеволод,Кузнецов
Вероника,Позднякова
Максим,Синицын
Мила,Фирсова
Савва,Винокуров
Глеб,Сафонов
Яна,Шилова
Роман,Евсеев
Филипп,Лыков
Валерия,Агафонова
Елизавета,Ситникова
Олеся,Королькова
Никита,Романов
Екатерина,Савельева
Александра,Масленникова
Нина,Серебрякова
Ульяна,Терентьева
Ангелина,Малышева
Тимофей,Ситников
Артём,Захаров
Пётр,Акимов
Вера,Ткачева
Валерий,Сафонов
Лилия,Филиппова
Серафима,Воронова
Ярослава,Кириллова
Зоя,Анисимова
Яна,Бычкова
Юрий,Белов
Ульяна,Кудрявцева
Алина,Пименова
Зоя,Синицына
Нина,Кузина
Николай,Шувалов
Злата,Фадеева
Арсений,Лаптев
Арина,Булгакова
Марк,Исаев
Константин,Никитин
Мария,Горюнова
Марат,Степанов
Матвей,Меркулов
Николай,Козин
Руслан,Тихомиров
Борис,Тихонов
Мирон,Аникин
Марк,Родин
Иван,Малышев
Роберт,Фетисов
Николай,Краснов
Диана,Тихонова
Николай,Касаткин
Георгий,Кочетов
Андрей,Горохов
Артём,Федосов
Мирослава,Орлова
Лилия,Голубева
Ника,Жукова
Савелий,Еремин
Борис,Аникин
Егор,Большаков
Лилия,Владимирова
Артемий,Князев
Георгий,Михеев
Богдан,Зорин
Платон,Ткачев
Лев,Горбачев
Таисия,Ситникова
Ника,Полякова
Фёдор,Ермолов
Захар,Мартынов
Анастасия,Мальцева
Карина,Мешкова
Злата,Корнилова
Екатерина,Агеева
Леонид,Козырев
Елизавета,Пименова
Дарья,Горячева
Фёдор,Курочкин
Дмитрий,Гончаров
Лидия,Алехина
Валентина,Хохлова
Даниил,Рудаков
Сергей,Троицкий
Пётр,Емельянов
Ульяна,Агапова
Никита,Рогов
Савелий,Мешков
Степан,Ермолов
Дмитрий,Пирогов
Кирилл,Зверев
Арсений,Кулагин
Леонид,Корнеев
Елизавета,Голикова
Милана,Богданова
Марина,Быкова
Анна,Зотова
Диана,Котова
Ангелина,Кузина
Платон,Королев
Евгения,Никольская
Ян,Винокуров
Адам,Седов
Анастасия,Ермолаева
Валерия,Лопатина
Ярослав,Зорин
Илья,Литвинов
Юлия,Вешнякова
Елисей,Казаков
Варвара,Масленникова
Зоя,Козлова
Павел,Шевелев
Захар,Круглов
Артур,Прохоров
Злата,Терентьева
Дарья,Гущина
Тимофей,Крючков
Павел,Гладков
Фёдор,Минаев
Марина,Карпова
Владимир,Губанов
Глеб,Никифоров
Олеся,Елизарова
Богдан,Дубровин
Анастасия,Белкина
Владимир,Титов
Дарина,Короткова
Роман,Митрофанов
Серафим,Третьяков
Илья,Петровский
Владимир,Корнилов
Серафима,Журавлева
Станислав,Леонов
Иван,Иванов
Сергей,Фролов
Леон,Ермаков
Даниил,Скворцов
Мирон,Парамонов
Маргарита,Аксенова
Роман,Поздняков
Денис,Лебедев
Николай,Покровский
Мирослава,Гусева
Василиса,Кольцова
Григорий,Ефремов
Андрей,Шубин
Владислав,Ильинский
Милана,Емельянова
Андрей,Барсуков
Ярослав,Терентьев
Леон,Золотов
Ксения,Лазарева
Арсений,Блинов
Мирон,Шубин
Захар,Ширяев
Михаил,Мухин
Ирина,Архипова
Никита,Лаптев
Макар,Волков
Олеся,Спиридонова
Борис,Колесов
Дарья,Козловская
Даниил,Окулов
Савелий,Алешин
Лидия,Полякова
Борис,Софронов
Олег,Меркулов
Пётр,Прокофьев
Сергей,Гаврилов
Николай,Васильев
Зоя,Черняева
Савва,Кудрявцев
Ксения,Шишкина
Тихон,Шапошников
Богдан,Коротков
Валерия,Сафонова
Николай,Свиридов
Матвей,Свешников
Полина,Черкасова
Лука,Петухов
Дмитрий,Еремин
Андрей,Греков
Анна,Горшкова
Милана,Сальникова
Вадим,Малахов
Александра,Сизова
Ангелина,Крылова
Роберт,Бобров
Юрий,Родин
Ян,Павлов
Маргарита,Одинцова
Матвей,Петухов
Елена,Яковлева
Лилия,Чернова
Варвара,Малышева
Станислав,Федоров
Никита,Артамонов
Вячеслав,Леонов
Герман,Молчанов
Мирослав,Абрамов
Илья,Воронков
Юрий,Астафьев
София,Сидорова
Елена,Козловская
Евгения,Зорина
Никита,Богданов
Вероника,Лебедева
Ольга,Гордеева
Алексей,Бочаров
Марат,Ларионов
Надежда,Демина
Семён,Троицкий
Фёдор,Лопатин
Мирон,Антипов
Валерий,Артамонов
Алексей,Третьяков
Таисия,Крюкова
Савелий,Никольский
Марина,Прокофьева
Ольга,Пугачева
Максим,Федоров
Мия,Гуляева
Евгений,Ермолов
Нина,Латышева
Таисия,Кононова
Лилия,Муравьева
Алексей,Виноградов
Леонид,Корнев
Карина,Булгакова
Иван,Филатов
Гордей,Жуков
Анна,Безрукова
Гордей,Калинин
Валерий,Акимов
Елена,Березина
Валерия,Давыдова
Тимофей,Плотников
Тимур,Черных
Анна,Русанова
Святослав,Седов
Платон,Быков
Тихон,Маркин
Иван,Муравьев
Василиса,Ефимова
Василиса,Воронцова
Лилия,Шевелева
Арина,Голикова
Надежда,Любимова
Алина,Богомолова
Валентина,Матвеева
Екатерина,Потапова
Ева,Пименова
Захар,Золотарев
Мирон,Балашов
Любовь,Кузина
Василий,Носов
Филипп,Волков
Адам,Рябинин
Максим,Лыков
Анатолий,Копылов
Денис,Туманов
Тимур,Лукьянов
Александр,Орлов
Мирослав,Балашов
София,Мельникова
Екатерина,Князева
Артём,Бессонов
Владислава,Макарова
Михаил,Долгов
Мия,Савина
Мирослава,Малахова
Михаил,Львов
Валентина,Климова
Макар,Шульгин
Демид,Панков
Анастасия,Курочкина
Роберт,Рубцов
Серафим,Фирсов
Арина,Мартынова
Сергей,Никольский
Артём,Розанов
Николай,Астафьев
Арина,Шмелева
Александр,Фокин
Владислав,Фомичев
Кристина,Горюнова
Лука,Богданов
Степан,Андрианов
Артемий,Овчинников
Ульяна,Ермилова
Марина,Серова
Василий,Дементьев
Юрий,Гусев
Роман,Русанов
Владимир,Смирнов
Татьяна,Корчагина
Илья,Ефимов
Диана,Семина
Лев,Уткин
Владислав,Голиков
Демьян,Овсянников
Матвей,Трофимов
Ева,Терентьева
Николай,Марков
Арсений,Рубцов
Константин,Воронков
Маргарита,Горюнова
Нина,Егорова
Евгения,Козырева
Серафим,Волков
Павел,Минаев
Нина,Дроздова
Анна,Москвина
Алиса,Колосова
Татьяна,Громова
Кристина,Жданова
Тимур,Козлов
София,Панова
Илья,Сальников
Станислав,Галкин
Лука,Молчанов
Ирина,Дмитриева
Вероника,Митрофанова
Василиса,Севастьянова
Роман,Коршунов
Ульяна,Исаева
Илья,Платонов
Валерия,Золотарева
Мила,Давыдова
Майя,Артамонова
Елизавета,Васильева
Анастасия,Грачева
Денис,Бычков
Андрей,Савин
Савва,Чеботарев
Тимур,Суханов
Мия,Беспалова
Василий,Шаповалов
Дмитрий,Наумов
Кристина,Гущина
Кирилл,Колпаков
Олег,Касьянов
Тихон,Макеев
Марат,Иванов
Артур,Поляков
Михаил,Цветков
Станислав,Агапов
Марат,Львов
Демьян,Грибов
Павел,Соболев
Илья,Маркин
Олег,Чеботарев
Мирон,Калинин
Дмитрий,Шувалов
Тихон,Серов
Лев,Сахаров
Адам,Прохоров
Ян,Масленников
Арсений,Киселев
Степан,Баранов
Мирослава,Носова
Игорь,Усов
Антон,Шилов
Сергей,Фирсов
Анна,Калашникова
Артемий,Куликов
Ольга,Рожкова
Платон,Куприянов
Георгий,Шестаков
Василий,Уткин
Василиса,Покровская
Пётр,Дорохов
Диана,Горбунова
Ева,Елисеева
Григорий,Бочаров
Юрий,Свешников
Тимофей,Горохов
Дмитрий,Курочкин
Антонина,Быкова
Виктория,Маркина
Марк,Денисов
Степан,Крючков
Иван,Фирсов
Кристина,Голубева
Максим,Никулин
Марина,Царева
Владимир,Глебов
Родион,Балашов
Ангелина,Ермилова
Василиса,Пантелеева
Яна,Кузьмина
Александра,Успенская
Тимофей,Белоусов
Олег,Майоров
Адам,Борисов
Пётр,Вавилов
Майя,Данилова
Всеволод,Леонов
Марат,Гуляев
Ангелина,Морозова
Евгений,Суханов
Надежда,Исаева
Маргарита,Сизова
Мия,Воронина
Надежда,Рыжова
Виктория,Шилова
Анатолий,Владимиров
Александр,Русанов
Артемий,Царев
Лев,Горелов
Фёдор,Калачев
Вячеслав,Власов
Семён,Кожевников
Варвара,Иванова
Валерия,Черепанова
Светлана,Козлова
Егор,Павловский
Даниил,Бобров
Фёдор,Федосов
Святослав,Павловский
Савелий,Орехов
Вадим,Панфилов
Сергей,Поликарпов
Вадим,Дорофеев
Тихон,Козин
Юлия,Назарова
Максим,Горячев
Юрий,Романов
Виктор,Шилов
Екатерина,Ларина
Виктор,Зубов
Глеб,Овсянников
Вероника,Барсукова
Милана,Петрова
Артём,Дорофеев
Любовь,Ларионова
Марк,Мельников
Полина,Рубцова
Лука,Ефимов
Леонид,Колесов
Савва,Стариков
Вадим,Бобров
Марина,Муравьева
Артемий,Поляков
Даниил,Черкасов
Милана,Левина
Виктор,Соколов
Демьян,Никонов
Олеся,Дроздова
Станислав,Панин
Ян,Минаев
Макар,Румянцев
Юлия,Галкина
Диана,Сорокина
Семён,Левин
Василиса,Ткачева
Игорь,Мельников
Лев,Фомин
Елена,Корнеева
Илья,Лавров
Таисия,Крючкова
Андрей,Герасимов
Ева,Уткина
Родион,Суханов
Тимофей,Калачев
Макар,Тихомиров
Даниил,Лобанов
Ольга,Владимирова
Вероника,Калинина
Артём,Ларионов
Татьяна,Авдеева
Дмитрий,Суханов
Савва,Чернов
Кристина,Федорова
Арина,Лаврова
Сергей,Коновалов
Василиса,Ковалева
Владислав,Яковлев
Фёдор,Тимофеев
Ангелина,Голубева
Наталья,Вдовина
Иван,Панкратов
Анастасия,Фролова
Богдан,Ефимов
Дарина,Латышева
Владимир,Уткин
Серафима,Зверева
Лев,Потапов
Ирина,Никулина
Владимир,Злобин
Василиса,Демидова
Лука,Долгов
Арина,Парамонова
Герман,Баженов
Маргарита,Зуева
Герман,Хохлов
Георгий,Анохин
Антонина,Карпова
Мила,Евдокимова
Светлана,Куприянова
Милана,Баранова
Даниил,Белоусов
Захар,Горшков
Игорь,Рябов
Максим,Носов
Маргарита,Еремина
Алиса,Косарева
Александра,Носкова
Милена,Боброва
Ева,Ткачева
Анна,Панова
Виктория,Лопатина
Таисия,Лаптева
Антонина,Агафонова
Евгений,Семин
Руслан,Горбунов
Владислав,Кольцов
Мия,Завьялова
Валерия,Вишневская
Лидия,Ларионова
Савелий,Касаткин
Матвей,Муратов
Платон,Казаков
Серафима,Куликова
Илья,Никитин
Даниил,Дьяков
Сергей,Синицын
Евгения,Моргунова
Савва,Кошелев
Тимофей,Маркелов
Тимур,Лапшин
Роман,Черных
Яков,Петров
Антон,Рогов
Платон,Шувалов
Карина,Рыжова
Владислав,Масленников
Екатерина,Маркелова
Павел,Горохов
Роберт,Лукьянов
Елисей,Макеев
Кирилл,Еремеев
Вадим,Агафонов
Диана,Попова
Дмитрий,Шапошников
Полина,Родионова
Адам,Троицкий
Любовь,Коршунова
Вячеслав,Никулин
Любовь,Петровская
Пётр,Окулов
Диана,Еремеева
Герман,Коровин
Антон,Кузнецов
Мирон,Емельянов
Василиса,Попова
Михаил,Шевелев
Матвей,Воробьев
Савва,Фетисов
Кристина,Астафьева
Вадим,Олейников
Герман,Кудряшов
Милена,Егорова
Марат,Ковалев
Мия,Попова
Тихон,Самойлов
Юрий,Кондрашов
Тимур,Суворов
Елисей,Сычев
Кристина,Кочетова
Леон,Щербаков
Ярослав,Гончаров
Марк,Беспалов
Карина,Кузнецова
Богдан,Леонов
Владимир,Высоцкий
Тимофей,Поляков
Демид,Игнатов
Роман,Никольский
Арина,Гусева
Анастасия,Ковалева
Роман,Некрасов
Вера,Покровская
Ева,Аксенова
Ольга,Авдеева
Ирина,Золотова
Юлия,Малахова
Зоя,Голубева
Олеся,Павлова
Николай,Кудрявцев
Никита,Лукьянов
Екатерина,Корнилова
Валерий,Хромов
Валерий,Горбунов
Вячеслав,Кузьмин
Зоя,Филимонова
Светлана,Трофимова
Ян,Анисимов
Владислав,Селиванов
Егор,Спиридонов
Кирилл,Ушаков
Ярослава,Елисеева
Ангелина,Черная
Тимур,Старостин
Милана,Долгова
Иван,Громов
Кира,Рудакова
Варвара,Панкратова
Платон,Степанов
Иван,Балашов
Маргарита,Овсянникова
Екатерина,Воронкова
Дарья,Калугина
Таисия,Астафьева
Ярослав,Панфилов
Варвара,Пирогова
Алиса,Исакова
Руслан,Минаев
Ангелина,Пантелеева
Мия,Касьянова
Григорий,Третьяков
Михаил,Алексеев
Дарья,Верещагина
Андрей,Панин
Фёдор,Морозов
Максим,Новиков
Святослав,Савельев
Игорь,Рогов
Артемий,Федоров
Елизавета,Крючкова
Захар,Мельников
Зоя,Маркелова
Макар,Матвеев
Ярослава,Яковлева
Карина,Высоцкая
Елена,Дорохова
Серафима,Самсонова
Игорь,Сурков
Валерий,Кондратьев
Адам,Рябов
Варвара,Смирнова
Мария,Дорохова
Мия,Львова
Майя,Злобина
Антон,Лосев
Максим,Кулешов
Константин,Шубин
Кристина,Демьянова
Ярослав,Свешников
Святослав,Олейников
Майя,Федорова
Карина,Панфилова
Демьян,Панкратов
Захар,Кочетков
Мирослава,Емельянова
Ольга,Свиридова
Ярослав,Уткин
Никита,Долгов
Илья,Горлов
Богдан,Лаврентьев
Владислав,Жданов
Анна,Бондарева
Артур,Еремин
Ева,Суханова
Фёдор,Воронин
Зоя,Панина
Александра,Комиссарова
Роберт,Троицкий
Глеб,Климов
Диана,Безрукова
Михаил,Агапов
Матвей,Худяков
Артемий,Крылов
Наталья,Панфилова
Алиса,Злобина
Савелий,Панков
Антон,Минин
Мирослав,Гаврилов
Арсений,Пастухов
Маргарита,Федорова
Кира,Мешкова
Руслан,Фирсов
Илья,Прокофьев
Платон,Астахов
Матвей,Платонов
Леонид,Раков
Савелий,Ларионов
Екатерина,Воронова
Маргарита,Русанова
Владимир,Сидоров
Виктор,Ежов
Светлана,Севастьянова
Юлия,Усова
Зоя,Мельникова
Артём,Козловский
Таисия,Кузьмина
Герман,Туманов
Татьяна,Горохова
Майя,Сальникова
Мария,Клюева
Варвара,Казанцева
Тимофей,Шевцов
Серафим,Исаев
Александр,Черкасов
Лев,Сурков
Родион,Черепанов
Максим,Агафонов
Ольга,Муратова
Тимофей,Звягинцев
Леонид,Лопатин
Анатолий,Мельников
Станислав,Воронин
Платон,Евдокимов
Матвей,Кукушкин
Кира,Баженова
Анна,Меркулова
Глеб,Игнатьев
Зоя,Чернышева
Владислава,Быкова
Семён,Ткачев
Георгий,Малахов
Константин,Черепанов
Алексей,Жаров
Диана,Богданова
Валерий,Кононов
Николай,Герасимов
Кира,Агафонова
Марк,Медведев
Дмитрий,Волошин
Лилия,Нестерова
Лидия,Анохина
Елизавета,Сотникова
Елена,Круглова
Елена,Федорова
Андрей,Руднев
Сергей,Тимофеев
Серафим,Верещагин
Макар,Дементьев
Семён,Молчанов
Герман,Зиновьев
Кристина,Корнева
Мия,Серебрякова
Иван,Архипов
Серафима,Ежова
Карина,Пономарева
Злата,Блохина
Анастасия,Мещерякова
Ирина,Безрукова
Макар,Прохоров
Фёдор,Коршунов
Богдан,Бессонов
Екатерина,Овсянникова
Любовь,Воронова
Серафима,Тихонова
Татьяна,Калмыкова
Роман,Кондрашов
Станислав,Пименов
Мирослав,Высоцкий
Кристина,Авдеева
Тихон,Колесов
Анна,Рожкова
Никита,Пантелеев
Глеб,Басов
Ева,Тихонова
Анастасия,Кондратьева
Елисей,Федоров
Лука,Скворцов
Кира,Степанова
Вероника,Сухова
Алиса,Овсянникова
Фёдор,Абрамов
Алиса,Семина
Марк,Измайлов
Лев,Колесов
Алексей,Демидов
Евгения,Терехова
Степан,Булатов
Вадим,Белов
Кира,Молчанова
Вера,Исакова
Майя,Фокина
Вероника,Копылова
Валерий,Титов
Виктор,Горбачев
Григорий,Морозов
Милана,Уварова
Дмитрий,Соловьев
Георгий,Жаров
Адам,Жданов
Григорий,Голиков
Тихон,Назаров
Светлана,Демина
Олег,Трофимов
Антон,Мартынов
Савелий,Борисов
Глеб,Носков
Лилия,Спиридонова
Дарья,Никулина
Григорий,Беляков
Евгения,Леонова
Олег,Бессонов
Макар,Моргунов
Алиса,Комиссарова
Филипп,Дубровин
Кира,Рыбакова
Дарина,Галкина
Алёна,Латышева
Савелий,Круглов
Святослав,Маркелов
Лидия,Киселева
Святослав,Максимов
Евгения,Дорохова
Леонид,Борисов
Сергей,Голубев
Вадим,Лапшин
Елизавета,Кошелева
Алиса,Озерова
Анастасия,Кулагина
Богдан,Калачев
Кирилл,Минаев
Андрей,Калашников
Марат,Лосев
Владислава,Иванова
Василиса,Котова
Антонина,Рыжова
Яков,Борисов
Зоя,Львова
Милана,Беспалова
Ярослав,Константинов
Татьяна,Акимова
Александра,Ермолаева
Георгий,Большаков
Алина,Толкачева
Вера,Ерофеева
Лев,Кудряшов
Егор,Данилов
Кира,Ершова
Савва,Литвинов
Артём,Богомолов
Татьяна,Трошина
Кирилл,Новиков
Василиса,Яковлева
Дмитрий,Фокин
Савелий,Басов
Ника,Гладкова
Вадим,Еремеев
Роман,Болдырев
Ева,Сомова
Ангелина,Дубинина
Ульяна,Воронкова
Антон,Носков
Павел,Шилов
Егор,Юдин
Лука,Медведев
Роман,Мещеряков
Кирилл,Чижов
Ульяна,Трифонова
Григорий,Сычев
Екатерина,Кузьмина
Артур,Аксенов
Борис,Буров
Роберт,Андреев
Светлана,Кулакова
Даниил,Орлов
Вячеслав,Минаев
Елизавета,Звягинцева
Нина,Казанцева
Маргарита,Нечаева
Яков,Дементьев
Арсений,Федосов
Леонид,Вешняков
Таисия,Агапова
Роман,Карпов
Матвей,Мартынов
Мия,Моргунова
Ярослав,Румянцев
Антон,Усов
Марк,Белкин
Яна,Долгова
Маргарита,Моисеева
Матвей,Дроздов
Савва,Рыжов
Таисия,Куприянова
Святослав,Капустин
Владимир,Чистяков
Демьян,Матвеев
Евгения,Белкина
Карина,Зимина
Олег,Демьянов
Лилия,Логинова
Алиса,Краснова
Михаил,Свешников
Богдан,Юдин
Лидия,Малинина
Ника,Мальцева
Василиса,Алешина
Варвара,Егорова
Андрей,Зиновьев
Александра,Шмелева
Марина,Гордеева
Арсений,Чесноков
Марк,Малинин
Лев,Барсуков
Демьян,Абрамов
Милана,Дружинина
Ярослав,Болдырев
София,Черняева
Алина,Зимина
Серафим,Спиридонов
Алёна,Казакова
Елена,Дружинина
Герман,Корнев
София,Семина
Кирилл,Буров
Платон,Лыков
Мирослава,Давыдова
Матвей,Рудаков
Николай,Пастухов
Екатерина,Бурова
Михаил,Озеров
Захар,Пименов
Тимур,Наумов
София,Трофимова
Николай,Мельников
Алексей,Терентьев
Вера,Федосеева
Гордей,Соловьев
Юрий,Воронин
Кристина,Чистякова
Лилия,Кузьмина
София,Петухова
Мия,Позднякова
Олеся,Горохова
Платон,Белкин
Матвей,Семенов
Александра,Зубкова
Марат,Крюков
Лидия,Горохова
Вячеслав,Постников
Савва,Кононов
Дмитрий,Савельев
Родион,Воронков
Алёна,Литвинова
Игорь,Гаврилов
Адам,Краснов
Андрей,Седов
Мирослав,Ермолаев
Никита,Лобанов
Виктор,Булатов
Савва,Логинов
Вера,Мешкова
Серафим,Титов
Никита,Кулагин
Диана,Судакова
Кира,Уткина
Леонид,Суворов
Тихон,Соловьев
Тимур,Латышев
Валерия,Пугачева
Марина,Шаповалова
Пётр,Попов
Алиса,Мухина
Ксения,Кочеткова
Сергей,Кошелев
Марат,Голубев
Варвара,Тимофеева
Гордей,Панфилов
Станислав,Рогов
Диана,Вдовина
Нина,Минина
Ангелина,Севастьянова
Ульяна,Дубинина
Владислав,Вавилов
Фёдор,Молчанов
Ирина,Корнеева
Елисей,Астафьев
Ева,Голикова
Евгения,Евдокимова
Святослав,Царев
Иван,Касьянов
Тимофей,Сотников
Дарья,Мещерякова
Ярослав,Ильин
Денис,Бобров
Адам,Соколов
Евгения,Комиссарова
Алёна,Семина
Яна,Бессонова
Светлана,Моргунова
Степан,Беликов
Платон,Дроздов
Марат,Булгаков
Татьяна,Родионова
Ольга,Вешнякова
Маргарита,Симонова
Ангелина,Звягинцева
Демид,Афанасьев
Артемий,Березин
Леон,Синицын
Вадим,Шилов
Степан,Исаков
Полина,Худякова
Ольга,Царева
Алёна,Бурова
Илья,Титов
Олеся,Зубкова
Вероника,Бурова
Милана,Агапова
Маргарита,Лосева
Виктор,Котов
Ксения,Архипова
Гордей,Федосов
Вероника,Харитонова
Милена,Лукьянова
Ксения,Лаврова
Михаил,Капустин
Яков,Крючков
Нина,Туманова
Виктор,Фомин
Артемий,Львов
Злата,Федосеева
Маргарита,Розанова
Мия,Максимова
Ярослава,Козловская
Константин,Терентьев
Лидия,Бочарова
Валерия,Шестакова
Серафима,Трофимова
Сергей,Сидоров
Майя,Миронова
Денис,Максимов
Савва,Королев
Яков,Чернышев
Милена,Ананьева
Елизавета,Михайлова
Павел,Постников
Макар,Селиванов
Егор,Баранов
Яна,Бочарова
Юлия,Киреева
Василий,Вдовин
Александр,Сидоров
Олег,Громов
Ева,Окулова
Захар,Ермаков
Георгий,Греков
Филипп,Копылов
Милана,Тимофеева
Ярослав,Исаев
Евгения,Юдина
Ирина,Рубцова
Василий,Третьяков
Антонина,Верещагина
Павел,Наумов
Ирина,Синицына
Георгий,Киселев
Алиса,Черепанова
София,Голованова
Виктория,Васильева
Вероника,Мальцева
Семён,Парфенов
Герман,Трофимов
Савва,Голубев
Дмитрий,Куликов
Ольга,Суханова
Александра,Лаврентьева
Роберт,Коновалов
Григорий,Ермилов
Михаил,Черкасов
Адам,Молчанов
Марат,Лебедев
Демьян,Коновалов
Ян,Лопатин
Максим,Чернов
Игорь,Сафонов
Ян,Климов
Никита,Злобин
Матвей,Михеев
Елизавета,Родина
Серафим,Кукушкин
Пётр,Малышев
Серафима,Терентьева
Вадим,Клюев
Адам,Фадеев
Юрий,Сухарев
Ирина,Чернова
Елисей,Грибов
Кристина,Хохлова
Тимур,Куликов
Лилия,Белова
Дарина,Пирогова
Анна,Литвинова
Яков,Касаткин
Фёдор,Вешняков
Всеволод,Новиков
Вадим,Федоров
Елена,Широкова
Владимир,Левин
Анастасия,Дорофеева
Лев,Раков
Милена,Воронова
Лев,Вавилов
Алёна,Бондарева
Всеволод,Константинов
Адам,Кузин
Мирослав,Судаков
Мария,Шарова
Алексей,Астафьев
Карина,Черняева
Даниил,Розанов
Ева,Олейникова
Алиса,Белякова
Илья,Воронцов
Мария,Ананьева
Вадим,Родионов
Ярослава,Кондрашова
Фёдор,Аникин
Василий,Миронов
Роберт,Кулешов
Фёдор,Кононов
Кристина,Денисова
Ирина,Богданова
Ксения,Андрианова
Леон,Евсеев
Гордей,Анохин
Богдан,Пантелеев
Арсений,Грачев
Мия,Круглова
Леонид,Кондратов
Арсений,Антонов
Вячеслав,Морозов
Тимофей,Панкратов
Андрей,Лукин
Ярослава,Чеснокова
Анастасия,Орехова
Святослав,Филиппов
Платон,Семенов
Вероника,Воробьева
София,Колесова
Савва,Ерофеев
Вера,Демидова
Елисей,Максимов
Пётр,Дегтярев
Василий,Сухарев
Марина,Балашова
Анатолий,Розанов
Ирина,Шульгина
Олег,Вавилов
Мирон,Дементьев
Андрей,Волошин
Лев,Наумов
Богдан,Овсянников
Николай,Агапов
Ксения,Калугина
Пётр,Серов
Борис,Рудаков
Виктор,Жилин
Елисей,Усов
Ульяна,Толкачева
Демид,Крылов
Демид,Прокофьев
Арина,Дубинина
Тимофей,Тихонов
Мирон,Зотов
Владимир,Черных
Артемий,Чернов
Филипп,Москвин
Константин,Чернышев
Злата,Зубкова
Фёдор,Харитонов
Антон,Бобров
Тимур,Фомин
Роман,Молчанов
Андрей,Дубинин
Вера,Успенская
Майя,Щеглова
Любовь,Агафонова
Георгий,Дьяков
Елизавета,Богомолова
Нина,Анохина
Ян,Никитин
Макар,Черных
Мирослав,Платонов
Александр,Басов
Богдан,Кондрашов
Карина,Титова
Роман,Колесов
Вадим,Бирюков
Карина,Николаева
Роберт,Копылов
Алина,Клюева
Станислав,Гаврилов
Алина,Калмыкова
Иван,Кожевников
Елена,Одинцова
Гордей,Панин
Елена,Логинова
Константин,Фокин
Денис,Белоусов
Лев,Пахомов
Борис,Новиков
Святослав,Соколов
Серафима,Тарасова
Кристина,Васильева
Адам,Андреев
Артём,Калинин
Илья,Пименов
Мария,Давыдова
Елена,Тихонова
Матвей,Злобин
Макар,Демин
Ника,Дружинина
Зоя,Грекова
Даниил,Кондратов
Демид,Фетисов
София,Уварова
Степан,Сальников
Злата,Климова
Тимофей,Ильин
Лидия,Панфилова
Владислава,Никольская
Демид,Долгов
Роберт,Кириллов
Лука,Шаров
Анатолий,Трифонов
Макар,Уткин
Артемий,Кольцов
Лев,Глухов
Серафима,Шульгина
Юлия,Чижова
Руслан,Гришин
Семён,Воронцов
София,Моргунова
Руслан,Пименов
Арина,Долгова
Руслан,Логинов
Денис,Бирюков
Захар,Андрианов
Майя,Шульгина
Василиса,Горячева
Платон,Шаповалов
Валерия,Вдовина
Марина,Кравцова
Николай,Панов
Герман,Сухов
Никита,Щукин
Матвей,Калачев
Тимофей,Горшков
Гордей,Шульгин
Владимир,Сухов
Дарина,Елизарова
Кирилл,Климов
Любовь,Звягинцева
Георгий,Бородин
Станислав,Ермолов
Гордей,Харитонов
Борис,Никонов
Савва,Воронков
Александр,Назаров
Павел,Лебедев
Глеб,Гордеев
Иван,Третьяков
Светлана,Вешнякова
Ирина,Коновалова
Тимофей,Носов
Платон,Назаров
Антонина,Осипова
Нина,Черная
Макар,Косарев
Алина,Вавилова
Алексей,Орлов
Сергей,Михайлов
Мария,Афанасьева
Владимир,Панов
Семён,Калинин
Ирина,Миронова
Михаил,Назаров
Никита,Никитин
Полина,Глебова
Олег,Сазонов
Ангелина,Ефремова
Ева,Потапова
Виктор,Богданов
Леонид,Суслов
Василиса,Белякова
Матвей,Корольков
Зоя,Киреева
Герман,Филатов
Руслан,Калашников
Максим,Кочетков
Ника,Агапова
Николай,Дьяков
Платон,Москвин
Анастасия,Винокурова
Яна,Корчагина
Николай,Кравцов
Злата,Родина
Леон,Никулин
Святослав,Князев
Демьян,Гордеев
Мария,Панкова
Алёна,Нефедова
Василий,Постников
Андрей,Коротков
Мия,Сухова
Григорий,Масленников
Вячеслав,Козин
Полина,Фомичева
Мия,Озерова
Платон,Завьялов
Валентина,Котова
Анна,Антонова
Владислава,Высоцкая
Серафима,Федорова
Марк,Болдырев
Надежда,Дмитриева
Нина,Софронова
Макар,Олейников
Леон,Парфенов
Георгий,Меркулов
Богдан,Агапов
Даниил,Семин
Серафима,Озерова
Мирослав,Горбачев
Вера,Козловская
Богдан,Столяров
Дарина,Меркулова
Ирина,Цветкова
Наталья,Михайлова
Диана,Агафонова
Яна,Третьякова
Артемий,Новиков
Артур,Глухов
Георгий,Лапин
Кирилл,Демин
Фёдор,Греков
Пётр,Агапов
Анастасия,Сальникова
Марк,Суханов
Алёна,Балашова
Валерия,Шубина
Ника,Старостина
Зоя,Казакова
Марина,Глухова
Владислав,Ковалев
Екатерина,Емельянова
Злата,Пирогова
Валерия,Меркулова
Вячеслав,Носов
Степан,Суворов
Николай,Кочергин
Елена,Шилова
Николай,Поликарпов
Мирослава,Калачева
Василий,Ковалев
Леонид,Кондрашов
Карина,Старикова
Милена,Елисеева
Егор,Щеглов
Никита,Губанов
Валерия,Семина
Ульяна,Сергеева
Ярослав,Баранов
Кирилл,Савин
Николай,Сергеев
Екатерина,Журавлева
Ярослав,Колесников
Макар,Воронцов
Пётр,Кононов
Мария,Кольцова
Василиса,Зубова
Богдан,Воронов
Серафим,Емельянов
Кристина,Гусева
Егор,Дьяков
Илья,Зайцев
Игорь,Соловьев
Маргарита,Кондрашова
Ольга,Филиппова
Мия,Карташова
Виктория,Савельева
Артём,Белкин
Георгий,Куликов
Владимир,Волошин
Мирослав,Ермилов
Фёдор,Ковалев
Александр,Кондратьев
Демид,Смирнов
Ольга,Вдовина
Полина,Комарова
Роман,Шапошников
Савелий,Русанов
Яков,Савельев
Нина,Скворцова
Артём,Вишневский
Анастасия,Игнатова
Павел,Павловский
Вероника,Еремеева
Станислав,Козловский
Лука,Сомов
Нина,Евсеева
Кристина,Беспалова
Мирослав,Киреев
Леонид,Поликарпов
Милана,Серебрякова
Мария,Петухова
Ярослава,Кулагина
Марина,Молчанова
София,Волкова
Георгий,Воронцов
Ника,Горюнова
Ника,Назарова
Марк,Окулов
Руслан,Демидов
Татьяна,Короткова
Екатерина,Денисова
Маргарита,Воробьева
Наталья,Зиновьева
Вера,Синицына
Никита,Алешин
Богдан,Денисов
Роберт,Казанцев
Игорь,Гордеев
Валерия,Дружинина
Владимир,Лукин
Зоя,Рожкова
Артём,Казаков
Юрий,Михеев
Матвей,Грачев
Юлия,Гаврилова
Антон,Измайлов
Арсений,Дьяков
Алиса,Родионова
Матвей,Быков
Милена,Горбунова
Гордей,Корнеев
Леон,Кондрашов
Георгий,Гущин
Екатерина,Калинина
Мирон,Миронов
Дарина,Корчагина
Антон,Жуков
Кристина,Кочеткова
Егор,Дубов
Кристина,Воробьева
Полина,Андрианова
Виктор,Дубровин
Михаил,Севастьянов
Владислава,Малышева
Юлия,Щукина
Варвара,Вешнякова
Никита,Овсянников
Марина,Лаптева
Мирослав,Щукин
Нина,Дегтярева
Александр,Евдокимов
Пётр,Евдокимов
Андрей,Кононов
Антонина,Моргунова
Мила,Мешкова
Григорий,Леонов
Мия,Кулешова
Злата,Широкова
Арсений,Шмелев
Ангелина,Михеева
Яков,Пономарев
Алексей,Вишневский
Милена,Корнеева
Богдан,Сазонов
Арина,Антипова
Вадим,Воронков
Мия,Комиссарова
Всеволод,Некрасов
Тимофей,Козловский
Вячеслав,Горелов
Леонид,Ананьев
Савелий,Лаптев
Леон,Михеев
Алексей,Коротков
Ольга,Муравьева
Ангелина,Блинова
Гордей,Серов
Фёдор,Булгаков
Любовь,Рыбакова
Варвара,Кудрявцева
Владимир,Майоров
Анастасия,Ширяева
Гордей,Ежов
Егор,Судаков
Алиса,Моисеева
Ярослава,Исакова
Фёдор,Блохин
Серафима,Леонова
Зоя,Спиридонова
Василиса,Артамонова
Богдан,Филатов
Иван,Филимонов
Елена,Моисеева
Леон,Исаков
Пётр,Гаврилов
Адам,Лопатин
Виктория,Туманова
Семён,Казанцев
Святослав,Литвинов
Роман,Елизаров
Майя,Сычева
Захар,Дмитриев
Юрий,Черный
Алёна,Князева
Макар,Мухин
Святослав,Плотников
Карина,Мельникова
Родион,Большаков
Николай,Сахаров
Ульяна,Устинова
Иван,Глебов
Кира,Никонова
Карина,Никонова
Светлана,Булгакова
Любовь,Ковалева
Екатерина,Туманова
Ольга,Назарова
Юрий,Королев
Филипп,Петухов
Вера,Ларина
Георгий,Калмыков
Кирилл,Глушков
Григорий,Журавлев
Егор,Корнилов
Марина,Горюнова
Игорь,Моргунов
Андрей,Иванов
Степан,Кочетов
Демид,Лукьянов
Ева,Коновалова
Ульяна,Чеснокова
Ника,Горшкова
Вера,Дроздова
Кирилл,Троицкий
Степан,Панов
Фёдор,Мещеряков
Вячеслав,Рыбаков
Филипп,Чижов
Антон,Кузьмин
Нина,Дорохова
Ирина,Суханова
Владислав,Сотников
Вячеслав,Зуев
Владимир,Князев
Платон,Кошелев
Ярослав,Антипов
Лука,Никонов
Богдан,Руднев
Варвара,Трошина
Вера,Воронкова
Александра,Свешникова
Марк,Зотов
Зоя,Панкова
Александр,Худяков
Ирина,Лукина
Константин,Титов
Дарина,Рогова
Марк,Демин
Филипп,Федосов
Светлана,Верещагина
Олег,Гордеев
Семён,Фетисов
Мирослав,Латышев
Елизавета,Кравцова
Ульяна,Андрианова
Станислав,Зыков
Татьяна,Карташова
Арина,Кузина
Арина,Прокофьева
Кирилл,Сидоров
Павел,Авдеев
Даниил,Серов
Лев,Нечаев
Дарья,Лапшина
Лидия,Покровская
Елена,Осипова
Василий,Тимофеев
Карина,Панова
Захар,Беспалов
Екатерина,Гончарова
Максим,Калашников
Лев,Миронов
Марк,Черепанов
Демьян,Самсонов
Василий,Захаров
Тихон,Филимонов
Антон,Толкачев
Ева,Ермолова
Мирон,Мешков
Руслан,Зубов
Милана,Успенская
Степан,Вишневский
Никита,Булатов
Валентина,Абрамова
Валерий,Рубцов
Глеб,Блинов
Кирилл,Цветков
Мила,Львова
Тимофей,Шульгин
Татьяна,Давыдова
София,Панкратова
Вячеслав,Дорофеев
Николай,Зотов
Диана,Уварова
Анатолий,Чистяков
Леонид,Фирсов
Николай,Капустин
Ян,Семенов
Гордей,Савин
Тимур,Сизов
Зоя,Мещерякова
Демид,Зубков
Артемий,Терехов
Леонид,Голованов
Арина,Новикова
Милена,Лапина
Руслан,Воронцов
Милана,Карташова
Виктор,Зверев
Надежда,Ежова
Александр,Родин
Ангелина,Моргунова
Ярослава,Устинова
София,Осипова
Ярослав,Бородин
Дмитрий,Гладков
Павел,Глухов
Олеся,Рудакова
Виктор,Пименов
Ярослава,Дементьева
Юрий,Косарев
Кристина,Белкина
Фёдор,Кольцов
Лука,Мухин
Антон,Семенов
Лука,Балашов
Артём,Самойлов
Никита,Кочергин
Дарина,Голубева
Тихон,Майоров
Наталья,Ракова
Вера,Касьянова
Ольга,Ермакова
Леонид,Зыков
Александра,Комарова
Георгий,Долгов
Кира,Серова
Ярослава,Макеева
Юлия,Моисеева
Елисей,Борисов
Пётр,Розанов
Виктор,Судаков
Дмитрий,Лапшин
Григорий,Горюнов
Тихон,Пастухов
Вадим,Жаров
Мария,Шевелева
Юрий,Ермаков
Майя,Кузина
Марина,Хомякова
Святослав,Высоцкий
Фёдор,Березин
Игорь,Киреев
Олег,Ларионов
Елена,Уварова
Артём,Коровин
Нина,Елисеева
Денис,Петухов
Светлана,Уткина
Ян,Антонов
Тимофей,Басов
Виктория,Тарасова
Лидия,Калашникова
Артур,Хомяков
Антонина,Мешкова
Елизавета,Львова
Анастасия,Краснова
Дмитрий,Дубов
Алина,Яшина
Ксения,Юдина
Леонид,Емельянов
Александра,Романова
Светлана,Андреева
Евгения,Комарова
Роман,Лавров
Григорий,Филиппов
Валерия,Семенова
Виктория,Демина
Ярослав,Мельников
Олег,Лукин
Михаил,Зотов
Виктор,Харитонов
Вадим,Константинов
Андрей,Воронин
Карина,Самсонова
Максим,Рыжов
Валерия,Москвина
Всеволод,Голубев
Варвара,Лапшина
Захар,Юдин
Дарина,Никулина
Никита,Морозов
Степан,Горохов
Ева,Костина
Карина,Чеботарева
Наталья,Сафонова
Виктор,Карасев
Мила,Ушакова
Антонина,Литвинова
Татьяна,Лаврентьева
Мила,Бирюкова
Станислав,Самсонов
Виктория,Филимонова
Ульяна,Калашникова
Ярослава,Зыкова
Дмитрий,Кочергин
Роберт,Власов
Александра,Курочкина
Вера,Скворцова
Мила,Андрианова
Павел,Астахов
Савва,Бычков
Наталья,Черепанова
Савелий,Андреев
Ольга,Филатова
Ярослава,Маркина
Лука,Воронцов
Вадим,Чернышев
Семён,Пастухов
Ольга,Виноградова
Артур,Софронов
Яна,Селиванова
Вячеслав,Серов
Карина,Игнатьева
Пётр,Фирсов
Диана,Филиппова
Кирилл,Ермилов
Степан,Горелов
Полина,Румянцева
Герман,Царев
Лидия,Тимофеева
Ульяна,Звягинцева
Вероника,Фадеева
Екатерина,Ершова
Кирилл,Гончаров
Мила,Астахова
Наталья,Юдина
Василиса,Гурова
Карина,Грибова
Ульяна,Макеева
Арсений,Буров
Елизавета,Александрова
Милана,Жилина
Герман,Пугачев
Григорий,Астафьев
Мирослава,Киселева
Злата,Исаева
Елена,Овчинникова
Илья,Майоров
Илья,Сахаров
Василий,Зиновьев
Виктория,Лазарева
Алиса,Черкасова
Наталья,Емельянова
Алиса,Королькова
Вячеслав,Нефедов
Григорий,Родин
Арсений,Толкачев
Степан,Буров
Демид,Олейников
Мария,Сотникова
Светлана,Суслова
Станислав,Пугачев
Станислав,Ананьев
Ника,Щербакова
Савва,Семенов
Олег,Давыдов
Лука,Белкин
София,Свиридова
Андрей,Смирнов
Дмитрий,Вавилов
Таисия,Петровская
Мила,Литвинова
Елисей,Нестеров
Анастасия,Барсукова
Диана,Костина
Ярослав,Кондратов
Василиса,Герасимова
Яков,Высоцкий
Екатерина,Беспалова
Богдан,Сизов
Ева,Филатова
Зоя,Субботина
Алёна,Шмелева
Нина,Герасимова
Павел,Астафьев
Ян,Лазарев
Ульяна,Еремеева
Валерия,Никулина
Егор,Ефимов
Елена,Архипова
Елисей,Ларин
Вера,Голубева
Варвара,Дорохова
Василиса,Ефремова
Лидия,Гаврилова
Марат,Безруков
Арина,Сухарева
Леонид,Голубев
Павел,Коровин
Артём,Рябов
Марина,Егорова
Святослав,Рыбаков
Елисей,Прокофьев
Марк,Пантелеев
Леонид,Петров
Майя,Зеленина
Лилия,Пантелеева
Мирослава,Зорина
Ульяна,Руднева
Артур,Белкин
Лев,Никольский
Матвей,Русанов
Дмитрий,Федоров
Захар,Лукьянов
Филипп,Яковлев
Кристина,Орехова
Яков,Руднев
Демид,Любимов
Всеволод,Аксенов
Артур,Ушаков
Ульяна,Голикова
Платон,Греков
Елисей,Литвинов
Артём,Кудрявцев
Лев,Терентьев
Леон,Верещагин
Даниил,Михеев
Глеб,Березин
Артур,Бородин
Максим,Спиридонов
Елисей,Львов
Лилия,Анисимова
Захар,Петровский
Герман,Ефимов
Ольга,Пирогова
Серафима,Зубова
Валерий,Дмитриев
Евгений,Горелов
Леонид,Григорьев
Ева,Козловская
Майя,Логинова
Макар,Калмыков
Полина,Архипова
Любовь,Львова
Святослав,Иванов
Анна,Горлова
Сергей,Завьялов
Ульяна,Пугачева
Екатерина,Бондарева
Юлия,Платонова
Даниил,Дмитриев
Виктория,Быкова
Ольга,Агапова
Милана,Позднякова
Ева,Сахарова
Милена,Плотникова
Кирилл,Захаров
Майя,Козырева
Михаил,Горшков
Валентина,Мартынова
Яна,Озерова
Диана,Колесова
Виктор,Селиванов
Диана,Степанова
Иван,Серебряков
Дмитрий,Круглов
Милена,Кондрашова
Пётр,Щеглов
Савелий,Антонов
Даниил,Тарасов
Лев,Астафьев
Мирон,Хомяков
Кира,Демидова
Карина,Исакова
Ярослав,Гладков
Вера,Жукова
Даниил,Сухарев
Мирослава,Одинцова
Екатерина,Маслова
Марина,Горохова
Ульяна,Лапина
Алина,Колпакова
Глеб,Кудряшов
Вера,Ширяева
Ульяна,Болдырева
Олеся,Снегирева
Анатолий,Уткин
Виктор,Тарасов
Серафима,Старостина
Диана,Голубева
Демид,Фролов
Андрей,Новиков
Владислав,Пирогов
Матвей,Ильин
Ксения,Зубова
Фёдор,Федосеев
Матвей,Мешков
Тимур,Соболев
Таисия,Токарева
Мария,Логинова
Диана,Рыжова
Глеб,Фирсов
Ева,Комиссарова
Яна,Рябинина
Василий,Шишкин
Артём,Черный
Захар,Калинин
Егор,Тихомиров
Владислава,Миронова
Майя,Нефедова
Виктор,Беляев
Варвара,Фирсова
Арсений,Бобров
Ева,Блохина
Мирон,Горшков
Владислав,Пугачев
Олег,Ермилов
Ева,Селиванова
София,Миронова
Станислав,Авдеев
Андрей,Кошелев
Яна,Балашова
Вероника,Кузина
Василиса,Маркова
Василиса,Чижова
Макар,Ермолов
Ульяна,Глебова
Роман,Горюнов
Всеволод,Бирюков
Диана,Вешнякова
Арина,Седова
Савелий,Ефимов
Ярослава,Селезнева
Виктор,Орлов
Ксения,Басова
Николай,Зубков
Ярослав,Гущин
Леонид,Савельев
Евгений,Баженов
Елена,Хомякова
Мария,Швецова
Вероника,Герасимова
Таисия,Рожкова
Анастасия,Овчинникова
Олег,Князев
Валерия,Малышева
Гордей,Овчинников
Герман,Лобанов
Леон,Елизаров
Наталья,Королева
Тимофей,Савицкий
Виктор,Никольский
Елизавета,Котова
Артём,Елизаров
Андрей,Шмелев
Мила,Сорокина
Екатерина,Шмелева
Ангелина,Кузьмина
Роман,Ершов
Диана,Малинина
Ксения,Ершова
Ульяна,Зубова
Арсений,Матвеев
Владислав,Семин
Роберт,Громов
Кирилл,Дубинин
Мия,Алешина
Карина,Зубова
Лука,Барсуков
Маргарита,Коновалова
Вера,Краснова
Кристина,Филимонова
Даниил,Воронов
Олеся,Карасева
Захар,Власов
Кирилл,Щеглов
Елена,Фомина
Юрий,Бондарев
Артём,Нестеров
Дарина,Гладкова
Сергей,Антонов
Евгения,Чернышева
Владислав,Степанов
Полина,Зыкова
Елизавета,Молчанова
Елисей,Устинов
Роман,Малышев
Мила,Богданова
Таисия,Борисова
Марат,Ермаков
Милена,Кошелева
Ангелина,Чернова
Маргарита,Плотникова
Артём,Носков
Константин,Тимофеев
Алиса,Малинина
Лев,Минаев
Андрей,Хромов
Савва,Корольков
Артемий,Панов
Роман,Игнатов
Юлия,Еремеева
Злата,Лазарева
Дарья,Федотова
Георгий,Беспалов
Филипп,Гладков
Екатерина,Минина
Кирилл,Козловский
Владимир,Шишкин
Павел,Куликов
Артём,Потапов
Григорий,Балашов
Пётр,Титов
Владислав,Игнатов
Варвара,Виноградова
Ольга,Троицкая
Елисей,Воронков
Артемий,Безруков
Вера,Комиссарова
Алина,Нечаева
Арина,Трофимова
Яков,Коновалов
Глеб,Шилов
Серафим,Козлов
Сергей,Гуров
Артемий,Королев
Яков,Смирнов
Иван,Еремеев
Платон,Измайлов
Савелий,Тарасов
Николай,Пименов
Марк,Новиков
Евгений,Панов
Лидия,Лосева
Мила,Баранова
Серафим,Ширяев
Евгений,Зорин
Вера,Басова
Филипп,Федосеев
Елисей,Балашов
Карина,Зеленина
Олег,Тихонов
Денис,Белов
Демьян,Селезнев
Владимир,Наумов
Филипп,Тимофеев
Иван,Тихонов
Любовь,Селиванова
Вадим,Муратов
Кирилл,Туманов
Артур,Горелов
Варвара,Богданова
Владислава,Безрукова
Станислав,Кондратьев
Лилия,Исакова
Георгий,Лавров
Мирослав,Худяков
Илья,Носов
Макар,Ефремов
Дарья,Сергеева
Виктор,Родионов
Елизавета,Галкина
Матвей,Петровский
Матвей,Кулагин
Мирон,Гаврилов
Вероника,Комиссарова
Полина,Ракова
Лилия,Фирсова
Роберт,Потапов
Гордей,Верещагин
Филипп,Быков
Матвей,Дубинин
Владислав,Головин
Серафима,Сычева
Иван,Латышев
Андрей,Шестаков
Герман,Кожевников
Иван,Носков
Злата,Серова
Михаил,Князев
Павел,Пугачев
Варвара,Безрукова
Кирилл,Рудаков
Серафим,Гусев
Савелий,Бобров
Ника,Трошина
Арина,Афанасьева
Василиса,Малинина
Лев,Игнатов
Тихон,Шмелев
Герман,Пименов
Елена,Павлова
Демид,Ткачев
Святослав,Акимов
Елена,Симонова
Виктория,Волошина
Михаил,Воронин
Станислав,Суслов
Руслан,Муратов
Лидия,Глебова
Филипп,Рожков
Диана,Иванова
Диана,Горшкова
Станислав,Савицкий
Артур,Степанов
Олег,Юдин
Илья,Богданов
Алиса,Кузнецова
Алексей,Панфилов
Макар,Черный
Ян,Кочетков
Семён,Игнатьев
Юрий,Макеев
Антонина,Рябова
Анастасия,Русакова
Ника,Фирсова
Вячеслав,Демин
Никита,Косарев
Екатерина,Шульгина
Никита,Карташов
Антон,Пантелеев
Платон,Никольский
Роман,Кондратов
Лука,Бобров
Таисия,Леонова
Анастасия,Спиридонова
Степан,Сурков
Денис,Фомичев
Олеся,Окулова
Степан,Лаптев
Татьяна,Елисеева
Кристина,Измайлова
Егор,Носков
Виктор,Платонов
Кирилл,Воронин
Милана,Добрынина
Фёдор,Цветков
Константин,Шишкин
Кира,Зайцева
Ольга,Скворцова
Анна,Бабушкина
Мирослава,Симонова
Владимир,Никулин
Елена,Туманова
Матвей,Федосов
Кира,Данилова
Вера,Котова
Наталья,Дорохова
Глеб,Белов
Виктория,Антипова
Юлия,Лобанова
Арсений,Зайцев
Дарья,Медведева
Варвара,Кожевникова
Святослав,Исаев
Полина,Егорова
Екатерина,Розанова
Сергей,Носков
Полина,Руднева
Богдан,Лукин
Гордей,Широков
Анастасия,Исаева
Зоя,Кравцова
Екатерина,Полякова
Родион,Кириллов
Леонид,Панов
Николай,Измайлов
Таисия,Винокурова
Максим,Малинин
Георгий,Жилин
Тихон,Евсеев
Лилия,Крылова
Нина,Жукова
Лилия,Пирогова
Юлия,Боброва
Пётр,Михеев
Кирилл,Пименов
Тимофей,Гаврилов
Антон,Савицкий
Лилия,Никифорова
Юрий,Хромов
Артём,Шмелев
Ян,Русаков
Святослав,Зайцев
Филипп,Петров
Роман,Дьяков
Дарина,Григорьева
Степан,Носов
Максим,Долгов
Евгений,Семенов
Виктория,Шмелева
Артём,Фомин
Диана,Снегирева
Ангелина,Бородина
Степан,Тихонов
Диана,Корнеева
Олег,Горшков
Степан,Поздняков
Алексей,Сомов
Кристина,Ушакова
Василий,Ананьев
Анастасия,Харитонова
Мирослава,Дубровина
Майя,Кононова
Ирина,Антипова
Елизавета,Алешина
Антонина,Прокофьева
Нина,Авдеева
Полина,Ежова
Владимир,Глушков
Елизавета,Никулина
Денис,Горшков
Дарья,Белкина
Константин,Козырев
Лилия,Константинова
Арина,Богомолова
Виктор,Зыков
Ярослава,Сизова
Тимур,Васильев
Георгий,Кольцов
Станислав,Чижов
Владислав,Ильин
Демид,Бочаров
Демид,Черкасов
Диана,Орехова
Евгения,Сальникова
Ярослава,Миронова
Яна,Булатова
Лука,Глушков
Василий,Скворцов
Глеб,Демидов
Светлана,Белкина
Святослав,Кузнецов
Роман,Емельянов
Анатолий,Федоров
Александр,Агафонов
Нина,Киселева
Мирослав,Панфилов
Павел,Панин
Сергей,Мещеряков
Диана,Осипова
Тихон,Алешин
Даниил,Ершов
Савва,Шестаков
Георгий,Степанов
Кира,Комиссарова
Алексей,Судаков
Александр,Суханов
Ольга,Тимофеева
Платон,Капустин
Павел,Орехов
Пётр,Родионов
Степан,Кожевников
Марат,Никонов
Ярослава,Звягинцева
Илья,Рябинин
Пётр,Никонов
Елизавета,Быкова
Кристина,Цветкова
Адам,Рожков
Константин,Овсянников
Кристина,Фирсова
Кристина,Беляева
Леонид,Широков
Кира,Зуева
Лев,Васильев
Лидия,Леонова
Степан,Быков
Ева,Давыдова
Глеб,Зотов
Ольга,Иванова
Артур,Раков
Елизавета,Сухова
Леонид,Розанов
Ян,Козлов
Савва,Зуев
Матвей,Кондрашов
Екатерина,Белякова
Милана,Масленникова
Надежда,Потапова
Макар,Снегирев
Никита,Капустин
Наталья,Казакова
Егор,Кондратьев
Вероника,Гущина
Даниил,Толкачев
Лидия,Воронцова
Вероника,Афанасьева
Дарья,Грачева
Маргарита,Аникина
Леон,Дроздов
Родион,Басов
Мирослава,Трошина
Владислава,Павлова
Василиса,Фадеева
Алина,Федорова
Олег,Субботин
Иван,Тимофеев
Дмитрий,Кононов
Илья,Осипов
Руслан,Назаров
Артём,Левин
Фёдор,Грибов
София,Болдырева
Юлия,Быкова
Иван,Белкин
Валерий,Львов
Святослав,Сычев
Фёдор,Андреев
Юлия,Левина
Дарья,Грекова
Яков,Волков
Алиса,Суворова
Кира,Ермолова
София,Яковлева
Дарина,Косарева
Мирослава,Меркулова
Герман,Ермолов
Илья,Рябов
Ангелина,Алешина
Гордей,Филимонов
Елисей,Филиппов
Антон,Архипов
Кирилл,Агеев
Ева,Владимирова
Ангелина,Сомова
Мирон,Вишневский
Лука,Марков
Григорий,Колпаков
Мария,Морозова
Вадим,Михеев
Таисия,Судакова
Евгений,Леонов
Марат,Скворцов
Николай,Москвин
Майя,Горелова
Игорь,Петухов
Маргарита,Румянцева
Вячеслав,Гаврилов
Борис,Греков
Адам,Тарасов
Егор,Звягинцев
Евгений,Дружинин
Валерия,Коновалова
Ульяна,Ульянова
Владислав,Беляев
Анатолий,Воробьев
Дмитрий,Аксенов
Виктория,Баженова
София,Масленникова
Екатерина,Усова
Марк,Рыбаков
Алиса,Горохова
Станислав,Широков
Марат,Захаров
Григорий,Кириллов
Артём,Сергеев
Марк,Кузин
Дмитрий,Аникин
Адам,Комаров
Тимур,Калинин
Марк,Пастухов
Екатерина,Демина
Владислава,Булгакова
Варвара,Сальникова
Александр,Орехов
Мария,Федотова
Варвара,Парфенова
Вячеслав,Горячев
Фёдор,Глухов
Артемий,Акимов
Герман,Алексеев
Антонина,Позднякова
Таисия,Жукова
Анатолий,Юдин
Анатолий,Меркулов
Антонина,Давыдова
Пётр,Князев
Карина,Чернышева
Владислава,Сотникова
Ян,Дубровин
Денис,Гладков
Демьян,Покровский
Артём,Колосов
Никита,Малинин
Анастасия,Блохина
Ирина,Худякова
Семён,Звягинцев
Елена,Лосева
Александр,Кукушкин
Роман,Высоцкий
Кира,Филимонова
Арсений,Калинин
Алёна,Некрасова
Лука,Самойлов
Святослав,Колесников
Маргарита,Калугина
Валерия,Рыжова
Герман,Дьяков
Игорь,Архипов
Маргарита,Носова
Лидия,Ерофеева
Марина,Игнатова
Ангелина,Рябова
Савелий,Яшин
Зоя,Федорова
Ангелина,Игнатьева
Олег,Белоусов
Тимофей,Федосеев
Наталья,Литвинова
Тимур,Кольцов
Ульяна,Панкова
Валерий,Старостин
Злата,Злобина
Дмитрий,Большаков
Игорь,Алешин
Ника,Трифонова
Таисия,Макарова
Платон,Волошин
Яна,Голубева
Яна,Зыкова
Артём,Зорин
Артур,Копылов
Мия,Герасимова
Всеволод,Сорокин
Лука,Верещагин
Елисей,Родионов
Дарья,Соколова
Николай,Беляев
София,Горбунова
Роберт,Соболев
Степан,Родин
Лука,Матвеев
Алёна,Титова
Полина,Горячева
Евгения,Колесникова
Диана,Маркина
Антонина,Фомичева
Мирослав,Глухов
Богдан,Авдеев
Гордей,Ильинский
Вероника,Романова
Станислав,Парамонов
Леон,Волков
Ольга,Зуева
Ян,Цветков
Александр,Левин
Василиса,Моргунова
Игорь,Васильев
Мирон,Шевелев
Кира,Селезнева
Мирослав,Кузнецов
Савелий,Пантелеев
Роман,Гришин
Кристина,Гончарова
Андрей,Рябов
Станислав,Софронов
Милена,Панкова
Полина,Щеглова
Тимофей,Прокофьев
Антонина,Ульянова
Демьян,Кудрявцев
Майя,Короткова
Станислав,Ершов
Сергей,Карпов
Константин,Симонов
Ян,Романов
Владислава,Кудрявцева
Майя,Золотарева
Мирослав,Стариков
Платон,Майоров
Алёна,Харитонова
Кирилл,Горячев
Лидия,Львова
Иван,Суслов
Илья,Курочкин
Никита,Березин
Ева,Демьянова
Платон,Соловьев
Всеволод,Воронков
Ян,Васильев
Роберт,Столяров
Антон,Голиков
Вероника,Федотова
Константин,Уваров
Ксения,Сафонова
Сергей,Дмитриев
Светлана,Королькова
Василиса,Долгова
Мила,Богомолова
Дарина,Харитонова
Полина,Пономарева
Илья,Семенов
Михаил,Емельянов
Ульяна,Пантелеева
Ксения,Селиванова
Татьяна,Овчинникова
Зоя,Кудрявцева
Богдан,Шмелев
Алексей,Зиновьев
Лука,Вишневский
Валентина,Ефимова
Вячеслав,Андреев
Олеся,Матвеева
Платон,Голованов
Яков,Жданов
Савва,Вдовин
Богдан,Зубков
Владислав,Латышев
Алексей,Тихомиров
Елена,Фадеева
Надежда,Постникова
Иван,Моисеев
Наталья,Карасева
Даниил,Савельев
Нина,Филатова
Василиса,Плотникова
Ирина,Пирогова
Савелий,Верещагин
Елизавета,Воробьева
Лука,Устинов
Даниил,Алешин
Мария,Вешнякова
Матвей,Кузьмин
Глеб,Казаков
Антон,Дроздов
Глеб,Софронов
Сергей,Орехов
Евгения,Авдеева
Антонина,Алексеева
Ксения,Трошина
Игорь,Седов
Полина,Литвинова
Алёна,Блохина
Савва,Озеров
Дмитрий,Рыжов
Владислав,Туманов
Ярослава,Богомолова
Таисия,Тимофеева
Марк,Золотарев
Ольга,Мухина
Павел,Шувалов
Злата,Ермолаева
Виктор,Селезнев
Борис,Некрасов
Максим,Бычков
Екатерина,Золотова
Гордей,Суслов
Любовь,Широкова
Ника,Белкина
Диана,Елизарова
Виктор,Белоусов
Константин,Лавров
Демид,Тарасов
Георгий,Козырев
Карина,Плотникова
Андрей,Баранов
Ирина,Свиридова
Елизавета,Меркулова
Марк,Анисимов
Павел,Усов
Филипп,Горшков
Ксения,Чижова
Савелий,Ширяев
Мила,Трифонова
Кирилл,Родин
Максим,Хохлов
Георгий,Русаков
Яков,Третьяков
Марк,Третьяков
Леонид,Цветков
Павел,Самсонов
Демид,Барсуков
Тимур,Елизаров
Тимур,Беспалов
Лидия,Куликова
Валентина,Симонова
Станислав,Соболев
Серафима,Никулина
Артемий,Лаптев
Макар,Муратов
Надежда,Кольцова
Пётр,Гордеев
Святослав,Мещеряков
Анастасия,Маркелова
Ярослав,Селиванов
Лев,Никулин
Полина,Вешнякова
Леон,Кузин
Савелий,Булатов
Арина,Сазонова
Анна,Вавилова
Вадим,Назаров
Глеб,Суворов
Любовь,Макарова
Нина,Богданова
Леонид,Минаев
Виктория,Гришина
Матвей,Круглов
Василий,Макаров
Пётр,Артамонов
Даниил,Самсонов
Пётр,Трофимов
Макар,Губанов
Матвей,Скворцов
Роман,Плотников
Игорь,Долгов
Никита,Ширяев
Марина,Астафьева
Майя,Чеснокова
Андрей,Маркелов
Тихон,Акимов
Пётр,Капустин
Фёдор,Большаков
Иван,Сазонов
Савва,Михайлов
Кирилл,Кулагин
Святослав,Матвеев
Зоя,Еремеева
Дарина,Жарова
Роман,Серебряков
Таисия,Корнилова
Вероника,Куликова
Зоя,Матвеева
Арсений,Беляков
Яна,Литвинова
Юрий,Сычев
Полина,Антипова
Таисия,Баранова
Дарья,Артемова
Денис,Евсеев
Родион,Ильинский
Никита,Корольков
Милена,Щукина
Александр,Щеглов
Макар,Ильин
Евгения,Кузина
Герман,Васильев
Яна,Болдырева
Мирослав,Маркин
Мирослава,Коршунова
Пётр,Зорин
Мирослав,Степанов
Игорь,Шувалов
Арсений,Кравцов
Ангелина,Быкова
Елизавета,Терентьева
Степан,Фокин
Захар,Воронов
Олег,Капустин
Василиса,Сухарева
Нина,Кудрявцева
Ольга,Ефимова
Маргарита,Антипова
Варвара,Ситникова
Алексей,Гладков
Кира,Маркелова
Василиса,Нефедова
Лидия,Григорьева
Савелий,Митрофанов
Анастасия,Кулакова
Мия,Михайлова
Арсений,Семин
Василий,Макеев
Майя,Грибова
Лука,Дубровин
Ника,Крылова
Олеся,Коновалова
Филипп,Ефремов
Макар,Максимов
Майя,Маслова
Леонид,Калмыков
Семён,Михеев
Макар,Котов
Савелий,Безруков
Ярослав,Маслов
Ульяна,Гуляева
Герман,Игнатьев
Антонина,Логинова
Алёна,Зиновьева
Арина,Пирогова
Вероника,Воронова
Григорий,Корчагин
Ангелина,Галкина
Иван,Парфенов
Наталья,Климова
Борис,Кузин
Филипп,Соколов
Анна,Воронкова
Вероника,Коновалова
Маргарита,Тимофеева
Вероника,Ковалева
Егор,Черняев
Полина,Колесникова
Олеся,Фадеева
Серафим,Рыжов
Руслан,Лавров
Марина,Белоусова
Тихон,Дмитриев
Юрий,Осипов
Лев,Фетисов
Святослав,Голубев
Ян,Беспалов
Ярослав,Казанцев
Елена,Касьянова
Маргарита,Самойлова
Никита,Ушаков
Надежда,Устинова
Вероника,Кудряшова
Игорь,Большаков
Светлана,Зайцева
Денис,Булгаков
Анастасия,Журавлева
Майя,Булатова
Варвара,Агеева
Евгения,Шапошникова
Алёна,Никифорова
Павел,Бирюков
Андрей,Михеев
Надежда,Лебедева
Дарина,Трифонова
Мирослава,Назарова
Дмитрий,Шестаков
Милана,Зорина
Дмитрий,Голубев
Полина,Синицына
Екатерина,Симонова
Борис,Дубов
Сергей,Елисеев
Константин,Розанов
Тимофей,Панков
Станислав,Исаев
Вадим,Кондрашов
Анатолий,Виноградов
Милана,Фетисова
Глеб,Кондратьев
Мирослава,Трофимова
Платон,Кузнецов
Вероника,Ермилова
Савелий,Пахомов
Диана,Демидова
Фёдор,Исаев
Ян,Малышев
Наталья,Рыбакова
Роберт,Тихонов
Ольга,Черная
Мия,Сальникова
София,Большакова
Варвара,Павлова
Артемий,Корнилов
Кира,Вешнякова
Елизавета,Жукова
Станислав,Родин
Таисия,Худякова
Лев,Балашов
Майя,Князева
Семён,Блохин
Герман,Калашников
Алексей,Наумов
Лидия,Лукьянова
Макар,Горшков
Евгения,Еремеева
Ксения,Дмитриева
Николай,Демидов
Алиса,Абрамова
Ульяна,Касаткина
Татьяна,Рябинина
Антон,Капустин
Ярослав,Демидов
Елисей,Савельев
Савелий,Латышев
Александр,Дорофеев
Артём,Тихомиров
Никита,Михеев
Евгения,Виноградова
Дмитрий,Стариков
Виктор,Широков
Наталья,Чернышева
Злата,Коршунова
Макар,Коротков
Денис,Малинин
Вячеслав,Константинов
Владислав,Горюнов
Демид,Павлов
Антон,Егоров
Матвей,Баженов
Светлана,Сергеева
Даниил,Дорохов
Милана,Борисова
Зоя,Афанасьева
Мила,Королева
Олеся,Никольская
Ярослав,Краснов
Родион,Баранов
Степан,Окулов
Василий,Чернышев
Анастасия,Демина
Всеволод,Кондратов
Роман,Андреев
Мирослава,Мешкова
Владимир,Яковлев
Марк,Прокофьев
Лидия,Синицына
Диана,Короткова
Татьяна,Зимина
Арина,Астахова
Леонид,Бобров
Всеволод,Алексеев
Ирина,Киселева
Дарья,Козина
Нина,Колосова
Полина,Семина
Ирина,Туманова
Тимур,Жуков
Мирослав,Леонтьев
Филипп,Герасимов
Артемий,Зайцев
Надежда,Крюкова
Олег,Гущин
Алексей,Масленников
Всеволод,Самсонов
Станислав,Костин
Богдан,Сотников
Адам,Ковалев
Валерия,Глухова
Матвей,Дмитриев
Надежда,Глухова
Валерия,Владимирова
Степан,Агафонов
Леон,Измайлов
Валерия,Котова
Александра,Самсонова
Павел,Касьянов
Андрей,Суслов
Ян,Орлов
Евгения,Судакова
Дмитрий,Потапов
Анастасия,Румянцева
Диана,Коровина
Фёдор,Зотов
Елизавета,Игнатова
Олег,Маркин
Алина,Трифонова
Георгий,Голубев
Мирон,Любимов
Алиса,Сизова
Елена,Лапшина
Лилия,Савина
Гордей,Туманов
Ян,Логинов
Ян,Синицын
Милена,Малышева
Мила,Яковлева
Ангелина,Михайлова
Вячеслав,Панков
Владислава,Панова
Алина,Карасева
Леонид,Глебов
Алексей,Дроздов
Леон,Фокин
Варвара,Панова
Семён,Нефедов
Артемий,Нестеров
Юрий,Павловский
Марк,Ларин
Ника,Львова
Егор,Антонов
Мирон,Моисеев
Арина,Федосеева
Матвей,Горбунов
Милена,Муравьева
Савелий,Золотов
Вадим,Фролов
Захар,Петухов
Денис,Бессонов
Наталья,Моисеева
Алексей,Лобанов
Ярослава,Мельникова
Карина,Леонтьева
Алёна,Золотарева
Елисей,Аникин
Елена,Терехова
Мирон,Пименов
Фёдор,Артемов
Антонина,Михеева
Роман,Руднев
Ангелина,Куликова
Пётр,Черкасов
Захар,Панкратов
Валерий,Черных
Станислав,Яшин
Лука,Антипов
Наталья,Мельникова
Сергей,Киреев
Надежда,Малышева
Лилия,Сотникова
Александр,Овчинников
Владислава,Ракова
Руслан,Ефимов
Евгений,Пастухов
Кристина,Борисова
Алина,Кузьмина
Анатолий,Елисеев
Захар,Постников
Яков,Шувалов
Яков,Панин
Вера,Ульянова
Иван,Зубков
Вероника,Болдырева
Александр,Козин
Родион,Самойлов
Богдан,Балашов
Филипп,Панов
Марина,Горбунова
Николай,Абрамов
Степан,Руднев
София,Савина
Елизавета,Владимирова
Тимофей,Безруков
Николай,Голубев
Леон,Клюев
Ангелина,Терехова
Тимур,Вешняков
Виктор,Швецов
Савелий,Фадеев
Ольга,Долгова
Леонид,Семин
Герман,Архипов
Ангелина,Бычкова
Вероника,Савельева
София,Козина
Анна,Черкасова
Евгения,Кулешова
Егор,Зимин
Герман,Князев
Семён,Басов
Нина,Пирогова
Ян,Соколов
Серафима,Шаповалова
Владислав,Клюев
Анна,Самсонова
Александра,Никонова
Татьяна,Панкратова
Фёдор,Добрынин
Арсений,Севастьянов
Родион,Титов
Алёна,Корнилова
Адам,Третьяков
Яна,Акимова
Василиса,Бочарова
Игорь,Черкасов
Елена,Агеева
Марат,Назаров
Евгений,Малахов
Игорь,Копылов
Алина,Ершова
Ян,Кононов
Сергей,Петровский
Ян,Панин
Кирилл,Колесов
Татьяна,Спиридонова
Константин,Михеев
Савва,Вавилов
Егор,Рожков
Полина,Лаптева
Елизавета,Афанасьева
Степан,Белкин
Руслан,Львов
Дмитрий,Судаков
Григорий,Платонов
Юлия,Лаврова
Макар,Вешняков
Елена,Токарева
Мирон,Николаев
Макар,Блинов
Роберт,Морозов
Артём,Еремеев
Василий,Горохов
Григорий,Долгов
Всеволод,Кузин
Ника,Алехина
Сергей,Колпаков
Сергей,Самсонов
Мирослав,Михеев
Андрей,Фролов
Владислав,Макаров
Полина,Анохина
Семён,Виноградов
Артемий,Рыбаков
Борис,Пономарев
Константин,Березин
Анастасия,Терентьева
Елизавета,Свешникова
Карина,Булатова
Захар,Трофимов
Кира,Барсукова
Кристина,Озерова
Георгий,Петухов
Ян,Овсянников
Дмитрий,Лопатин
Василиса,Балашова
Игорь,Туманов
Даниил,Пастухов
Полина,Горюнова
Демид,Кондратов
Милена,Попова
Ева,Сафонова
Вячеслав,Гусев
Владимир,Демидов
Станислав,Верещагин
Лев,Орлов
Константин,Малышев
Захар,Зиновьев
Яков,Мельников
Майя,Рябова
Борис,Шубин
Серафим,Климов
Матвей,Родин
Тимофей,Парамонов
Евгения,Сычева
Маргарита,Федосеева
Борис,Герасимов
Ярослав,Романов
Артём,Ефимов
Елизавета,Харитонова
Светлана,Терехова
Мария,Дементьева
Роберт,Киреев
Милана,Зайцева
Александра,Щукина
Алексей,Кузнецов
Никита,Вешняков
Серафима,Баженова
Наталья,Шишкина
Анатолий,Казаков
Филипп,Муравьев
Злата,Маслова
Платон,Кондратов
Ева,Леонтьева
Валерия,Воронова
Яна,Черкасова
Мия,Носкова
Константин,Бондарев
Мария,Некрасова
Тимофей,Рыжов
Ольга,Королева
Карина,Усова
Ева,Колпакова
Тихон,Кондратов
Николай,Левин
Полина,Маркова
Матвей,Терентьев
Лука,Кузьмин
Михаил,Корольков
Борис,Снегирев
Мария,Антонова
Матвей,Дорофеев
Тимур,Голубев
Майя,Зимина
Майя,Ершова
Семён,Широков
Павел,Сахаров
Тихон,Баранов
Евгений,Сергеев
Пётр,Кравцов
Борис,Карташов
Надежда,Носова
Святослав,Жуков
Адам,Русанов
Роберт,Никольский
София,Родина
Василиса,Чернышева
Адам,Ильин
Гордей,Григорьев
Диана,Щукина
Варвара,Галкина
Варвара,Пастухова
Екатерина,Кулешова
Арина,Беспалова
Павел,Матвеев
Ольга,Фролова
Дарья,Тимофеева
Макар,Зуев
Лев,Розанов
Арина,Панфилова
Никита,Демин
Захар,Поликарпов
Алёна,Ефремова
Антон,Маркелов
Любовь,Карпова
Мирослава,Уварова
Максим,Воронков
Ирина,Калугина
Александр,Сухарев
Ирина,Осипова
Игорь,Артемов
Кира,Маркина
Денис,Маркин
Варвара,Троицкая
Вероника,Щеглова
Любовь,Маркелова
Екатерина,Кукушкина
Диана,Пирогова
Тихон,Морозов
Василий,Тихонов
Арсений,Клюев
Марк,Казанцев
Дмитрий,Дружинин
Ольга,Игнатьева
Маргарита,Маркелова
Ульяна,Белова
Савелий,Шубин
Роберт,Лукин
Фёдор,Лаптев
Демид,Евсеев
Григорий,Козловский
Елена,Минина
Надежда,Винокурова
Тимофей,Троицкий
Леон,Шишкин
Дмитрий,Кукушкин
Валентина,Петрова
Максим,Столяров
Валерия,Борисова
Фёдор,Дмитриев
Вадим,Золотарев
Вера,Симонова
Милана,Михайлова
Милана,Белоусова
Вячеслав,Жуков
Фёдор,Федоров
Ярослав,Быков
Игорь,Антонов
Никита,Корнилов
Андрей,Демин
Родион,Агеев
Лев,Антипов
Артём,Мешков
Юлия,Кондрашова
Татьяна,Павлова
Станислав,Григорьев
Василиса,Москвина
Глеб,Судаков
Алина,Герасимова
Пётр,Тарасов
Марина,Безрукова
Марина,Кондратьева
Герман,Малахов
Марина,Ермолаева
Максим,Панин
Юлия,Шилова
Артемий,Демидов
Роберт,Зотов
Даниил,Быков
Алексей,Исаков
Герман,Корольков
Демид,Ситников
Ангелина,Озерова
Тимур,Безруков
Захар,Гончаров
Елизавета,Прохорова
Мария,Жилина
Ника,Борисова
Кира,Субботина
Игорь,Кондрашов
Лев,Соболев
София,Швецова
Валерия,Матвеева
Иван,Рогов
Андрей,Козловский
Ева,Жукова
Мария,Ермилова
Евгений,Никольский
Анастасия,Леонтьева
Зоя,Белова
Арина,Быкова
Кирилл,Белоусов
Павел,Алексеев
Роберт,Панов
Ева,Борисова
Юлия,Косарева
Ярослава,Хромова
Серафим,Дубов
Дарина,Панина
Лука,Панкратов
Филипп,Павловский
Владислав,Морозов
Николай,Малышев
Мирослава,Гордеева
Руслан,Андреев
Владимир,Федотов
Александр,Фомин
Григорий,Майоров
Александра,Исаева
Леонид,Абрамов
Александр,Зорин
Михаил,Рубцов
Мила,Малахова
Тихон,Михеев
Арина,Ларина
Гордей,Фокин
Макар,Рогов
Ирина,Завьялова
Кристина,Киреева
Дмитрий,Журавлев
Алёна,Шапошникова
Савва,Дмитриев
Фёдор,Титов
Вячеслав,Дьяконов
Анна,Ершова
Анастасия,Осипова
Лилия,Филимонова
Владимир,Ткачев
Кирилл,Измайлов
Максим,Курочкин
Савелий,Лапшин
Вера,Пименова
Александра,Панина
Руслан,Кукушкин
Кристина,Головина
Артур,Туманов
Александра,Лопатина
Матвей,Новиков
Ева,Соболева
Тимофей,Поликарпов
Екатерина,Устинова
Нина,Платонова
Милена,Карпова
Владислав,Журавлев
Елизавета,Краснова
Григорий,Куприянов
Ульяна,Суркова
Владислава,Литвинова
Мила,Кузьмина
Лидия,Овчинникова
Марк,Корольков
Владимир,Игнатов
Светлана,Денисова
Диана,Верещагина
Светлана,Овчинникова
Ольга,Яковлева
Станислав,Седов
Евгения,Пантелеева
Злата,Вдовина
София,Михайлова
Маргарита,Свиридова
Савелий,Дубинин
Алина,Нестерова
Таисия,Егорова
Артур,Булатов
Майя,Кулагина
Павел,Суворов
Виктор,Куприянов
Василиса,Уварова
Владислав,Пастухов
Игорь,Федоров
Антон,Еремеев
Егор,Николаев
Дарья,Дьякова
Дмитрий,Гуров
Ангелина,Прокофьева
Любовь,Судакова
Александра,Быкова
Диана,Маркова
Ольга,Кондратьева
Майя,Селиванова
Майя,Иванова
Фёдор,Волков
Юрий,Снегирев
Артур,Кондратьев
Артур,Корнеев
Серафима,Горюнова
Филипп,Кукушкин
Ника,Шапошникова
Арсений,Пономарев
Ярослава,Новикова
Филипп,Селезнев
Матвей,Никулин
Анастасия,Лосева
Николай,Кожевников
Арина,Капустина
Степан,Корнилов
Богдан,Михайлов
Егор,Снегирев
Алёна,Маслова
Андрей,Кожевников
Ульяна,Сухова
Артемий,Зуев
Варвара,Филиппова
Милана,Попова
Ника,Рябинина
Гордей,Завьялов
Майя,Матвеева
Егор,Филатов
Мирон,Носков
Надежда,Пастухова
Степан,Евсеев
Светлана,Харитонова
Юлия,Цветкова
Марк,Губанов
Виктория,Суслова
Никита,Трифонов
Марк,Голубев
Тимофей,Краснов
Матвей,Павловский
Максим,Воробьев
Игорь,Владимиров
Александра,Губанова
Дарья,Гуляева
Мирослава,Кудряшова
Иван,Румянцев
Роман,Шишкин
Тимур,Воронин
Милана,Хромова
Евгений,Третьяков
Вера,Щеглова
Алиса,Дубова
Ника,Леонова
Любовь,Дорофеева
Арсений,Демидов
Всеволод,Кожевников
Арина,Окулова
Павел,Пономарев
Макар,Шишкин
Вадим,Казаков
Владислав,Зимин
Даниил,Котов
Семён,Андрианов
Семён,Панкратов
Антонина,Беспалова
Лилия,Селиванова
Василий,Спиридонов
Лилия,Герасимова
Ярослав,Демин
Алина,Козловская
София,Маслова
Савва,Платонов
Михаил,Афанасьев
Яна,Курочкина
Вероника,Глебова
Макар,Лапшин
Егор,Винокуров
Вероника,Денисова
Карина,Маркова
Богдан,Мещеряков
Ольга,Кулагина
Матвей,Гладков
Родион,Прокофьев
Юрий,Власов
Владимир,Тарасов
Дмитрий,Никулин
Кирилл,Шувалов
Кирилл,Соболев
Всеволод,Троицкий
Григорий,Белкин
Лилия,Михеева
Злата,Дубровина
Вера,Астахова
Денис,Исаев
Марат,Комаров
Матвей,Уткин
Милена,Елизарова
Ева,Балашова
Станислав,Королев
Даниил,Елизаров
Евгения,Масленникова
София,Ермилова
Диана,Бондарева
Кира,Овчинникова
Дмитрий,Сазонов
Максим,Савин
Богдан,Герасимов
Дарья,Меркулова
Семён,Маркелов
Тихон,Демин
Зоя,Столярова
Наталья,Спиридонова
Светлана,Родионова
Филипп,Агеев
Анатолий,Степанов
Илья,Макаров
Владислав,Чижов
Тимофей,Малинин
Артур,Трофимов
Елена,Жданова
Демид,Сурков
Богдан,Николаев
Тимофей,Субботин
Даниил,Зубков
Никита,Минаев
Матвей,Лаптев
Яков,Филиппов
Станислав,Шевелев
Кирилл,Свешников
Надежда,Кошелева
Герман,Масленников
Павел,Кожевников
Михаил,Богомолов
Денис,Лобанов
Серафим,Морозов
Алексей,Филимонов
София,Шевцова
Нина,Рябова
Марина,Архипова
Роман,Демидов
Диана,Агеева
Дарья,Тихонова
Серафима,Абрамова
Наталья,Савельева
Марина,Чернова
Максим,Горшков
Вадим,Павловский
Надежда,Крылова
Илья,Назаров
Наталья,Савицкая
Егор,Болдырев
Владислав,Титов
Арсений,Казанцев
Александр,Гуров
Вячеслав,Любимов
Роман,Поляков
Вячеслав,Кузнецов
Кира,Елизарова
Таисия,Шубина
Глеб,Захаров
Арсений,Зверев
Евгения,Калинина
Милена,Киреева
Георгий,Березин
Таисия,Лаврова
Майя,Воробьева
Роберт,Нечаев
Вера,Чернова
Святослав,Поляков
Дарья,Сотникова
Родион,Кузьмин
Любовь,Сотникова
Ирина,Селезнева
Герман,Филимонов
Макар,Сычев
Екатерина,Захарова
Платон,Казанцев
Василий,Харитонов
Гордей,Долгов
Илья,Шульгин
Вадим,Козырев
Руслан,Худяков
Платон,Тимофеев
Марк,Муратов
Надежда,Ракова
Василий,Бессонов
Матвей,Леонов
Варвара,Скворцова
Ирина,Селиванова
Артур,Горлов
Богдан,Уваров
Алексей,Токарев
Алёна,Звягинцева
Роман,Щеглов
Мирослава,Уткина
Артемий,Уткин
Роман,Фадеев
Арсений,Карасев
Руслан,Антонов
Полина,Владимирова
София,Голикова
Марина,Мухина
Степан,Антонов
Павел,Карасев
Артур,Дубровин
Дарья,Одинцова
Алина,Максимова
Владислав,Ермолов
Георгий,Минин
Максим,Горбунов
Анастасия,Егорова
Игорь,Волошин
Демьян,Панов
Денис,Ковалев
Алина,Андреева
Нина,Булгакова
Савва,Зубов
Борис,Крючков
Пётр,Чумаков
Филипп,Тихомиров
Артур,Ширяев
Виктор,Журавлев
Никита,Казанцев
Ирина,Антонова
Максим,Уваров
Наталья,Маслова
Николай,Алешин
Диана,Овчинникова
Лев,Родионов
Антонина,Ильина
Дмитрий,Сычев
Юлия,Малинина
Кирилл,Карташов
Ян,Горшков
Дарья,Макеева
Владислав,Гордеев
Евгения,Панова
Яков,Хомяков
Светлана,Кузьмина
Георгий,Макаров
Константин,Юдин
Александр,Блинов
Святослав,Романов
Тимур,Горбачев
Олег,Виноградов
Матвей,Некрасов
Тихон,Лукьянов
Ярослав,Ковалев
Артур,Кононов
Валерия,Демидова
Мия,Долгова
Дмитрий,Блинов
Злата,Ульянова
Егор,Зверев
Демид,Шаповалов
Григорий,Фомичев
Степан,Рожков
Дарья,Голубева
Кристина,Маркова
Ника,Исаева
Надежда,Пахомова
Яна,Островская
Артемий,Бабушкин
Марк,Трофимов
Алексей,Шилов
Тихон,Дубов
Лидия,Дьяконова
Юрий,Лаврентьев
Евгения,Лукьянова
Богдан,Казаков
Марина,Парамонова
Наталья,Шмелева
Серафим,Щеглов
Арина,Евдокимова
Вероника,Чижова
Владислав,Шубин
Макар,Долгов
Полина,Блинова
Арсений,Суханов
Милана,Гурова
Надежда,Жилина
Матвей,Никитин
Богдан,Беликов
Алексей,Журавлев
Савелий,Кузин
Ян,Панов
Александра,Сахарова
Фёдор,Розанов
Марина,Селиванова
Святослав,Серебряков
Константин,Золотов
Ника,Кошелева
Арина,Успенская
Руслан,Архипов
Родион,Бородин
Валерий,Мартынов
Алиса,Грачева
Тихон,Савин
Маргарита,Моргунова
Борис,Афанасьев
Фёдор,Гаврилов
Кира,Суханова
Дмитрий,Барсуков
Любовь,Карташова
Лев,Петухов
Ирина,Лазарева
Василиса,Прокофьева
Матвей,Кочетов
Анастасия,Кондратова
Анна,Крылова
Александра,Столярова
Макар,Минин
Мария,Андреева
Сергей,Левин
Никита,Шапошников
Антонина,Гончарова
Кира,Иванова
Савелий,Казаков
Юрий,Лосев
Елизавета,Щукина
Ксения,Третьякова
Мария,Судакова
Ярослав,Лукин
Герман,Болдырев
Диана,Митрофанова
Макар,Колесников
Анна,Панкратова
Лидия,Вишневская
Ксения,Игнатьева
Ярослав,Меркулов
Любовь,Панова
Денис,Мальцев
Кира,Ушакова
Ева,Демидова
Кира,Кулешова
Ева,Новикова
Антон,Лаптев
Демьян,Елизаров
Пётр,Корчагин
Злата,Свешникова
Пётр,Носов
Валентина,Мельникова
Мирон,Панкратов
Артур,Чистяков
Борис,Савицкий
Ярослава,Кравцова
Артур,Беляев
Ян,Спиридонов
Павел,Маркин
Любовь,Трошина
Елена,Ушакова
Андрей,Гуляев
Александр,Устинов
Артём,Дьяконов
Борис,Ермолов
Гордей,Лаврентьев
Родион,Кондратьев
Семён,Бочаров
Денис,Козин
Полина,Латышева
Наталья,Алексеева
Арсений,Давыдов
Денис,Тарасов
Валерия,Корнева
Елизавета,Губанова
Милена,Мартынова
София,Кулагина
Валерия,Воронкова
Елена,Соколова
Виктория,Беляева
Арина,Степанова
Тимофей,Жданов
Валерия,Кольцова
Александр,Новиков
Иван,Козлов
Тихон,Голиков
София,Бондарева
Ника,Русанова
Артемий,Демин
Савва,Кукушкин
Арсений,Потапов
Роман,Артамонов
Андрей,Шапошников
Мила,Дроздова
Арина,Ситникова
Ульяна,Лазарева
Тимур,Чесноков
Тихон,Ермаков
Лидия,Ковалева
Вероника,Горшкова
Елизавета,Широкова
Мирон,Андреев
Георгий,Ильинский
Демид,Чернов
Алексей,Романов
Олеся,Русанова
Дарья,Колесова
Светлана,Серебрякова
Марат,Ефимов
Артём,Круглов
Демид,Токарев
Валерия,Воронцова
Мирослава,Корчагина
Богдан,Сорокин
Алиса,Панкова
Леонид,Егоров
Адам,Грибов
Любовь,Черепанова
Николай,Сотников
Юлия,Лукина
Игорь,Панов
Дмитрий,Петухов
Александр,Пантелеев
Матвей,Макаров
Борис,Быков
Зоя,Голованова
Марина,Авдеева
Илья,Давыдов
Макар,Парфенов
Филипп,Климов
Владислава,Севастьянова
Алина,Данилова
Савва,Степанов
Артур,Шаров
Лев,Жаров
Лев,Поликарпов
Леонид,Васильев
Семён,Верещагин
Никита,Шишкин
Илья,Гришин
Владислав,Бычков
Владимир,Белоусов
Георгий,Сорокин
Милана,Рубцова
Милена,Демидова
Семён,Булгаков
Платон,Краснов
Арсений,Сотников
Владислав,Беляков
Милана,Семенова
Елизавета,Шевцова
Милена,Овчинникова
Лидия,Кошелева
Лидия,Ушакова
Ярослав,Жданов
Даниил,Звягинцев
Филипп,Кузьмин
Лука,Овчинников
Антонина,Грекова
Юрий,Ерофеев
Марина,Григорьева
Кристина,Петровская
Злата,Шилова
Григорий,Островский
Дарья,Семина
Иван,Семин
Артём,Золотов
Георгий,Антонов
Злата,Дорофеева
Майя,Дубровина
Варвара,Барсукова
Юлия,Самойлова
София,Дмитриева
Лука,Кондрашов
Алёна,Грачева
Олеся,Королева
Алёна,Волошина
Денис,Ширяев
Марина,Зубкова
Злата,Дубова
Алиса,Гришина
Маргарита,Сычева
Полина,Зуева
Герман,Савельев
Дмитрий,Пантелеев
Роберт,Голиков
Роман,Родионов
Ксения,Безрукова
Анастасия,Потапова
Лидия,Спиридонова
Елисей,Кольцов
Вера,Русанова
Виктор,Кошелев
Алёна,Денисова
Станислав,Поликарпов
Алексей,Севастьянов
Евгений,Авдеев
Георгий,Фомичев
Ярослав,Москвин
Артём,Корольков
Андрей,Кольцов
Олег,Софронов
Савелий,Зимин
Артём,Горюнов
Надежда,Трифонова
Серафима,Третьякова
Елизавета,Филатова
Богдан,Касаткин
Всеволод,Родионов
Анастасия,Меркулова
Мирослава,Шмелева
Ирина,Черняева
Ярослав,Прокофьев
Полина,Губанова
Владимир,Орехов
Арсений,Козлов
Ксения,Демидова
Дарина,Куликова
Ангелина,Шевцова
Артемий,Максимов
Алиса,Фетисова
Антон,Тимофеев
Александр,Бондарев
Михаил,Шаров
Георгий,Бычков
Алексей,Мартынов
Родион,Стариков
Иван,Прохоров
Евгений,Постников
Пётр,Майоров
Всеволод,Карпов
Ярослава,Ильина
Кира,Софронова
Антон,Пименов
Елена,Панкова
Артемий,Кондрашов
София,Краснова
Глеб,Владимиров
Дарина,Карасева
Милана,Нечаева
Лев,Ежов
Святослав,Галкин
Ева,Жилина
Мария,Ларионова
Мия,Анохина
Кристина,Никифорова
Денис,Осипов
Мирослав,Борисов
Антон,Потапов
Станислав,Белов
Ангелина,Фокина
Ксения,Снегирева
Вероника,Козловская
Всеволод,Ульянов
Евгения,Алешина
Мила,Еремина
Кира,Бондарева
Валерия,Гаврилова
Варвара,Рябинина
Маргарита,Шаповалова
Виктор,Климов
Алексей,Яковлев
Злата,Парфенова
Алина,Бессонова
Максим,Шувалов
Алексей,Рубцов
Константин,Родионов
Марк,Бондарев
Владимир,Ефимов
Юлия,Голованова
Лука,Кузнецов
Всеволод,Герасимов
Лев,Вдовин
Варвара,Евсеева
Олег,Кондратьев
Алексей,Шувалов
Ульяна,Худякова
Степан,Глухов
Василиса,Леонова
Олег,Кочергин
Мия,Панфилова
Мирослава,Панфилова
София,Горячева
Михаил,Чижов
Елена,Яшина
Виктория,Овсянникова
Илья,Иванов
Игорь,Мешков
Кирилл,Жилин
Глеб,Москвин
Роман,Цветков
Мила,Ракова
Никита,Савин
Ярослава,Блинова
Ульяна,Романова
Дмитрий,Усов
Арсений,Столяров
Семён,Лукьянов
Николай,Хохлов
Карина,Рожкова
Ярослава,Овсянникова
Владислава,Грачева
Арсений,Воронков
Мирослава,Полякова
Серафима,Федосова
Алёна,Бочарова
Савва,Крюков
Гордей,Зайцев
Григорий,Андреев
Мирон,Фомин
Михаил,Дорохов
Алёна,Архипова
Варвара,Синицына
Николай,Булатов
Богдан,Косарев
Василий,Самсонов
Майя,Сахарова
Александра,Кондрашова
Мария,Устинова
Алиса,Ракова
Денис,Сахаров
Владислав,Золотов
Яков,Сахаров
Мирон,Болдырев
Диана,Гордеева
Денис,Ананьев
Дмитрий,Щеглов
Константин,Царев
Фёдор,Горелов
Злата,Болдырева
Григорий,Лыков
Анна,Волошина
Елизавета,Павлова
София,Коновалова
Ульяна,Власова
Артур,Горбачев
Серафима,Филатова
Тимур,Козин
Валерий,Соколов
Савелий,Одинцов
Матвей,Кононов
Егор,Губанов
Анатолий,Соколов
Полина,Туманова
Милена,Дмитриева
Мия,Ежова
Богдан,Семенов
Ян,Майоров
Мирослава,Власова
Майя,Швецова
Полина,Тихомирова
Макар,Борисов
Любовь,Трифонова
Арсений,Курочкин
Ульяна,Демьянова
Владимир,Хохлов
Василиса,Киселева
Диана,Дубова
Артемий,Фомичев
Савва,Звягинцев
Сергей,Фомин
Дмитрий,Семин
Серафим,Филиппов
Святослав,Осипов
Роман,Соловьев
Роман,Трофимов
Ева,Назарова
Мирон,Борисов
Михаил,Михеев
Ника,Старикова
Георгий,Грачев
Маргарита,Колосова
Ева,Игнатова
Матвей,Дегтярев
Валентина,Молчанова
Ярослав,Худяков
Серафим,Пономарев
Мария,Наумова
Иван,Мешков
Валерий,Рыжов
Марина,Воронина
Всеволод,Акимов
Александр,Волков
Виктор,Ефимов
Егор,Карташов
Мирон,Лапшин
Вадим,Котов
Тимур,Кукушкин
Ярослава,Куликова
Артём,Емельянов
Тихон,Дружинин
Ксения,Голубева
Андрей,Крюков
Роберт,Макеев
Алёна,Исаева
Алёна,Злобина
Маргарита,Панфилова
Георгий,Капустин
Ольга,Панкратова
Павел,Куприянов
Глеб,Малышев
Владимир,Жилин
Анна,Кочергина
Денис,Колосов
Ника,Фадеева
Глеб,Субботин
Антон,Александров
Николай,Трифонов
Артур,Карпов
Майя,Самойлова
Марина,Малахова
Мила,Зеленина
Милана,Алехина
Кирилл,Лавров
Михаил,Некрасов
Ангелина,Толкачева
Степан,Иванов
Пётр,Гуляев
Валентина,Комиссарова
Роберт,Аксенов
Николай,Дорохов
Платон,Лобанов
София,Вавилова
Григорий,Молчанов
Василиса,Фомина
Макар,Алехин
Диана,Румянцева
Валерия,Синицына
Семён,Кольцов
Вадим,Савин
Юрий,Фокин
Милана,Макарова
Артемий,Вешняков
Ярослав,Овсянников
Владислав,Краснов
Кира,Чернова
Юлия,Яшина
Виктория,Дмитриева
Олеся,Никифорова
Станислав,Носков
Никита,Фролов
Яков,Захаров
Матвей,Рогов
Тимофей,Платонов
Савва,Суворов
Елена,Муравьева
Антонина,Федорова
Ангелина,Герасимова
Георгий,Коршунов
Мирослава,Поликарпова
Дмитрий,Коршунов
Мирослава,Жарова
Елизавета,Токарева
Антонина,Сотникова
Мирослав,Головин
Семён,Ларин
Савелий,Игнатов
София,Чумакова
Вадим,Молчанов
Вероника,Суркова
Ольга,Третьякова
Тимур,Сафонов
Вероника,Золотарева
Алексей,Сотников
Степан,Беляев
Артур,Рубцов
Ольга,Быкова
Лука,Акимов
Алиса,Старикова
Владислав,Виноградов
Дмитрий,Николаев
Ксения,Серебрякова
Надежда,Лазарева
Арина,Шаповалова
Савва,Дегтярев
Надежда,Астафьева
Артур,Мешков
Никита,Кудрявцев
Глеб,Андрианов
Роберт,Лавров
Роман,Лобанов
Михаил,Андрианов
Герман,Орлов
Кристина,Юдина
Сергей,Селиванов
Павел,Севастьянов
Мирон,Никольский
Пётр,Поздняков
Мария,Никонова
Зоя,Тихомирова
Мирослав,Терентьев
Владислав,Дьяконов
Матвей,Горюнов
Владислав,Лаптев
Вячеслав,Маркин
Алёна,Шубина
Серафима,Покровская
Григорий,Вдовин
Карина,Воронкова
Татьяна,Горюнова
Никита,Макаров
Лидия,Казанцева
Борис,Морозов
Макар,Пахомов
Ярослав,Высоцкий
Станислав,Старостин
Савва,Севастьянов
Ника,Никонова
Милана,Акимова
Александра,Глушкова
Ника,Киреева
Макар,Львов
Валерия,Баранова
Кирилл,Терехов
Александра,Агеева
Антонина,Тарасова
Семён,Кузнецов
Захар,Кулешов
Святослав,Горячев
Диана,Панфилова
Анатолий,Андреев
Тимур,Ушаков
Олеся,Озерова
Ирина,Панина
София,Анисимова
Арсений,Павловский
Степан,Анохин
Роман,Колпаков
Евгений,Овсянников
Кирилл,Трифонов
Савва,Федоров
Екатерина,Горбачева
Таисия,Трофимова
Герман,Гусев
Сергей,Севастьянов
Надежда,Беляева
Мирослава,Нечаева
Юрий,Зеленин
Матвей,Ушаков
Александр,Головин
Глеб,Аникин
Ирина,Олейникова
Ксения,Федорова
Захар,Лаптев
Юлия,Балашова
Юлия,Кузина
Алиса,Николаева
Серафима,Сизова
Екатерина,Серова
Марк,Логинов
Филипп,Авдеев
Тихон,Кондрашов
Адам,Субботин
Сергей,Зорин
Василий,Анохин
Мирон,Громов
Любовь,Филиппова
Кирилл,Филатов
Олег,Селиванов
Лука,Булгаков
Елисей,Шапошников
Михаил,Коновалов
Ярослава,Алехина
Арина,Румянцева
Яков,Любимов
Алиса,Кондратьева
Злата,Зеленина
Глеб,Корнев
Ярослава,Голубева
Родион,Рудаков
Виктория,Горлова
Максим,Антипов
Марина,Сергеева
Адам,Евсеев
Тимур,Андрианов
Варвара,Прокофьева
Валерия,Фадеева
Роман,Сахаров
Роберт,Белов
Маргарита,Лебедева
Тимур,Кочетов
Любовь,Алешина
Сергей,Шувалов
Елисей,Орлов
Леонид,Кулаков
Алина,Галкина
Елена,Данилова
Артём,Воронцов
Дарья,Владимирова
Анна,Родина
Мирослава,Абрамова
Серафима,Лапина
Маргарита,Винокурова
Диана,Бессонова
Злата,Бирюкова
Руслан,Панов
Арина,Антонова
Мирон,Жданов
Леонид,Мальцев
Юлия,Рудакова
Захар,Лыков
Алина,Хромова
Яков,Игнатьев
Ярослав,Головин
Егор,Ульянов
Алиса,Лапина
Ульяна,Субботина
Вероника,Горюнова
Милена,Суслова
Владислава,Егорова
Никита,Левин
Маргарита,Рыжова
Алёна,Ермакова
Злата,Булатова
Ирина,Комарова
Полина,Наумова
Платон,Молчанов
Кирилл,Львов
Юрий,Сергеев
Анастасия,Панина
Яков,Гордеев
Александра,Сухова
Тихон,Греков
Серафима,Курочкина
Даниил,Никонов
Роман,Прохоров
Николай,Калачев
Мария,Калмыкова
Виктория,Копылова
Семён,Медведев
Демид,Шаров
Ярослава,Дорофеева
Виктор,Федоров
Ксения,Горлова
Евгений,Алехин
Кристина,Ермилова
Николай,Киселев
Андрей,Прохоров
Елисей,Кононов
Степан,Терехов
Зоя,Чистякова
Мирон,Зверев
Мирослав,Ситников
Арина,Минина
Серафима,Сидорова
Евгения,Сомова
Ева,Куприянова
Марк,Бычков
Ульяна,Большакова
Валерий,Еремин
Юлия,Коновалова
Алиса,Никитина
Алёна,Галкина
Валерия,Евдокимова
Борис,Щербаков
Ангелина,Костина
Маргарита,Волошина
Герман,Олейников
Ева,Дорохова
Игорь,Савельев
Демид,Ушаков
Таисия,Пастухова
Виктория,Вешнякова
Мирослав,Лопатин
Степан,Ермилов
Юлия,Калачева
Максим,Трифонов
Захар,Стариков
Демьян,Лебедев
Герман,Севастьянов
Ева,Ежова
Евгений,Черный
Иван,Андреев
Глеб,Агапов
Даниил,Морозов
Мирон,Виноградов
Виктор,Сорокин
Екатерина,Савицкая
Тихон,Демидов
Зоя,Колосова
Леонид,Шувалов
Максим,Худяков
Пётр,Исаев
Глеб,Максимов
Роберт,Казаков
Ольга,Некрасова
Алёна,Шилова
Леонид,Кочергин
Андрей,Горбачев
Алиса,Безрукова
Мила,Потапова
Дмитрий,Емельянов
Александр,Минин
Владислав,Логинов
Лидия,Некрасова
Дарина,Власова
Зоя,Чеснокова
Леонид,Черепанов
Марина,Еремина
Диана,Шилова
Демид,Маркин
Милана,Панкратова
Алексей,Плотников
Марат,Серов
Елена,Шаповалова
Антонина,Субботина
Ольга,Хомякова
Майя,Вешнякова
Алексей,Филатов
Злата,Константинова
Артур,Зотов
Александра,Верещагина
Никита,Воронков
Станислав,Киреев
Любовь,Артамонова
Семён,Белоусов
Богдан,Постников
Марк,Ершов
Мила,Кудрявцева
София,Медведева
Ангелина,Савельева
Пётр,Туманов
Алексей,Кондрашов
Ангелина,Баженова
Василий,Лавров
Степан,Чернышев
Тимур,Князев
Ева,Черняева
Лев,Артамонов
Степан,Горлов
Владислава,Фадеева
Лидия,Цветкова
Артемий,Покровский
Ксения,Уткина
Вадим,Кравцов
Захар,Титов
Родион,Кольцов
Яна,Артамонова
Артемий,Орлов
Любовь,Харитонова
Артём,Савицкий
Лидия,Шульгина
Лилия,Самойлова
Милана,Беляева
Андрей,Завьялов
Андрей,Зубов
Максим,Скворцов
Анна,Баранова
Варвара,Андрианова
Арсений,Рогов
Роберт,Лапин
Таисия,Пономарева
Зоя,Макеева
Василий,Леонтьев
Владислава,Юдина
Ирина,Филимонова
Глеб,Попов
Лев,Лавров
Станислав,Фомичев
Пётр,Шапошников
Александр,Зайцев
Мария,Седова
Семён,Севастьянов
Юлия,Федосова
Николай,Семенов
Ульяна,Бабушкина
Константин,Трошин
Семён,Сидоров
Дмитрий,Агафонов
Варвара,Миронова
Артемий,Зеленин
Артём,Толкачев
Кристина,Хромова
Богдан,Бычков
Роман,Медведев
Лев,Алешин
Мия,Шилова
Тимур,Минаев
Надежда,Фокина
Лидия,Бондарева
Тимофей,Блинов
Ольга,Носова
Станислав,Астафьев
Валерий,Олейников
Варвара,Казакова
Степан,Туманов
Наталья,Филатова
Ярослав,Пахомов
Ярослав,Алешин
Ольга,Никитина
Василий,Ларин
Ева,Гришина
Евгения,Долгова
Владимир,Любимов
Николай,Гладков
Николай,Баженов
Роберт,Кожевников
Мирон,Лопатин
Александра,Добрынина
Нина,Субботина
Елисей,Кондрашов
Адам,Крючков
Борис,Мартынов
Вероника,Маркелова
Тимур,Хромов
Антон,Греков
Анастасия,Максимова
Мария,Черепанова
Полина,Касьянова
Вадим,Миронов
Андрей,Широков
Борис,Комаров
Павел,Шмелев
Герман,Крылов
Валерия,Климова
Марк,Ежов
Виктор,Волков
Антонина,Зимина
Гордей,Наумов
Майя,Спиридонова
Савва,Тарасов
Александр,Шапошников
Макар,Кочетов
Святослав,Токарев
Олеся,Чернова
Вероника,Беспалова
Ульяна,Глухова
Анатолий,Балашов
Захар,Леонтьев
Валерий,Агафонов
Никита,Трофимов
Егор,Осипов
Надежда,Широкова
Дарья,Щеглова
Андрей,Комаров
Степан,Соболев
Григорий,Клюев
Павел,Федоров
Яков,Касьянов
Адам,Сурков
Адам,Шульгин
Роберт,Минин
Михаил,Абрамов
Елизавета,Царева
Матвей,Воронов
Мирон,Хромов
Анастасия,Антонова
Елизавета,Троицкая
Алексей,Кузьмин
Вадим,Антонов
Марк,Федоров
Тимур,Пантелеев
Наталья,Добрынина
Святослав,Пономарев
Артемий,Высоцкий
Елена,Демина
Ярослав,Суворов
Семён,Лапшин
Даниил,Савицкий
Леон,Олейников
Диана,Седова
Евгения,Трофимова
Мирослава,Ларионова
Таисия,Логинова
Всеволод,Панков
София,Шульгина
Яна,Швецова
Карина,Сизова
Роберт,Наумов
Таисия,Мухина
Мирослава,Николаева
Нина,Копылова
Станислав,Кочетов
Алёна,Карташова
Алина,Круглова
Егор,Завьялов
Кирилл,Горлов
Леон,Никифоров
Ирина,Судакова
Матвей,Пименов
Станислав,Латышев
Георгий,Кузьмин
Лев,Чеботарев
Василиса,Булатова
Алина,Сотникова
Антонина,Колпакова
Светлана,Кузина
Антон,Михеев
Валерия,Митрофанова
Тимур,Уткин
Илья,Цветков
Захар,Орлов
Злата,Крылова
Марк,Суслов
Владислава,Шестакова
Алексей,Спиридонов
Евгений,Шаров
Вероника,Никифорова
Анна,Чернова
Савва,Любимов
Андрей,Пирогов
Нина,Клюева
Светлана,Свиридова
Роберт,Львов
Тихон,Овсянников
Георгий,Леонов
Тихон,Князев
Ярослав,Иванов
Таисия,Аникина
Татьяна,Михеева
Артемий,Сафонов
Елисей,Киселев
Арсений,Шевелев
Виктор,Агафонов
Савелий,Козырев
Степан,Лапшин
Борис,Лыков
Олеся,Ершова
Мия,Чистякова
Светлана,Полякова
Георгий,Мешков
Вероника,Лукина
Фёдор,Одинцов
София,Троицкая
Мия,Синицына
Ольга,Короткова
Дарина,Миронова
Григорий,Александров
Максим,Аксенов
Руслан,Михайлов
Лев,Дроздов
Алина,Блинова
Глеб,Кочетков
Вадим,Кольцов
Владислава,Мешкова
Вероника,Елисеева
Константин,Суслов
Глеб,Михеев
Матвей,Корнев
Арсений,Демьянов
Иван,Беликов
Лука,Березин
Ольга,Клюева
Ксения,Парфенова
Максим,Коровин
София,Карташова
Валентина,Трошина
Георгий,Нефедов
Артур,Черкасов
Варвара,Кольцова
Серафим,Антонов
Егор,Кочетов
Глеб,Малахов
Марк,Гуров
Ульяна,Сахарова
Майя,Трошина
Кира,Кочетова
Василий,Комаров
Татьяна,Балашова
Александра,Трошина
Любовь,Бабушкина
Дмитрий,Матвеев
Савелий,Дементьев
Арсений,Устинов
Валерия,Олейникова
Семён,Аксенов
Тимур,Розанов
Ульяна,Орлова
Валентина,Полякова
Евгений,Панкратов
София,Гончарова
Татьяна,Гладкова
Майя,Сотникова
Злата,Глушкова
Вадим,Шевелев
Яков,Зуев
Артём,Кузьмин
Валерия,Беляева
Игорь,Гришин
Анна,Седова
Всеволод,Беляков
Всеволод,Анисимов
Ян,Фокин
Тимофей,Латышев
Арсений,Руднев
Варвара,Трифонова
Захар,Овчинников
Диана,Журавлева
Ангелина,Дегтярева
Ульяна,Орехова
Артур,Никулин
Евгений,Жилин
Таисия,Суворова
Всеволод,Маркелов
Егор,Лаврентьев
Борис,Моргунов
Яков,Титов
Мирослава,Семенова
Надежда,Бурова
Злата,Ситникова
Вероника,Корнеева
Святослав,Карташов
Серафим,Горохов
Милана,Пахомова
Майя,Краснова
Ярослав,Корнев
Демьян,Ульянов
Всеволод,Субботин
Зоя,Логинова
Юлия,Носкова
Полина,Михеева
Кирилл,Ларионов
Семён,Уткин
Леонид,Большаков
Андрей,Софронов
Денис,Назаров
Милана,Сахарова
Виктория,Усова
Кира,Шувалова
Артемий,Снегирев
Юрий,Трофимов
Фёдор,Русанов
Полина,Харитонова
Антонина,Бирюкова
Любовь,Дроздова
Артём,Яшин
Виктор,Троицкий
Ксения,Павлова
Юлия,Шевелева
Светлана,Зимина
Алёна,Бирюкова
Николай,Воробьев
Диана,Кондратьева
Сергей,Некрасов
Евгения,Суслова
София,Черкасова
Артемий,Фомин
Борис,Мухин
Мирон,Пастухов
Мирон,Измайлов
Артемий,Хомяков
Григорий,Трошин
Фёдор,Козловский
Майя,Корнева
Даниил,Евдокимов
Таисия,Шмелева
Вероника,Горлова
Дарья,Пономарева
Богдан,Сидоров
Вера,Пастухова
Фёдор,Петровский
Ева,Гущина
Богдан,Карташов
Алина,Жданова
Екатерина,Гордеева
Олег,Добрынин
Владислава,Головина
Максим,Краснов
Артём,Швецов
Анастасия,Панкратова
Мирон,Лобанов
Даниил,Прокофьев
Дарина,Кольцова
Ксения,Абрамова
Варвара,Лапина
Григорий,Царев
Елисей,Кулаков
Иван,Севастьянов
Евгений,Литвинов
Макар,Власов
Арсений,Суслов
София,Макарова
София,Дубова
Кира,Голикова
Елисей,Дубов
Полина,Артамонова
Дарья,Климова
Виктор,Прохоров
Игорь,Калачев
Константин,Черных
Мария,Бурова
Евгений,Рыбаков
Тимофей,Дорохов
Адам,Щербаков
Нина,Одинцова
Маргарита,Поликарпова
Вероника,Тимофеева
Роман,Березин
Александра,Кудрявцева
Арина,Булатова
Максим,Сухарев
Майя,Туманова
Егор,Рыбаков
Леонид,Дьяконов
Тихон,Попов
Руслан,Золотарев
Елена,Боброва
Валерий,Руднев
Серафим,Парфенов
Мия,Куприянова
Майя,Панфилова
Серафима,Спиридонова
Марина,Шульгина
Арсений,Астахов
Милена,Селезнева
Виктория,Еремеева
Ольга,Шевелева
Ксения,Ширяева
Матвей,Ефремов
Анастасия,Титова
Тихон,Кузин
Маргарита,Капустина
Михаил,Тарасов
Ольга,Золотова
Ярослава,Фирсова
Ярослав,Успенский
Валентина,Широкова
Елена,Костина
Николай,Верещагин
Алексей,Ульянов
Фёдор,Балашов
Адам,Галкин
Леонид,Лазарев
Елизавета,Родионова
Мирослава,Елисеева
Артур,Злобин
Арина,Чумакова
Яна,Вавилова
Святослав,Булгаков
Мирослав,Семенов
Захар,Бобров
Марат,Попов
Карина,Суслова
Михаил,Литвинов
Степан,Парамонов
Иван,Кузьмин
Михаил,Минаев
Мирослава,Капустина
Мирон,Лыков
Георгий,Скворцов
Ангелина,Митрофанова
Олег,Емельянов
Тимур,Спиридонов
Сергей,Волков
Вячеслав,Нечаев
Зоя,Леонтьева
Яна,Касьянова
Кира,Фомичева
Елисей,Демидов
Ольга,Зайцева
Валерий,Кузьмин
Владислава,Крючкова
Владимир,Кононов
Мирон,Сычев
Марина,Голикова
Роман,Калинин
Ян,Муравьев
Михаил,Кулешов
Виктор,Парамонов
Яна,Полякова
Глеб,Фомичев
Серафим,Серов
Алексей,Черкасов
Артём,Прохоров
Серафима,Дорохова
Савелий,Голованов
Павел,Мельников
Илья,Соколов
Ян,Кудряшов
Илья,Константинов
Юлия,Измайлова
Руслан,Старостин
Савелий,Мельников
Леон,Гусев
Яна,Беляева
Богдан,Пирогов
Алиса,Глухова
Тимур,Щербаков
Мария,Харитонова
Артур,Серов
Марк,Калугин
Вадим,Зверев
Диана,Спиридонова
Милана,Кулагина
Савва,Сафонов
Константин,Масленников
Адам,Зорин
Леон,Демин
Илья,Сафонов
Олег,Самсонов
Демьян,Лавров
Савелий,Алехин
Ульяна,Нечаева
Макар,Симонов
Виктор,Елизаров
Мила,Ермакова
Валерия,Парфенова
Алёна,Коршунова
Вадим,Захаров
Таисия,Литвинова
Таисия,Шестакова
Филипп,Исаков
София,Царева
Злата,Румянцева
Николай,Петухов
Георгий,Швецов
Валерий,Шубин
Ярослав,Панков
Родион,Одинцов
Валерия,Чернова
Злата,Кошелева
Захар,Зубков
Захар,Кондрашов
Арсений,Злобин
Марк,Фролов
София,Романова
Зоя,Завьялова
Тихон,Скворцов
Серафим,Краснов
Тимур,Юдин
Ярослава,Архипова
Денис,Карасев
Ярослава,Маркова
Варвара,Белова
Ярослав,Кулаков
Демьян,Уткин
Елисей,Лаврентьев
Савелий,Котов
Яков,Белов
Олег,Абрамов
Михаил,Голованов
Филипп,Сычев
Милена,Гончарова
Захар,Поляков
Полина,Столярова
Елизавета,Старостина
Тимофей,Рябов
Степан,Козырев
Савва,Ильин
Григорий,Беликов
Ирина,Харитонова
Валерия,Барсукова
Демид,Корнилов
Елена,Еремина
Семён,Гришин
Платон,Дмитриев
Виктория,Вдовина
Семён,Калачев
Алиса,Воробьева
Майя,Кузнецова
Герман,Рыбаков
Лилия,Зубкова
Елисей,Гаврилов
Александра,Давыдова
Константин,Седов
Фёдор,Алешин
Анатолий,Петухов
Матвей,Самсонов
Василий,Кузнецов
Александр,Шмелев
Артемий,Ситников
Виктория,Блохина
Вера,Максимова
Вера,Аникина
Филипп,Семенов
Артём,Давыдов
Елисей,Волков
Никита,Добрынин
Мирослав,Кулагин
Ангелина,Позднякова
Валерия,Терентьева
Сергей,Куликов
Майя,Львова
Алёна,Москвина
Алиса,Севастьянова
Глеб,Смирнов
Екатерина,Петухова
Леон,Кошелев
Владислав,Вдовин
Сергей,Громов
Игорь,Лапин
Макар,Золотарев
Тихон,Цветков
Мирослава,Суханова
Варвара,Мальцева
Гордей,Дружинин
Арсений,Попов
Захар,Кравцов
Демид,Ульянов
Богдан,Гаврилов
Александра,Ерофеева
Вадим,Прохоров
Екатерина,Рудакова
Таисия,Федосова
Валерия,Алексеева
Лука,Грачев
Святослав,Нестеров
Мирослава,Сальникова
Милена,Воронкова
Арсений,Стариков
Милана,Панова
Макар,Коршунов
Дмитрий,Соболев
Ангелина,Тихонова
Яков,Агеев
Никита,Моисеев
Адам,Балашов
Юлия,Грачева
Виктория,Овчинникова
Роман,Дмитриев
Никита,Акимов
Артур,Воронов
Павел,Третьяков
Глеб,Масленников
Лев,Крылов
Нина,Сергеева
Тимур,Кулагин
Татьяна,Седова
Тимофей,Прохоров
Тимур,Рыбаков
Елисей,Вдовин
Владимир,Киреев
Зоя,Сидорова
Борис,Свиридов
Андрей,Карпов
Егор,Малинин
Нина,Гордеева
Николай,Филимонов
Майя,Климова
Василиса,Сахарова
Ярослав,Шестаков
Юрий,Федоров
Фёдор,Демин
Роман,Козловский
Милана,Пирогова
Александр,Васильев
Максим,Белоусов
Игорь,Глебов
Филипп,Ульянов
Тимур,Золотарев
Анатолий,Шестаков
Савва,Серебряков
Леонид,Чеботарев
Фёдор,Васильев
Марина,Самойлова
Олег,Черкасов
Тимур,Дорохов
Евгений,Орлов
Варвара,Панкова
Дарья,Антипова
Зоя,Озерова
Карина,Лаптева
Гордей,Шевцов
Лидия,Хохлова
Герман,Троицкий
Елизавета,Кулакова
Юрий,Хомяков
Карина,Лебедева
Мария,Петрова
Александра,Спиридонова
София,Парамонова
Валентина,Литвинова
Карина,Егорова
Маргарита,Панкова
Майя,Лаврентьева
Михаил,Троицкий
Яна,Розанова
Зоя,Хохлова
Демьян,Колесов
Евгений,Соболев
Надежда,Коновалова
Юлия,Рыжова
Елисей,Акимов
Арина,Симонова
Михаил,Суслов
Александр,Литвинов
Юрий,Столяров
Лука,Усов
Иван,Фетисов
Роман,Лапин
Захар,Блохин
Владислав,Антипов
Денис,Румянцев
Владимир,Алешин
Глеб,Сергеев
Борис,Усов
Злата,Артамонова
Ульяна,Потапова
Тимофей,Аксенов
Иван,Авдеев
Савва,Сизов
Егор,Воронин
Елисей,Горелов
Ангелина,Воронова
Марина,Логинова
Василий,Карасев
Злата,Дементьева
Елизавета,Дроздова
Злата,Захарова
Владислава,Ларионова
Ульяна,Акимова
Виктория,Воронова
Григорий,Агапов
Артур,Губанов
Богдан,Калашников
Пётр,Терентьев
Филипп,Грачев
Борис,Блохин
Татьяна,Гусева
Яна,Лобанова
Степан,Глебов
Василий,Дубов
Ярослава,Александрова
Юрий,Баранов
Валерий,Коротков
Вячеслав,Березин
Любовь,Седова
Ульяна,Беспалова
Иван,Кондрашов
София,Спиридонова
Владимир,Платонов
Леонид,Головин
Алина,Тимофеева
Борис,Парфенов
Елена,Головина
Лука,Богомолов
Юлия,Жукова
Полина,Максимова
Богдан,Черкасов
Герман,Евсеев
Варвара,Вишневская
Максим,Климов
Григорий,Чумаков
Антонина,Крюкова
Леонид,Тарасов
Тимур,Копылов
Владимир,Кондрашов
Михаил,Сомов
Константин,Кулагин
Ирина,Титова
Тимур,Маркин
Зоя,Овчинникова
Никита,Сизов
Георгий,Толкачев
Роберт,Бородин
Всеволод,Андрианов
Мирон,Сахаров
Майя,Щербакова
Павел,Барсуков
Демьян,Львов
Виктория,Карташова
Мирон,Никитин
Вячеслав,Михеев
Серафима,Бочарова
Мия,Старостина
Михаил,Филиппов
Ульяна,Панкратова
Татьяна,Филиппова
Максим,Ильинский
Алексей,Кондратов
Наталья,Субботина
Константин,Зуев
Ян,Тихомиров
Маргарита,Сальникова
Руслан,Греков
Герман,Черных
Милана,Дьяконова
Святослав,Воронцов
Виктор,Фирсов
Ярослав,Назаров
Милана,Столярова
Кирилл,Жуков
Евгений,Бондарев
Милена,Вавилова
Артур,Захаров
Сергей,Макаров
Руслан,Терехов
Арина,Митрофанова
Святослав,Бирюков
Екатерина,Пантелеева
Демьян,Шульгин
Георгий,Хромов
Арсений,Ильинский
Макар,Царев
Василиса,Блинова
Лука,Парфенов
Мирослав,Чистяков
Мирон,Спиридонов
Игорь,Федотов
Григорий,Николаев
Пётр,Федоров
Мария,Лазарева
Алексей,Бобров
Марк,Корчагин
Любовь,Новикова
Ника,Кондратьева
Юлия,Агеева
Гордей,Некрасов
Варвара,Ершова
Алёна,Калугина
Никита,Кольцов
Денис,Калашников
Серафима,Щербакова
Злата,Шувалова
Мила,Мартынова
Тихон,Никифоров
Владислав,Устинов
Юлия,Волкова
Иван,Беляев
Василий,Федосеев
Валерия,Смирнова
Екатерина,Ракова
Злата,Барсукова
Демид,Зуев
Елисей,Ткачев
Пётр,Ширяев
Захар,Хохлов
Ян,Щукин
Злата,Лукина
Таисия,Аксенова
Всеволод,Быков
Родион,Мещеряков
Пётр,Нефедов
Лилия,Князева
Иван,Назаров
Адам,Митрофанов
Руслан,Фролов
Михаил,Петухов
Яна,Рогова
Полина,Нечаева
Андрей,Трошин
Полина,Юдина
Руслан,Игнатов
Злата,Лыкова
Захар,Беликов
Милена,Масленникова
Алёна,Панкратова
Павел,Бочаров
Родион,Трофимов
Александра,Царева
Мирослав,Кулешов
Юлия,Алешина
Глеб,Прохоров
Анастасия,Измайлова
Савелий,Кравцов
Алёна,Миронова
Максим,Сидоров
Екатерина,Фокина
Всеволод,Зеленин
Михаил,Чумаков
Дарина,Ершова
Адам,Осипов
Дарья,Позднякова
Гордей,Соболев
Надежда,Рогова
Максим,Стариков
Ирина,Дьякова
Ника,Рябова
Лев,Александров
Евгения,Волкова
Даниил,Туманов
Екатерина,Авдеева
Гордей,Крюков
Святослав,Орлов
Валерия,Ковалева
Мирослава,Фетисова
Кирилл,Агафонов
Илья,Минаев
Георгий,Егоров
Елисей,Федосеев
Надежда,Фролова
Светлана,Самсонова
Макар,Шаповалов
Александра,Денисова
Богдан,Свиридов
Глеб,Беспалов
Таисия,Ширяева
Григорий,Глухов
Алина,Пантелеева
Константин,Баранов
Олег,Евсеев
Макар,Озеров
Семён,Жданов
Сергей,Верещагин
Леон,Лаптев
Илья,Антонов
Константин,Старостин
Кира,Белоусова
Василий,Кузин
Степан,Федосов
Вера,Евдокимова
Александра,Чернова
Юлия,Шевцова
Николай,Киреев
Руслан,Голубев
Мирослав,Пименов
Святослав,Демин
Тимур,Дубов
Наталья,Сорокина
Леонид,Шубин
Валентина,Сорокина
Варвара,Долгова
Василий,Шульгин
Фёдор,Окулов
Антонина,Павловская
Иван,Лаврентьев
Евгений,Сальников
Кристина,Пастухова
Марк,Лапшин
Любовь,Короткова
Полина,Агеева
Анастасия,Розанова
Тимур,Губанов
Леонид,Круглов
Филипп,Шевцов
Тихон,Кошелев
Фёдор,Логинов
Владислав,Тихонов
Григорий,Никифоров
Владислава,Лукьянова
Надежда,Зубкова
Даниил,Зубов
Тимофей,Любимов
Игорь,Зиновьев
Алиса,Шевелева
Алина,Туманова
Нина,Ширяева
Юрий,Малахов
Владислав,Орлов
Дмитрий,Кулаков
Денис,Зайцев
Ангелина,Большакова
Адам,Исаков
Нина,Короткова
Милана,Шульгина
Богдан,Русаков
Николай,Жаров
Алексей,Комаров
Кирилл,Шмелев
Пётр,Ковалев
Алёна,Малинина
Елисей,Рубцов
Иван,Вдовин
Фёдор,Барсуков
Тимофей,Парфенов
Мирослав,Антонов
Марк,Матвеев
Валерия,Игнатьева
Елисей,Пахомов
Валерия,Серебрякова
Пётр,Карташов
Елисей,Горбачев
Гордей,Жаров
Марк,Павлов
Алексей,Рыбаков
Леонид,Жилин
Милана,Алешина
Денис,Титов
Надежда,Журавлева
Вероника,Журавлева
Полина,Жукова
Алина,Горлова
Кирилл,Зубков
Арсений,Львов
Лилия,Фомичева
Николай,Ситников
Татьяна,Демидова
Вера,Зотова
София,Астафьева
Александр,Корнилов
Майя,Черепанова
Герман,Березин
Николай,Зиновьев
Борис,Нефедов
Платон,Демин
Майя,Федосова
Алина,Самойлова
Илья,Гордеев
Валерия,Молчанова
Леонид,Столяров
Мирон,Авдеев
Серафима,Титова
Вячеслав,Терехов
Артур,Лапшин
Вадим,Никифоров
Максим,Щербаков
Ярослава,Злобина
Леонид,Пирогов
Владимир,Филимонов
Карина,Федотова
Алексей,Никитин
Дарья,Фомина
Татьяна,Щербакова
Ольга,Шишкина
Николай,Пахомов
Андрей,Куликов
Нина,Шульгина
Диана,Давыдова
Егор,Суханов
Виктор,Матвеев
Андрей,Зверев
Светлана,Коровина
Ирина,Крылова
Елизавета,Попова
Серафима,Демидова
Марат,Михеев
Роман,Корольков
Татьяна,Федотова
Всеволод,Зуев
Кирилл,Симонов
Валерия,Гордеева
Даниил,Денисов
Роберт,Крылов
Вера,Васильева
Николай,Черный
Ника,Савина
Александр,Золотов
Матвей,Спиридонов
Мирослава,Бочарова
Макар,Горюнов
Кристина,Николаева
Дарья,Кудрявцева
Адам,Жуков
Илья,Михайлов
Роберт,Виноградов
Евгения,Аникина
Руслан,Исаков
Анастасия,Фокина
Елена,Горбачева
Леонид,Седов
Анастасия,Свешникова
Семён,Кулешов
Ярослава,Вишневская
Марк,Потапов
Константин,Ерофеев
Артур,Бондарев
Дарина,Токарева
Лилия,Аксенова
Адам,Цветков
Андрей,Чумаков
Андрей,Нефедов
Фёдор,Корнеев
Мирон,Дубинин
Тимофей,Кулаков
Олеся,Воронцова
Елисей,Судаков
Владислава,Грибова
Леонид,Гущин
Антон,Ситников
Кира,Капустина
Ян,Федосеев
Мия,Муравьева
Ксения,Постникова
Ирина,Швецова
Антон,Титов
Станислав,Демьянов
Станислав,Швецов
Артём,Панков
Вероника,Вдовина
Маргарита,Борисова
Юрий,Куприянов
Лидия,Вешнякова
Павел,Акимов
Ирина,Сидорова
Даниил,Пирогов
Артём,Поляков
Вероника,Анохина
Савва,Шаров
Екатерина,Синицына
Антон,Кравцов
Артур,Черных
Светлана,Волкова
Елена,Крючкова
Ангелина,Шмелева
Платон,Севастьянов
Платон,Наумов
Борис,Панкратов
Виктория,Носова
Родион,Демидов
Руслан,Малинин
Тихон,Филиппов
Платон,Ефимов
Ника,Сафонова
Мирослава,Исаева
Марина,Устинова
Ирина,Минина
Ангелина,Семина
Наталья,Короткова
Всеволод,Демидов
Варвара,Трофимова
Ольга,Наумова
Ярослав,Ермилов
Арсений,Андрианов
Дарина,Филиппова
Светлана,Моисеева
Савелий,Куприянов
Ольга,Родина
Вера,Фокина
Родион,Успенский
Ксения,Андреева
Антонина,Дорофеева
Алиса,Емельянова
Игорь,Демьянов
Кристина,Зеленина
Ника,Зубова
Зоя,Ткачева
Таисия,Беликова
Валентина,Ершова
Злата,Колесова
Лев,Горлов
Матвей,Шмелев
Анатолий,Борисов
Елизавета,Поликарпова
Валентина,Козлова
Никита,Минин
Степан,Кононов
Диана,Леонтьева
Алиса,Фадеева
Виктория,Леонова
Дарья,Игнатьева
Павел,Королев
Борис,Голиков
Владислав,Костин
Герман,Мартынов
Анна,Давыдова
Ольга,Копылова
Мирон,Кириллов
Филипп,Аникин
Степан,Зверев
Антонина,Соловьева
Ольга,Фомина
Мирослав,Архипов
Милана,Гущина
Георгий,Черный
Василий,Булгаков
Филипп,Зорин
Вероника,Полякова
Пётр,Смирнов
Таисия,Золотова
Маргарита,Киреева
Руслан,Яшин
Ольга,Кузьмина
Карина,Сычева
Никита,Смирнов
Алексей,Руднев
Кирилл,Ермаков
Александра,Касаткина
Дарья,Зимина
Филипп,Лаптев
Злата,Ларионова
Наталья,Шубина
Лидия,Герасимова
Лев,Сотников
Владислав,Наумов
Тимур,Левин
Милена,Самсонова
Мария,Ларина
Мирослава,Никольская
Вадим,Горбачев
Виктор,Софронов
Вероника,Симонова
Майя,Тимофеева
Ника,Гордеева
Константин,Зубков
Матвей,Любимов
Юлия,Ильина
Екатерина,Мельникова
Мирослав,Широков
Денис,Наумов
Андрей,Голубев
Семён,Горелов
Дарина,Кулакова
Ярослава,Фетисова
Адам,Никитин
Михаил,Гущин
Екатерина,Кожевникова
Даниил,Анисимов
Роберт,Кондрашов
Лев,Родин
Мия,Тихомирова
Юлия,Троицкая
Фёдор,Фролов
Фёдор,Чистяков
Ангелина,Белова
Татьяна,Нечаева
Вячеслав,Верещагин
Владимир,Дегтярев
Злата,Комиссарова
Вячеслав,Воронин
Георгий,Касаткин
Михаил,Лаврентьев
Татьяна,Козырева
Станислав,Родионов
Филипп,Винокуров
Игорь,Жуков
Роман,Меркулов
Арсений,Чистяков
Милана,Щеглова
Вадим,Старостин
Диана,Емельянова
Мирослав,Долгов
Лидия,Федорова
Мила,Комарова
Арина,Козловская
Яна,Сорокина
Лев,Игнатьев
Таисия,Козырева
Елизавета,Фирсова
Тимур,Щукин
Владислав,Егоров
Денис,Трофимов
Марк,Серебряков
Таисия,Владимирова
Ксения,Киреева
Ян,Евдокимов
Платон,Игнатов
Карина,Ларионова
Святослав,Фомин
Злата,Зубова
Марина,Латышева
Лидия,Косарева
Александр,Агеев
Кристина,Рыжова
Ксения,Шувалова
Вера,Петровская
Сергей,Воронов
Владислава,Митрофанова
Евгения,Рогова
Екатерина,Терехова
Платон,Воробьев
Юрий,Быков
Богдан,Винокуров
Нина,Черепанова
Антон,Воронов
Игорь,Глухов
Антон,Гусев
Полина,Сухарева
Виктор,Кожевников
Артур,Яковлев
Мирослава,Дьяконова
Майя,Борисова
Майя,Парфенова
Мирослав,Хохлов
София,Голубева
Майя,Мухина
Милена,Левина
Юлия,Кошелева
Зоя,Климова
Ева,Фролова
Марина,Чумакова
Василий,Зубов
Владислава,Воронцова
Анна,Гурова
Мирослав,Петухов
Леон,Евдокимов
Лев,Фадеев
Ирина,Болдырева
Алина,Наумова
Всеволод,Бондарев
Семён,Исаев
Серафима,Романова
Макар,Мещеряков
Вера,Игнатова
Григорий,Вишневский
Руслан,Трофимов
Виктория,Демьянова
Лев,Румянцев
Вячеслав,Кириллов
Юрий,Окулов
Виктор,Нефедов
Родион,Чернышев
Любовь,Антонова
Юлия,Сычева
Полина,Черняева
Евгений,Дубинин
Мирон,Фокин
Майя,Пономарева
Евгений,Одинцов
Герман,Чесноков
Серафим,Козловский
Полина,Мальцева
София,Воронова
Владислав,Бабушкин
Анастасия,Александрова
Евгения,Плотникова
Матвей,Щеглов
Леонид,Поляков
Полина,Горбачева
Мирослава,Малышева
Александр,Звягинцев
Кира,Федосова
Сергей,Серебряков
Анастасия,Круглова
Алёна,Столярова
Милена,Титова
Ульяна,Копылова
Герман,Макаров
Ксения,Губанова
Дарина,Зиновьева
Милана,Зыкова
Игорь,Ларионов
Ксения,Сорокина
Вадим,Агеев
Злата,Гущина
Михаил,Трошин
Владимир,Кочергин
Лилия,Александрова
Пётр,Антонов
Алексей,Муравьев
Захар,Захаров
Любовь,Блинова
Савелий,Сахаров
Иван,Кукушкин
Валентина,Гришина
Георгий,Еремин
Игорь,Власов
Василий,Серов
Василий,Сотников
Тихон,Чернышев
Вера,Шмелева
Роберт,Глебов
Михаил,Блохин
Олеся,Терентьева
Таисия,Полякова
Игорь,Сергеев
Екатерина,Куприянова
Ангелина,Астафьева
Ольга,Лосева
Григорий,Кошелев
Андрей,Кузнецов
Серафим,Юдин
Мирослава,Денисова
Дмитрий,Касаткин
Лев,Харитонов
Тимур,Родин
Савелий,Фокин
Ульяна,Рыжова
Мия,Фирсова
Пётр,Савин
Никита,Самойлов
Сергей,Николаев
Ника,Русакова
Валентина,Щеглова
Валерия,Богданова
Марк,Жаров
Вадим,Коротков
Святослав,Рудаков
Мария,Дубова
Марк,Большаков
Серафима,Гущина
Елизавета,Блохина
Зоя,Александрова
Тимур,Прокофьев
Артур,Бессонов
Евгений,Левин
Владислава,Костина
Елизавета,Кудрявцева
Светлана,Маркина
Анна,Пугачева
Сергей,Озеров
Максим,Вдовин
Диана,Потапова
Марина,Коршунова
Артемий,Ларин
Алексей,Пименов
Юлия,Субботина
Василиса,Глухова
Игорь,Громов
Константин,Яшин
София,Сальникова
Артём,Лаврентьев
Елисей,Масленников
Анастасия,Тарасова
Алёна,Парфенова
Злата,Кулешова
Милана,Сазонова
Александр,Сазонов
Мила,Смирнова
Марк,Коровин
Михаил,Хохлов
Александр,Круглов
Мирослава,Спиридонова
Марк,Поляков
Ольга,Самойлова
Елизавета,Романова
Юлия,Русанова
Диана,Павлова
Григорий,Макеев
Руслан,Авдеев
Тимур,Скворцов
Пётр,Севастьянов
Анастасия,Шмелева
Варвара,Константинова
Елисей,Поляков
Ника,Маркова
Владислав,Гончаров
Алина,Золотарева
Вячеслав,Гущин
Пётр,Крюков
Дарина,Савина
Анна,Исакова
Михаил,Соболев
Роман,Аксенов
Никита,Вавилов
Наталья,Грачева
Ангелина,Горелова
Святослав,Глушков
Владимир,Сергеев
Роман,Сидоров
Иван,Агеев
Владимир,Жуков
Илья,Комаров
Герман,Овчинников
Юрий,Леонов
Родион,Шмелев
Даниил,Аксенов
Дмитрий,Фирсов
Савелий,Щукин
Лев,Кудрявцев
Даниил,Кукушкин
Любовь,Гущина
Александра,Никитина
Лев,Андрианов
Владислав,Соболев
Вадим,Ткачев
Серафима,Соловьева
Варвара,Калугина
Тимур,Беляков
Мия,Горохова
Кристина,Булатова
Ярослав,Масленников
Вадим,Шишкин
Сергей,Меркулов
Алексей,Кондратьев
Мария,Миронова
Таисия,Дементьева
Алексей,Копылов
Дарина,Золотова
Юрий,Воробьев
Ирина,Ткачева
Екатерина,Бессонова
Диана,Морозова
Ангелина,Комарова
Дарина,Тарасова
Евгения,Нестерова
Ева,Кочергина
Вера,Куприянова
Елисей,Егоров
Григорий,Зверев
Павел,Волков
Григорий,Белов
Лука,Рогов
Ангелина,Сычева
Дарина,Афанасьева
Диана,Чистякова
Олеся,Павловская
Вера,Олейникова
Лев,Черный
Николай,Фирсов
Мирон,Парфенов
Алиса,Корнеева
Антон,Савельев
Матвей,Киреев
Марина,Соколова
Адам,Жаров
Ирина,Медведева
Лука,Спиридонов
Фёдор,Сомов
Леонид,Алексеев
Демид,Золотов
Тимофей,Кукушкин
Милана,Колосова
Игорь,Рубцов
Руслан,Максимов
Елизавета,Судакова
Карина,Касьянова
Елизавета,Шмелева
Надежда,Лаптева
Тимур,Масленников
Милена,Лобанова
Юрий,Елизаров
Евгения,Федотова
Павел,Мартынов
Богдан,Беляков
Степан,Лазарев
Алиса,Акимова
Михаил,Барсуков
